grid_id,cell_number,row,col,centroid_lat,centroid_lon,minlat,maxlat,minlon,maxlon,area_km2,cell_type,location_name,lcality,dist1rict,province,formatted_address,locality,district
grid_0_0,0,0,0,5.871954954954954,79.63703684901137,5.82690990990991,5.917,79.59156202152421,79.6825116764985,100.31754337307449,ocean,Indian Ocean,,,N/A,Indian Ocean,Ocean,N/A
grid_0_1,1,0,1,5.871954954954954,79.72798650398566,5.82690990990991,5.917,79.6825116764985,79.7734613314728,100.31024734390212,ocean,Indian Ocean,,,N/A,Indian Ocean,Ocean,N/A
grid_0_2,2,0,2,5.871954954954954,79.81893615895994,5.82690990990991,5.917,79.7734613314728,79.8644109864471,100.30345561324516,ocean,Indian Ocean,,,N/A,Indian Ocean,Ocean,N/A
grid_0_3,3,0,3,5.871954954954954,79.90988581393422,5.82690990990991,5.917,79.86441098644708,79.95536064142138,100.2971680448794,ocean,Indian Ocean,,,N/A,Indian Ocean,Ocean,N/A
grid_0_4,4,0,4,5.871954954954954,80.00083546890852,5.82690990990991,5.917,79.95536064142138,80.04631029639567,100.2913845127866,ocean,Indian Ocean,,,N/A,Indian Ocean,Ocean,N/A
grid_0_5,5,0,5,5.871954954954954,80.09178512388283,5.82690990990991,5.917,80.04631029639567,80.13725995136997,100.2861049010266,ocean,Indian Ocean,,,N/A,Indian Ocean,Ocean,N/A
grid_0_6,6,0,6,5.871954954954954,80.18273477885711,5.82690990990991,5.917,80.13725995136997,80.22820960634427,100.28132910372138,ocean,Indian Ocean,,,N/A,Indian Ocean,Ocean,N/A
grid_0_7,7,0,7,5.871954954954954,80.2736844338314,5.82690990990991,5.917,80.22820960634427,80.31915926131856,100.27705702518791,ocean,Indian Ocean,,,N/A,Indian Ocean,Ocean,N/A
grid_0_8,8,0,8,5.871954954954954,80.36463408880569,5.82690990990991,5.917,80.31915926131855,80.41010891629284,100.27328857980264,ocean,Indian Ocean,,,N/A,Indian Ocean,Ocean,N/A
grid_0_9,9,0,9,5.871954954954954,80.45558374377998,5.82690990990991,5.917,80.41010891629284,80.50105857126714,100.27002369199684,ocean,Indian Ocean,,,N/A,Indian Ocean,Ocean,N/A
grid_0_10,10,0,10,5.871954954954954,80.54653339875429,5.82690990990991,5.917,80.50105857126714,80.59200822624143,100.267262296382,ocean,Indian Ocean,,,N/A,Indian Ocean,Ocean,N/A
grid_0_11,11,0,11,5.871954954954954,80.63748305372857,5.82690990990991,5.917,80.59200822624143,80.68295788121573,100.26500433762344,ocean,Indian Ocean,,,N/A,Indian Ocean,Ocean,N/A
grid_0_12,12,0,12,5.871954954954954,80.72843270870285,5.82690990990991,5.917,80.68295788121571,80.77390753619001,100.26324977042982,ocean,Indian Ocean,,,N/A,Indian Ocean,Ocean,N/A
grid_0_13,13,0,13,5.871954954954954,80.81938236367716,5.82690990990991,5.917,80.77390753619001,80.8648571911643,100.26199855968731,ocean,Indian Ocean,,,N/A,Indian Ocean,Ocean,N/A
grid_0_14,14,0,14,5.871954954954954,80.91033201865146,5.82690990990991,5.917,80.8648571911643,80.9558068461386,100.26125068032285,ocean,Indian Ocean,,,N/A,Indian Ocean,Ocean,N/A
grid_0_15,15,0,15,5.871954954954954,81.00128167362574,5.82690990990991,5.917,80.9558068461386,81.0467565011129,100.26100611730796,ocean,Indian Ocean,,,N/A,Indian Ocean,Ocean,N/A
grid_0_16,16,0,16,5.871954954954954,81.09223132860005,5.82690990990991,5.917,81.0467565011129,81.13770615608719,100.26126486578536,ocean,Indian Ocean,,,N/A,Indian Ocean,Ocean,N/A
grid_0_17,17,0,17,5.871954954954954,81.18318098357432,5.82690990990991,5.917,81.13770615608718,81.22865581106147,100.26202693093956,ocean,Indian Ocean,,,N/A,Indian Ocean,Ocean,N/A
grid_0_18,18,0,18,5.871954954954954,81.27413063854861,5.82690990990991,5.917,81.22865581106147,81.31960546603577,100.263292327999,ocean,Indian Ocean,,,N/A,Indian Ocean,Ocean,N/A
grid_0_19,19,0,19,5.871954954954954,81.36508029352292,5.82690990990991,5.917,81.31960546603577,81.41055512101006,100.2650610823608,ocean,Indian Ocean,,,N/A,Indian Ocean,Ocean,N/A
grid_0_20,20,0,20,5.871954954954954,81.45602994849723,5.82690990990991,5.917,81.41055512101006,81.50150477598436,100.26733322946632,ocean,Indian Ocean,,,N/A,Indian Ocean,Ocean,N/A
grid_0_21,21,0,21,5.871954954954954,81.5469796034715,5.82690990990991,5.917,81.50150477598436,81.59245443095865,100.27010881480638,ocean,Indian Ocean,,,N/A,Indian Ocean,Ocean,N/A
grid_0_22,22,0,22,5.871954954954954,81.63792925844578,5.82690990990991,5.917,81.59245443095864,81.68340408593293,100.2733878940458,ocean,Indian Ocean,,,N/A,Indian Ocean,Ocean,N/A
grid_0_23,23,0,23,5.871954954954954,81.72887891342009,5.82690990990991,5.917,81.68340408593293,81.77435374090723,100.27717053289857,ocean,Indian Ocean,,,N/A,Indian Ocean,Ocean,N/A
grid_0_24,24,0,24,5.871954954954954,81.81982856839437,5.82690990990991,5.917,81.77435374090723,81.86530339588153,100.28145680712969,ocean,Indian Ocean,,,N/A,Indian Ocean,Ocean,N/A
grid_0_25,25,0,25,5.871954954954954,81.9107782233687,5.82690990990991,5.917,81.86530339588153,81.95625305085582,100.28624680269137,ocean,Indian Ocean,,,N/A,Indian Ocean,Ocean,N/A
grid_0_26,26,0,26,5.871954954954954,82.00172787834296,5.82690990990991,5.917,81.95625305085582,82.04720270583012,100.29154061559684,ocean,Indian Ocean,,,N/A,Indian Ocean,Ocean,N/A
grid_1_0,27,1,0,5.962045045045044,79.63703684901137,5.917,6.00709009009009,79.59156202152421,79.6825116764985,100.30161143221508,ocean,Indian Ocean,,,N/A,Indian Ocean,Ocean,N/A
grid_1_1,28,1,1,5.962045045045044,79.72798650398566,5.917,6.00709009009009,79.6825116764985,79.7734613314728,100.29431895587508,ocean,Indian Ocean,,,N/A,Indian Ocean,Ocean,N/A
grid_1_2,29,1,2,5.962045045045044,79.81893615895994,5.917,6.00709009009009,79.7734613314728,79.8644109864471,100.28753053216086,ocean,Indian Ocean,,,N/A,Indian Ocean,Ocean,N/A
grid_1_3,30,1,3,5.962045045045044,79.90988581393422,5.917,6.00709009009009,79.86441098644708,79.95536064142138,100.28124602498876,ocean,Indian Ocean,,,N/A,Indian Ocean,Ocean,N/A
grid_1_4,31,1,4,5.962045045045044,80.00083546890852,5.917,6.00709009009009,79.95536064142138,80.04631029639567,100.27546530846116,ocean,Indian Ocean,,,N/A,Indian Ocean,Ocean,N/A
grid_1_5,32,1,5,5.962045045045044,80.09178512388283,5.917,6.00709009009009,80.04631029639567,80.13725995136997,100.27018826674926,ocean,Indian Ocean,,,N/A,Indian Ocean,Ocean,N/A
grid_1_6,33,1,6,5.962045045045044,80.18273477885711,5.917,6.00709009009009,80.13725995136997,80.22820960634427,100.2654147940837,ocean,Indian Ocean,,,N/A,Indian Ocean,Ocean,N/A
grid_1_7,34,1,7,5.962045045045044,80.2736844338314,5.917,6.00709009009009,80.22820960634427,80.31915926131856,100.2611447948734,ocean,Indian Ocean,,,N/A,Indian Ocean,Ocean,N/A
grid_1_8,35,1,8,5.962045045045044,80.36463408880569,5.917,6.00709009009009,80.31915926131855,80.41010891629284,100.25737818357987,coastal,Unknown,,,,,,Unknown
grid_1_9,36,1,9,5.962045045045044,80.45558374377998,5.917,6.00709009009009,80.41010891629284,80.50105857126714,100.25411488471138,coastal,Unknown,,,,,,Unknown
grid_1_10,37,1,10,5.962045045045044,80.54653339875429,5.917,6.00709009009009,80.50105857126714,80.59200822624143,100.2513548329427,ocean,Indian Ocean,,,N/A,Indian Ocean,Ocean,N/A
grid_1_11,38,1,11,5.962045045045044,80.63748305372857,5.917,6.00709009009009,80.59200822624143,80.68295788121573,100.24909797299324,ocean,Indian Ocean,,,N/A,Indian Ocean,Ocean,N/A
grid_1_12,39,1,12,5.962045045045044,80.72843270870285,5.917,6.00709009009009,80.68295788121571,80.77390753619001,100.24734425961556,ocean,Indian Ocean,,,N/A,Indian Ocean,Ocean,N/A
grid_1_13,40,1,13,5.962045045045044,80.81938236367716,5.917,6.00709009009009,80.77390753619001,80.8648571911643,100.24609365772848,ocean,Indian Ocean,,,N/A,Indian Ocean,Ocean,N/A
grid_1_14,41,1,14,5.962045045045044,80.91033201865146,5.917,6.00709009009009,80.8648571911643,80.9558068461386,100.24534614228745,ocean,Indian Ocean,,,N/A,Indian Ocean,Ocean,N/A
grid_1_15,42,1,15,5.962045045045044,81.00128167362574,5.917,6.00709009009009,80.9558068461386,81.0467565011129,100.24510169827842,ocean,Indian Ocean,,,N/A,Indian Ocean,Ocean,N/A
grid_1_16,43,1,16,5.962045045045044,81.09223132860005,5.917,6.00709009009009,81.0467565011129,81.13770615608719,100.24536032084772,ocean,Indian Ocean,,,N/A,Indian Ocean,Ocean,N/A
grid_1_17,44,1,17,5.962045045045044,81.18318098357432,5.917,6.00709009009009,81.13770615608718,81.22865581106147,100.24612201517516,ocean,Indian Ocean,,,N/A,Indian Ocean,Ocean,N/A
grid_1_18,45,1,18,5.962045045045044,81.27413063854861,5.917,6.00709009009009,81.22865581106147,81.31960546603577,100.24738679647396,ocean,Indian Ocean,,,N/A,Indian Ocean,Ocean,N/A
grid_1_19,46,1,19,5.962045045045044,81.36508029352292,5.917,6.00709009009009,81.31960546603577,81.41055512101006,100.24915469011616,ocean,Indian Ocean,,,N/A,Indian Ocean,Ocean,N/A
grid_1_20,47,1,20,5.962045045045044,81.45602994849723,5.917,6.00709009009009,81.41055512101006,81.50150477598436,100.25142573150862,ocean,Indian Ocean,,,N/A,Indian Ocean,Ocean,N/A
grid_1_21,48,1,21,5.962045045045044,81.5469796034715,5.917,6.00709009009009,81.50150477598436,81.59245443095865,100.25419996609736,ocean,Indian Ocean,,,N/A,Indian Ocean,Ocean,N/A
grid_1_22,49,1,22,5.962045045045044,81.63792925844578,5.917,6.00709009009009,81.59245443095864,81.68340408593293,100.25747744949123,ocean,Indian Ocean,,,N/A,Indian Ocean,Ocean,N/A
grid_1_23,50,1,23,5.962045045045044,81.72887891342009,5.917,6.00709009009009,81.68340408593293,81.77435374090723,100.26125824733856,ocean,Indian Ocean,,,N/A,Indian Ocean,Ocean,N/A
grid_1_24,51,1,24,5.962045045045044,81.81982856839437,5.917,6.00709009009009,81.77435374090723,81.86530339588153,100.26554243533272,ocean,Indian Ocean,,,N/A,Indian Ocean,Ocean,N/A
grid_1_25,52,1,25,5.962045045045044,81.9107782233687,5.917,6.00709009009009,81.86530339588153,81.95625305085582,100.27033009934236,ocean,Indian Ocean,,,N/A,Indian Ocean,Ocean,N/A
grid_1_26,53,1,26,5.962045045045044,82.00172787834296,5.917,6.00709009009009,81.95625305085582,82.04720270583012,100.27562133527888,ocean,Indian Ocean,,,N/A,Indian Ocean,Ocean,N/A
grid_2_0,54,2,0,6.052135135135135,79.63703684901137,6.00709009009009,6.09718018018018,79.59156202152421,79.6825116764985,100.2854375956963,ocean,Indian Ocean,,,N/A,Indian Ocean,Ocean,N/A
grid_2_1,55,2,1,6.052135135135135,79.72798650398566,6.00709009009009,6.09718018018018,79.6825116764985,79.7734613314728,100.2781487249126,ocean,Indian Ocean,,,N/A,Indian Ocean,Ocean,N/A
grid_2_2,56,2,2,6.052135135135135,79.81893615895994,6.00709009009009,6.09718018018018,79.7734613314728,79.8644109864471,100.27136365721896,ocean,Indian Ocean,,,N/A,Indian Ocean,Ocean,N/A
grid_2_3,57,2,3,6.052135135135135,79.90988581393422,6.00709009009009,6.09718018018018,79.86441098644708,79.95536064142138,100.2650822566656,ocean,Indian Ocean,,,N/A,Indian Ocean,Ocean,N/A
grid_2_4,58,2,4,6.052135135135135,80.00083546890852,6.00709009009009,6.09718018018018,79.95536064142138,80.04631029639567,100.2593043974831,ocean,Indian Ocean,,,N/A,Indian Ocean,Ocean,N/A
grid_2_5,59,2,5,6.052135135135135,80.09178512388283,6.00709009009009,6.09718018018018,80.04631029639567,80.13725995136997,100.25402996396114,ocean,Indian Ocean,,,N/A,Indian Ocean,Ocean,N/A
grid_2_6,60,2,6,6.052135135135135,80.18273477885711,6.00709009009009,6.09718018018018,80.13725995136997,80.22820960634427,100.24925885043352,ocean,Indian Ocean,,,N/A,Indian Ocean,Ocean,N/A
grid_2_7,61,2,7,6.052135135135135,80.2736844338314,6.00709009009009,6.09718018018018,80.22820960634427,80.31915926131856,100.2449909614068,coastal,Unknown,,,,,,Unknown
grid_2_8,62,2,8,6.052135135135135,80.36463408880569,6.00709009009009,6.09718018018018,80.31915926131855,80.41010891629284,100.24122621142617,coastal,Unknown,,,,,,Unknown
grid_2_9,63,2,9,6.052135135135135,80.45558374377998,6.00709009009009,6.09718018018018,80.41010891629284,80.50105857126714,100.2379645250748,coastal,Unknown,,,,,,Unknown
grid_2_10,64,2,10,6.052135135135135,80.54653339875429,6.00709009009009,6.09718018018018,80.50105857126714,80.59200822624143,100.2352058370944,coastal,Unknown,,,,,,Unknown
grid_2_11,65,2,11,6.052135135135135,80.63748305372857,6.00709009009009,6.09718018018018,80.59200822624143,80.68295788121573,100.2329500922569,coastal,Unknown,,,,,,Unknown
grid_2_12,66,2,12,6.052135135135135,80.72843270870285,6.00709009009009,6.09718018018018,80.68295788121571,80.77390753619001,100.23119724536502,coastal,Unknown,,,,,,Unknown
grid_2_13,67,2,13,6.052135135135135,80.81938236367716,6.00709009009009,6.09718018018018,80.77390753619001,80.8648571911643,100.22994726137242,coastal,Unknown,,,,,,Unknown
grid_2_14,68,2,14,6.052135135135135,80.91033201865146,6.00709009009009,6.09718018018018,80.8648571911643,80.9558068461386,100.22920011525665,ocean,Indian Ocean,,,N/A,Indian Ocean,Ocean,N/A
grid_2_15,69,2,15,6.052135135135135,81.00128167362574,6.00709009009009,6.09718018018018,80.9558068461386,81.0467565011129,100.2289557920189,ocean,Indian Ocean,,,N/A,Indian Ocean,Ocean,N/A
grid_2_16,70,2,16,6.052135135135135,81.09223132860005,6.00709009009009,6.09718018018018,81.0467565011129,81.13770615608719,100.229214286812,ocean,Indian Ocean,,,N/A,Indian Ocean,Ocean,N/A
grid_2_17,71,2,17,6.052135135135135,81.18318098357432,6.00709009009009,6.09718018018018,81.13770615608718,81.22865581106147,100.22997560480898,ocean,Indian Ocean,,,N/A,Indian Ocean,Ocean,N/A
grid_2_18,72,2,18,6.052135135135135,81.27413063854861,6.00709009009009,6.09718018018018,81.22865581106147,81.31960546603577,100.23123976120736,ocean,Indian Ocean,,,N/A,Indian Ocean,Ocean,N/A
grid_2_19,73,2,19,6.052135135135135,81.36508029352292,6.00709009009009,6.09718018018018,81.31960546603577,81.41055512101006,100.2330067813574,ocean,Indian Ocean,,,N/A,Indian Ocean,Ocean,N/A
grid_2_20,74,2,20,6.052135135135135,81.45602994849723,6.00709009009009,6.09718018018018,81.41055512101006,81.50150477598436,100.23527670062684,ocean,Indian Ocean,,,N/A,Indian Ocean,Ocean,N/A
grid_2_21,75,2,21,6.052135135135135,81.5469796034715,6.00709009009009,6.09718018018018,81.50150477598436,81.59245443095865,100.23804956441826,ocean,Indian Ocean,,,N/A,Indian Ocean,Ocean,N/A
grid_2_22,76,2,22,6.052135135135135,81.63792925844578,6.00709009009009,6.09718018018018,81.59245443095864,81.68340408593293,100.24132542828288,ocean,Indian Ocean,,,N/A,Indian Ocean,Ocean,N/A
grid_2_23,77,2,23,6.052135135135135,81.72887891342009,6.00709009009009,6.09718018018018,81.68340408593293,81.77435374090723,100.24510435780589,ocean,Indian Ocean,,,N/A,Indian Ocean,Ocean,N/A
grid_2_24,78,2,24,6.052135135135135,81.81982856839437,6.00709009009009,6.09718018018018,81.77435374090723,81.86530339588153,100.2493864286035,ocean,Indian Ocean,,,N/A,Indian Ocean,Ocean,N/A
grid_2_25,79,2,25,6.052135135135135,81.9107782233687,6.00709009009009,6.09718018018018,81.86530339588153,81.95625305085582,100.25417172645632,ocean,Indian Ocean,,,N/A,Indian Ocean,Ocean,N/A
grid_2_26,80,2,26,6.052135135135135,82.00172787834296,6.00709009009009,6.09718018018018,81.95625305085582,82.04720270583012,100.25946034718288,ocean,Indian Ocean,,,N/A,Indian Ocean,Ocean,N/A
grid_3_0,81,3,0,6.142225225225225,79.63703684901137,6.09718018018018,6.18727027027027,79.59156202152421,79.6825116764985,100.26902189430552,ocean,Indian Ocean,,,N/A,Indian Ocean,Ocean,N/A
grid_3_1,82,3,1,6.142225225225225,79.72798650398566,6.09718018018018,6.18727027027027,79.6825116764985,79.7734613314728,100.26173668173912,ocean,Indian Ocean,,,N/A,Indian Ocean,Ocean,N/A
grid_3_2,83,3,2,6.142225225225225,79.81893615895994,6.09718018018018,6.18727027027027,79.7734613314728,79.8644109864471,100.25495501908402,ocean,Indian Ocean,,,N/A,Indian Ocean,Ocean,N/A
grid_3_3,84,3,3,6.142225225225225,79.90988581393422,6.09718018018018,6.18727027027027,79.86441098644708,79.95536064142138,100.24867677052538,ocean,Indian Ocean,,,N/A,Indian Ocean,Ocean,N/A
grid_3_4,85,3,4,6.142225225225225,80.00083546890852,6.09718018018018,6.18727027027027,79.95536064142138,80.04631029639567,100.24290181042548,ocean,Indian Ocean,,,N/A,Indian Ocean,Ocean,N/A
grid_3_5,86,3,5,6.142225225225225,80.09178512388283,6.09718018018018,6.18727027027027,80.04631029639567,80.13725995136997,100.2376300231878,ocean,Indian Ocean,,,N/A,Indian Ocean,Ocean,N/A
grid_3_6,87,3,6,6.142225225225225,80.18273477885711,6.09718018018018,6.18727027027027,80.13725995136997,80.22820960634427,100.2328613032554,coastal,Unknown,,,,,,Unknown
grid_3_7,88,3,7,6.142225225225225,80.2736844338314,6.09718018018018,6.18727027027027,80.22820960634427,80.31915926131856,100.22859555523266,coastal,Unknown,,,,,,Unknown
grid_3_8,89,3,8,6.142225225225225,80.36463408880569,6.09718018018018,6.18727027027027,80.31915926131855,80.41010891629284,100.22483269375076,land,Unknown,,,,,,Unknown
grid_3_9,90,3,9,6.142225225225225,80.45558374377998,6.09718018018018,6.18727027027027,80.41010891629284,80.50105857126714,100.2215726434698,land,Unknown,,,,,,Unknown
grid_3_10,91,3,10,6.142225225225225,80.54653339875429,6.09718018018018,6.18727027027027,80.50105857126714,80.59200822624143,100.21881533919732,land,Unknown,,,,,,Unknown
grid_3_11,92,3,11,6.142225225225225,80.63748305372857,6.09718018018018,6.18727027027027,80.59200822624143,80.68295788121573,100.21656072576364,land,Unknown,,,,,,Unknown
grid_3_12,93,3,12,6.142225225225225,80.72843270870285,6.09718018018018,6.18727027027027,80.68295788121571,80.77390753619001,100.2148087580154,land,Unknown,,,,,,Unknown
grid_3_13,94,3,13,6.142225225225225,80.81938236367716,6.09718018018018,6.18727027027027,80.77390753619001,80.8648571911643,100.21355940094077,coastal,Unknown,,,,,,Unknown
grid_3_14,95,3,14,6.142225225225225,80.91033201865146,6.09718018018018,6.18727027027027,80.8648571911643,80.9558068461386,100.21281262954332,coastal,Unknown,,,,,,Unknown
grid_3_15,96,3,15,6.142225225225225,81.00128167362574,6.09718018018018,6.18727027027027,80.9558068461386,81.0467565011129,100.21256842884124,coastal,Unknown,,,,,,Unknown
grid_3_16,97,3,16,6.142225225225225,81.09223132860005,6.09718018018018,6.18727027027027,81.0467565011129,81.13770615608719,100.21282679399091,coastal,Unknown,,,,,,Unknown
grid_3_17,98,3,17,6.142225225225225,81.18318098357432,6.09718018018018,6.18727027027027,81.13770615608718,81.22865581106147,100.21358773016104,coastal,Unknown,,,,,,Unknown
grid_3_18,99,3,18,6.142225225225225,81.27413063854861,6.09718018018018,6.18727027027027,81.22865581106147,81.31960546603577,100.21485125253332,ocean,Indian Ocean,,,N/A,Indian Ocean,Ocean,N/A
grid_3_19,100,3,19,6.142225225225225,81.36508029352292,6.09718018018018,6.18727027027027,81.31960546603577,81.41055512101006,100.21661738643006,ocean,Indian Ocean,,,N/A,Indian Ocean,Ocean,N/A
grid_3_20,101,3,20,6.142225225225225,81.45602994849723,6.09718018018018,6.18727027027027,81.41055512101006,81.50150477598436,100.2188861671874,ocean,Indian Ocean,,,N/A,Indian Ocean,Ocean,N/A
grid_3_21,102,3,21,6.142225225225225,81.5469796034715,6.09718018018018,6.18727027027027,81.50150477598436,81.59245443095865,100.22165764015888,ocean,Indian Ocean,,,N/A,Indian Ocean,Ocean,N/A
grid_3_22,103,3,22,6.142225225225225,81.63792925844578,6.09718018018018,6.18727027027027,81.59245443095864,81.68340408593293,100.22493186083992,ocean,Indian Ocean,,,N/A,Indian Ocean,Ocean,N/A
grid_3_23,104,3,23,6.142225225225225,81.72887891342009,6.09718018018018,6.18727027027027,81.68340408593293,81.77435374090723,100.22870889474709,ocean,Indian Ocean,,,N/A,Indian Ocean,Ocean,N/A
grid_3_24,105,3,24,6.142225225225225,81.81982856839437,6.09718018018018,6.18727027027027,81.77435374090723,81.86530339588153,100.23298881742171,ocean,Indian Ocean,,,N/A,Indian Ocean,Ocean,N/A
grid_3_25,106,3,25,6.142225225225225,81.9107782233687,6.09718018018018,6.18727027027027,81.86530339588153,81.95625305085582,100.23777171455863,ocean,Indian Ocean,,,N/A,Indian Ocean,Ocean,N/A
grid_3_26,107,3,26,6.142225225225225,82.00172787834296,6.09718018018018,6.18727027027027,81.95625305085582,82.04720270583012,100.24305768188016,ocean,Indian Ocean,,,N/A,Indian Ocean,Ocean,N/A
grid_4_0,108,4,0,6.232315315315315,79.63703684901137,6.18727027027027,6.27736036036036,79.59156202152421,79.6825116764985,100.25236435929196,ocean,Indian Ocean,,,N/A,Indian Ocean,Ocean,N/A
grid_4_1,109,4,1,6.232315315315315,79.72798650398566,6.18727027027027,6.27736036036036,79.6825116764985,79.7734613314728,100.24508285754376,ocean,Indian Ocean,,,N/A,Indian Ocean,Ocean,N/A
grid_4_2,110,4,2,6.232315315315315,79.81893615895994,6.18727027027027,6.27736036036036,79.7734613314728,79.8644109864471,100.23830464888452,ocean,Indian Ocean,,,N/A,Indian Ocean,Ocean,N/A
grid_4_3,111,4,3,6.232315315315315,79.90988581393422,6.18727027027027,6.27736036036036,79.86441098644708,79.95536064142138,100.23202959764188,ocean,Indian Ocean,,,N/A,Indian Ocean,Ocean,N/A
grid_4_4,112,4,4,6.232315315315315,80.00083546890852,6.18727027027027,6.27736036036036,79.95536064142138,80.04631029639567,100.22625757830852,ocean,Indian Ocean,,,N/A,Indian Ocean,Ocean,N/A
grid_4_5,113,4,5,6.232315315315315,80.09178512388283,6.18727027027027,6.27736036036036,80.04631029639567,80.13725995136997,100.2209884754066,ocean,Indian Ocean,,,N/A,Indian Ocean,Ocean,N/A
grid_4_6,114,4,6,6.232315315315315,80.18273477885711,6.18727027027027,6.27736036036036,80.13725995136997,80.22820960634427,100.21622218348726,coastal,Unknown,,,,,,Unknown
grid_4_7,115,4,7,6.232315315315315,80.2736844338314,6.18727027027027,6.27736036036036,80.22820960634427,80.31915926131856,100.21195860725346,land,Unknown,,,,,,Unknown
grid_4_8,116,4,8,6.232315315315315,80.36463408880569,6.18727027027027,6.27736036036036,80.31915926131855,80.41010891629284,100.2081976614248,land,Unknown,,,,,,Unknown
grid_4_9,117,4,9,6.232315315315315,80.45558374377998,6.18727027027027,6.27736036036036,80.41010891629284,80.50105857126714,100.20493927073792,land,Unknown,,,,,,Unknown
grid_4_10,118,4,10,6.232315315315315,80.54653339875429,6.18727027027027,6.27736036036036,80.50105857126714,80.59200822624143,100.20218337007049,land,Unknown,,,,,,Unknown
grid_4_11,119,4,11,6.232315315315315,80.63748305372857,6.18727027027027,6.27736036036036,80.59200822624143,80.68295788121573,100.19992990430836,land,Unknown,,,,,,Unknown
grid_4_12,120,4,12,6.232315315315315,80.72843270870285,6.18727027027027,6.27736036036036,80.68295788121571,80.77390753619001,100.19817882834296,land,Unknown,,,,,,Unknown
grid_4_13,121,4,13,6.232315315315315,80.81938236367716,6.18727027027027,6.27736036036036,80.77390753619001,80.8648571911643,100.19693010719996,land,Unknown,,,,,,Unknown
grid_4_14,122,4,14,6.232315315315315,80.91033201865146,6.18727027027027,6.27736036036036,80.8648571911643,80.9558068461386,100.1961837159102,land,Unknown,,,,,,Unknown
grid_4_15,123,4,15,6.232315315315315,81.00128167362574,6.18727027027027,6.27736036036036,80.9558068461386,81.0467565011129,100.19593963950636,land,Unknown,,,,,,Unknown
grid_4_16,124,4,16,6.232315315315315,81.09223132860005,6.18727027027027,6.27736036036036,81.0467565011129,81.13770615608719,100.19619787314905,land,Unknown,,,,,,Unknown
grid_4_17,125,4,17,6.232315315315315,81.18318098357432,6.18727027027027,6.27736036036036,81.13770615608718,81.22865581106147,100.19695842200156,coastal,Unknown,,,,,,Unknown
grid_4_18,126,4,18,6.232315315315315,81.27413063854861,6.18727027027027,6.27736036036036,81.22865581106147,81.31960546603577,100.19822130123096,coastal,Unknown,,,,,,Unknown
grid_4_19,127,4,19,6.232315315315315,81.36508029352292,6.18727027027027,6.27736036036036,81.31960546603577,81.41055512101006,100.1999865361338,coastal,Unknown,,,,,,Unknown
grid_4_20,128,4,20,6.232315315315315,81.45602994849723,6.18727027027027,6.27736036036036,81.41055512101006,81.50150477598436,100.2022541620079,ocean,Indian Ocean,,,N/A,Indian Ocean,Ocean,N/A
grid_4_21,129,4,21,6.232315315315315,81.5469796034715,6.18727027027027,6.27736036036036,81.50150477598436,81.59245443095865,100.20502422415888,ocean,Indian Ocean,,,N/A,Indian Ocean,Ocean,N/A
grid_4_22,130,4,22,6.232315315315315,81.63792925844578,6.18727027027027,6.27736036036036,81.59245443095864,81.68340408593293,100.20829677802786,ocean,Indian Ocean,,,N/A,Indian Ocean,Ocean,N/A
grid_4_23,131,4,23,6.232315315315315,81.72887891342009,6.18727027027027,6.27736036036036,81.68340408593293,81.77435374090723,100.21207188906628,ocean,Indian Ocean,,,N/A,Indian Ocean,Ocean,N/A
grid_4_24,132,4,24,6.232315315315315,81.81982856839437,6.18727027027027,6.27736036036036,81.77435374090723,81.86530339588153,100.21634963273232,ocean,Indian Ocean,,,N/A,Indian Ocean,Ocean,N/A
grid_4_25,133,4,25,6.232315315315315,81.9107782233687,6.18727027027027,6.27736036036036,81.86530339588153,81.95625305085582,100.2211300946326,ocean,Indian Ocean,,,N/A,Indian Ocean,Ocean,N/A
grid_4_26,134,4,26,6.232315315315315,82.00172787834296,6.18727027027027,6.27736036036036,81.95625305085582,82.04720270583012,100.22641337038972,ocean,Indian Ocean,,,N/A,Indian Ocean,Ocean,N/A
grid_5_0,135,5,0,6.322405405405405,79.63703684901137,6.27736036036036,6.36745045045045,79.59156202152421,79.6825116764985,100.2354650223668,ocean,Indian Ocean,,,N/A,Indian Ocean,Ocean,N/A
grid_5_1,136,5,1,6.322405405405405,79.72798650398566,6.27736036036036,6.36745045045045,79.6825116764985,79.7734613314728,100.22818728397014,ocean,Indian Ocean,,,N/A,Indian Ocean,Ocean,N/A
grid_5_2,137,5,2,6.322405405405405,79.81893615895994,6.27736036036036,6.36745045045045,79.7734613314728,79.8644109864471,100.22141257820957,ocean,Indian Ocean,,,N/A,Indian Ocean,Ocean,N/A
grid_5_3,138,5,3,6.322405405405405,79.90988581393422,6.27736036036036,6.36745045045045,79.86441098644708,79.95536064142138,100.21514076955246,ocean,Indian Ocean,,,N/A,Indian Ocean,Ocean,N/A
grid_5_4,139,5,4,6.322405405405405,80.00083546890852,6.27736036036036,6.36745045045045,79.95536064142138,80.04631029639567,100.20937173261892,ocean,Indian Ocean,,,N/A,Indian Ocean,Ocean,N/A
grid_5_5,140,5,5,6.322405405405405,80.09178512388283,6.27736036036036,6.36745045045045,80.04631029639567,80.13725995136997,100.20410535205548,coastal,Unknown,,,,,,Unknown
grid_5_6,141,5,6,6.322405405405405,80.18273477885711,6.27736036036036,6.36745045045045,80.13725995136997,80.22820960634427,100.19934152252536,coastal,Unknown,,,,,,Unknown
grid_5_7,142,5,7,6.322405405405405,80.2736844338314,6.27736036036036,6.36745045045045,80.22820960634427,80.31915926131856,100.19508014882702,land,Unknown,,,,,,Unknown
grid_5_8,143,5,8,6.322405405405405,80.36463408880569,6.27736036036036,6.36745045045045,80.31915926131855,80.41010891629284,100.1913211457738,land,Unknown,,,,,,Unknown
grid_5_9,144,5,9,6.322405405405405,80.45558374377998,6.27736036036036,6.36745045045045,80.41010891629284,80.50105857126714,100.1880644381805,land,Unknown,,,,,,Unknown
grid_5_10,145,5,10,6.322405405405405,80.54653339875429,6.27736036036036,6.36745045045045,80.50105857126714,80.59200822624143,100.18530996098968,land,Unknown,,,,,,Unknown
grid_5_11,146,5,11,6.322405405405405,80.63748305372857,6.27736036036036,6.36745045045045,80.59200822624143,80.68295788121573,100.18305765914648,land,Unknown,,,,,,Unknown
grid_5_12,147,5,12,6.322405405405405,80.72843270870285,6.27736036036036,6.36745045045045,80.68295788121571,80.77390753619001,100.1813074875907,land,Unknown,,,,,,Unknown
grid_5_13,148,5,13,6.322405405405405,80.81938236367716,6.27736036036036,6.36745045045045,80.77390753619001,80.8648571911643,100.18005941138571,land,Unknown,,,,,,Unknown
grid_5_14,149,5,14,6.322405405405405,80.91033201865146,6.27736036036036,6.36745045045045,80.8648571911643,80.9558068461386,100.1793134055855,land,Unknown,,,,,,Unknown
grid_5_15,150,5,15,6.322405405405405,81.00128167362574,6.27736036036036,6.36745045045045,80.9558068461386,81.0467565011129,100.17906945523823,land,Unknown,,,,,,Unknown
grid_5_16,151,5,16,6.322405405405405,81.09223132860005,6.27736036036036,6.36745045045045,81.0467565011129,81.13770615608719,100.17932755551148,land,Unknown,,,,,,Unknown
grid_5_17,152,5,17,6.322405405405405,81.18318098357432,6.27736036036036,6.36745045045045,81.13770615608718,81.22865581106147,100.1800877115635,land,Unknown,,,,,,Unknown
grid_5_18,153,5,18,6.322405405405405,81.27413063854861,6.27736036036036,6.36745045045045,81.22865581106147,81.31960546603577,100.18134993854312,land,Unknown,,,,,,Unknown
grid_5_19,154,5,19,6.322405405405405,81.36508029352292,6.27736036036036,6.36745045045045,81.31960546603577,81.41055512101006,100.18311426172215,coastal,Unknown,,,,,,Unknown
grid_5_20,155,5,20,6.322405405405405,81.45602994849723,6.27736036036036,6.36745045045045,81.41055512101006,81.50150477598436,100.1853807163619,coastal,Unknown,,,,,,Unknown
grid_5_21,156,5,21,6.322405405405405,81.5469796034715,6.27736036036036,6.36745045045045,81.50150477598436,81.59245443095865,100.18814934772206,ocean,Indian Ocean,,,N/A,Indian Ocean,Ocean,N/A
grid_5_22,157,5,22,6.322405405405405,81.63792925844578,6.27736036036036,6.36745045045045,81.59245443095864,81.68340408593293,100.19142021118073,ocean,Indian Ocean,,,N/A,Indian Ocean,Ocean,N/A
grid_5_23,158,5,23,6.322405405405405,81.72887891342009,6.27736036036036,6.36745045045045,81.68340408593293,81.77435374090723,100.1951933721221,ocean,Indian Ocean,,,N/A,Indian Ocean,Ocean,N/A
grid_5_24,159,5,24,6.322405405405405,81.81982856839437,6.27736036036036,6.36745045045045,81.77435374090723,81.86530339588153,100.1994689059284,ocean,Indian Ocean,,,N/A,Indian Ocean,Ocean,N/A
grid_5_25,160,5,25,6.322405405405405,81.9107782233687,6.27736036036036,6.36745045045045,81.86530339588153,81.95625305085582,100.20424689811551,ocean,Indian Ocean,,,N/A,Indian Ocean,Ocean,N/A
grid_5_26,161,5,26,6.322405405405405,82.00172787834296,6.27736036036036,6.36745045045045,81.95625305085582,82.04720270583012,100.20952744420636,ocean,Indian Ocean,,,N/A,Indian Ocean,Ocean,N/A
grid_6_0,162,6,0,6.412495495495496,79.63703684901137,6.36745045045045,6.45754054054054,79.59156202152421,79.6825116764985,100.21832391571397,ocean,Indian Ocean,,,N/A,Indian Ocean,Ocean,N/A
grid_6_1,163,6,1,6.412495495495496,79.72798650398566,6.36745045045045,6.45754054054054,79.6825116764985,79.7734613314728,100.21104999314242,ocean,Indian Ocean,,,N/A,Indian Ocean,Ocean,N/A
grid_6_2,164,6,2,6.412495495495496,79.81893615895994,6.36745045045045,6.45754054054054,79.7734613314728,79.8644109864471,100.20427883911916,ocean,Indian Ocean,,,N/A,Indian Ocean,Ocean,N/A
grid_6_3,165,6,3,6.412495495495496,79.90988581393422,6.36745045045045,6.45754054054054,79.86441098644708,79.95536064142138,100.19801031825546,ocean,Indian Ocean,,,N/A,Indian Ocean,Ocean,N/A
grid_6_4,166,6,4,6.412495495495496,80.00083546890852,6.36745045045045,6.45754054054054,79.95536064142138,80.04631029639567,100.19224430530656,ocean,Indian Ocean,,,N/A,Indian Ocean,Ocean,N/A
grid_6_5,167,6,5,6.412495495495496,80.09178512388283,6.36745045045045,6.45754054054054,80.04631029639567,80.13725995136997,100.18698068504008,coastal,Unknown,,,,,,Unknown
grid_6_6,168,6,6,6.412495495495496,80.18273477885711,6.36745045045045,6.45754054054054,80.13725995136997,80.22820960634427,100.18221935223166,land,Unknown,,,,,,Unknown
grid_6_7,169,6,7,6.412495495495496,80.2736844338314,6.36745045045045,6.45754054054054,80.22820960634427,80.31915926131856,100.1779602117814,land,Unknown,,,,,,Unknown
grid_6_8,170,6,8,6.412495495495496,80.36463408880569,6.36745045045045,6.45754054054054,80.31915926131855,80.41010891629284,100.17420317859178,land,Unknown,,,,,,Unknown
grid_6_9,171,6,9,6.412495495495496,80.45558374377998,6.36745045045045,6.45754054054054,80.41010891629284,80.50105857126714,100.17094817755849,land,Unknown,,,,,,Unknown
grid_6_10,172,6,10,6.412495495495496,80.54653339875429,6.36745045045045,6.45754054054054,80.50105857126714,80.59200822624143,100.1681951436934,land,Unknown,,,,,,Unknown
grid_6_11,173,6,11,6.412495495495496,80.63748305372857,6.36745045045045,6.45754054054054,80.59200822624143,80.68295788121573,100.16594402199792,land,Unknown,,,,,,Unknown
grid_6_12,174,6,12,6.412495495495496,80.72843270870285,6.36745045045045,6.45754054054054,80.68295788121571,80.77390753619001,100.16419476746384,land,Unknown,,,,,,Unknown
grid_6_13,175,6,13,6.412495495495496,80.81938236367716,6.36745045045045,6.45754054054054,80.77390753619001,80.8648571911643,100.16294734518748,land,Unknown,,,,,,Unknown
grid_6_14,176,6,14,6.412495495495496,80.91033201865146,6.36745045045045,6.45754054054054,80.8648571911643,80.9558068461386,100.1622017302502,land,Unknown,,,,,,Unknown
grid_6_15,177,6,15,6.412495495495496,81.00128167362574,6.36745045045045,6.45754054054054,80.9558068461386,81.0467565011129,100.16195790771792,land,Unknown,,,,,,Unknown
grid_6_16,178,6,16,6.412495495495496,81.09223132860005,6.36745045045045,6.45754054054054,81.0467565011129,81.13770615608719,100.1622158727628,land,Unknown,,,,,,Unknown
grid_6_17,179,6,17,6.412495495495496,81.18318098357432,6.36745045045045,6.45754054054054,81.13770615608718,81.22865581106147,100.16297563053706,land,Unknown,,,,,,Unknown
grid_6_18,180,6,18,6.412495495495496,81.27413063854861,6.36745045045045,6.45754054054054,81.22865581106147,81.31960546603577,100.16423719617252,land,Unknown,,,,,,Unknown
grid_6_19,181,6,19,6.412495495495496,81.36508029352292,6.36745045045045,6.45754054054054,81.31960546603577,81.41055512101006,100.1660005949154,land,Unknown,,,,,,Unknown
grid_6_20,182,6,20,6.412495495495496,81.45602994849723,6.36745045045045,6.45754054054054,81.41055512101006,81.50150477598436,100.16826586198972,coastal,Unknown,,,,,,Unknown
grid_6_21,183,6,21,6.412495495495496,81.5469796034715,6.36745045045045,6.45754054054054,81.50150477598436,81.59245443095865,100.17103304260525,coastal,Unknown,,,,,,Unknown
grid_6_22,184,6,22,6.412495495495496,81.63792925844578,6.36745045045045,6.45754054054054,81.59245443095864,81.68340408593293,100.17430219208369,coastal,Unknown,,,,,,Unknown
grid_6_23,185,6,23,6.412495495495496,81.72887891342009,6.36745045045045,6.45754054054054,81.68340408593293,81.77435374090723,100.17807337573934,ocean,Indian Ocean,,,N/A,Indian Ocean,Ocean,N/A
grid_6_24,186,6,24,6.412495495495496,81.81982856839437,6.36745045045045,6.45754054054054,81.77435374090723,81.86530339588153,100.18234666887508,ocean,Indian Ocean,,,N/A,Indian Ocean,Ocean,N/A
grid_6_25,187,6,25,6.412495495495496,81.9107782233687,6.36745045045045,6.45754054054054,81.86530339588153,81.95625305085582,100.18712215691332,ocean,Indian Ocean,,,N/A,Indian Ocean,Ocean,N/A
grid_6_26,188,6,26,6.412495495495496,82.00172787834296,6.36745045045045,6.45754054054054,81.95625305085582,82.04720270583012,100.19239993527776,ocean,Indian Ocean,,,N/A,Indian Ocean,Ocean,N/A
grid_7_0,189,7,0,6.502585585585586,79.63703684901137,6.45754054054054,6.54763063063063,79.59156202152421,79.6825116764985,100.20094107196792,ocean,Indian Ocean,,,N/A,Indian Ocean,Ocean,N/A
grid_7_1,190,7,1,6.502585585585586,79.72798650398566,6.45754054054054,6.54763063063063,79.6825116764985,79.7734613314728,100.19367101762882,ocean,Indian Ocean,,,N/A,Indian Ocean,Ocean,N/A
grid_7_2,191,7,2,6.502585585585586,79.81893615895994,6.45754054054054,6.54763063063063,79.7734613314728,79.8644109864471,100.18690346412392,ocean,Indian Ocean,,,N/A,Indian Ocean,Ocean,N/A
grid_7_3,192,7,3,6.502585585585586,79.90988581393422,6.45754054054054,6.54763063063063,79.86441098644708,79.95536064142138,100.1806382762079,ocean,Indian Ocean,,,N/A,Indian Ocean,Ocean,N/A
grid_7_4,193,7,4,6.502585585585586,80.00083546890852,6.45754054054054,6.54763063063063,79.95536064142138,80.04631029639567,100.1748753287758,coastal,Unknown,,,,,,Unknown
grid_7_5,194,7,5,6.502585585585586,80.09178512388283,6.45754054054054,6.54763063063063,80.04631029639567,80.13725995136997,100.16961450671906,coastal,Unknown,,,,,,Unknown
grid_7_6,195,7,6,6.502585585585586,80.18273477885711,6.45754054054054,6.54763063063063,80.13725995136997,80.22820960634427,100.16485570492286,land,Unknown,,,,,,Unknown
grid_7_7,196,7,7,6.502585585585586,80.2736844338314,6.45754054054054,6.54763063063063,80.22820960634427,80.31915926131856,100.16059882839296,land,Unknown,,,,,,Unknown
grid_7_8,197,7,8,6.502585585585586,80.36463408880569,6.45754054054054,6.54763063063063,80.31915926131855,80.41010891629284,100.15684379212064,land,Unknown,,,,,,Unknown
grid_7_9,198,7,9,6.502585585585586,80.45558374377998,6.45754054054054,6.54763063063063,80.41010891629284,80.50105857126714,100.15359052108428,land,Unknown,,,,,,Unknown
grid_7_10,199,7,10,6.502585585585586,80.54653339875429,6.45754054054054,6.54763063063063,80.50105857126714,80.59200822624143,100.1508389503694,land,Unknown,,,,,,Unknown
grid_7_11,200,7,11,6.502585585585586,80.63748305372857,6.45754054054054,6.54763063063063,80.59200822624143,80.68295788121573,100.1485890250322,land,Unknown,,,,,,Unknown
grid_7_12,201,7,12,6.502585585585586,80.72843270870285,6.45754054054054,6.54763063063063,80.68295788121571,80.77390753619001,100.14684070011198,land,Unknown,,,,,,Unknown
grid_7_13,202,7,13,6.502585585585586,80.81938236367716,6.45754054054054,6.54763063063063,80.77390753619001,80.8648571911643,100.1455939407439,land,Unknown,,,,,,Unknown
grid_7_14,203,7,14,6.502585585585586,80.91033201865146,6.45754054054054,6.54763063063063,80.8648571911643,80.9558068461386,100.14484872204171,land,Unknown,,,,,,Unknown
grid_7_15,204,7,15,6.502585585585586,81.00128167362574,6.45754054054054,6.54763063063063,80.9558068461386,81.0467565011129,100.14460502908004,land,Unknown,,,,,,Unknown
grid_7_16,205,7,16,6.502585585585586,81.09223132860005,6.45754054054054,6.54763063063063,81.0467565011129,81.13770615608719,100.14486285703713,land,Unknown,,,,,,Unknown
grid_7_17,206,7,17,6.502585585585586,81.18318098357432,6.45754054054054,6.54763063063063,81.13770615608718,81.22865581106147,100.14562221106316,land,Unknown,,,,,,Unknown
grid_7_18,207,7,18,6.502585585585586,81.27413063854861,6.45754054054054,6.54763063063063,81.22865581106147,81.31960546603577,100.14688310627244,land,Unknown,,,,,,Unknown
grid_7_19,208,7,19,6.502585585585586,81.36508029352292,6.45754054054054,6.54763063063063,81.31960546603577,81.41055512101006,100.14864556788372,land,Unknown,,,,,,Unknown
grid_7_20,209,7,20,6.502585585585586,81.45602994849723,6.45754054054054,6.54763063063063,81.41055512101006,81.50150477598436,100.15090963108084,land,Unknown,,,,,,Unknown
grid_7_21,210,7,21,6.502585585585586,81.5469796034715,6.45754054054054,6.54763063063063,81.50150477598436,81.59245443095865,100.15367534102909,land,Unknown,,,,,,Unknown
grid_7_22,211,7,22,6.502585585585586,81.63792925844578,6.45754054054054,6.54763063063063,81.59245443095864,81.68340408593293,100.1569427529903,coastal,Unknown,,,,,,Unknown
grid_7_23,212,7,23,6.502585585585586,81.72887891342009,6.45754054054054,6.54763063063063,81.68340408593293,81.77435374090723,100.16071193220156,ocean,Indian Ocean,,,N/A,Indian Ocean,Ocean,N/A
grid_7_24,213,7,24,6.502585585585586,81.81982856839437,6.45754054054054,6.54763063063063,81.77435374090723,81.86530339588153,100.16498295389066,ocean,Indian Ocean,,,N/A,Indian Ocean,Ocean,N/A
grid_7_25,214,7,25,6.502585585585586,81.9107782233687,6.45754054054054,6.54763063063063,81.86530339588153,81.95625305085582,100.16975590338568,ocean,Indian Ocean,,,N/A,Indian Ocean,Ocean,N/A
grid_7_26,215,7,26,6.502585585585586,82.00172787834296,6.45754054054054,6.54763063063063,81.95625305085582,82.04720270583012,100.17503087600834,ocean,Indian Ocean,,,N/A,Indian Ocean,Ocean,N/A
grid_8_0,216,8,0,6.592675675675676,79.63703684901137,6.54763063063063,6.63772072072072,79.59156202152421,79.6825116764985,100.18331652424642,ocean,Indian Ocean,,,N/A,Indian Ocean,Ocean,N/A
grid_8_1,217,8,1,6.592675675675676,79.72798650398566,6.54763063063063,6.63772072072072,79.6825116764985,79.7734613314728,100.17605039048009,ocean,Indian Ocean,,,N/A,Indian Ocean,Ocean,N/A
grid_8_2,218,8,2,6.592675675675676,79.81893615895994,6.54763063063063,6.63772072072072,79.7734613314728,79.8644109864471,100.16928648620843,ocean,Indian Ocean,,,N/A,Indian Ocean,Ocean,N/A
grid_8_3,219,8,3,6.592675675675676,79.90988581393422,6.54763063063063,6.63772072072072,79.86441098644708,79.95536064142138,100.16302467634088,coastal,Unknown,,,,,,Unknown
grid_8_4,220,8,4,6.592675675675676,80.00083546890852,6.54763063063063,6.63772072072072,79.95536064142138,80.04631029639567,100.1572648359055,coastal,Unknown,,,,,,Unknown
grid_8_5,221,8,5,6.592675675675676,80.09178512388283,6.54763063063063,6.63772072072072,80.04631029639567,80.13725995136997,100.152006849918,land,Unknown,,,,,,Unknown
grid_8_6,222,8,6,6.592675675675676,80.18273477885711,6.54763063063063,6.63772072072072,80.13725995136997,80.22820960634427,100.14725061338147,land,Unknown,,,,,,Unknown
grid_8_7,223,8,7,6.592675675675676,80.2736844338314,6.54763063063063,6.63772072072072,80.22820960634427,80.31915926131856,100.14299603140516,land,Unknown,,,,,,Unknown
grid_8_8,224,8,8,6.592675675675676,80.36463408880569,6.54763063063063,6.63772072072072,80.31915926131855,80.41010891629284,100.1392430190742,land,Unknown,,,,,,Unknown
grid_8_9,225,8,9,6.592675675675676,80.45558374377998,6.54763063063063,6.63772072072072,80.41010891629284,80.50105857126714,100.1359915014454,land,Unknown,,,,,,Unknown
grid_8_10,226,8,10,6.592675675675676,80.54653339875429,6.54763063063063,6.63772072072072,80.50105857126714,80.59200822624143,100.13324141367472,land,Unknown,,,,,,Unknown
grid_8_11,227,8,11,6.592675675675676,80.63748305372857,6.54763063063063,6.63772072072072,80.59200822624143,80.68295788121573,100.1309927008839,land,Unknown,,,,,,Unknown
grid_8_12,228,8,12,6.592675675675676,80.72843270870285,6.54763063063063,6.63772072072072,80.68295788121571,80.77390753619001,100.12924531815791,land,Unknown,,,,,,Unknown
grid_8_13,229,8,13,6.592675675675676,80.81938236367716,6.54763063063063,6.63772072072072,80.77390753619001,80.8648571911643,100.12799923067196,land,Unknown,,,,,,Unknown
grid_8_14,230,8,14,6.592675675675676,80.91033201865146,6.54763063063063,6.63772072072072,80.8648571911643,80.9558068461386,100.12725441356176,land,Unknown,,,,,,Unknown
grid_8_15,231,8,15,6.592675675675676,81.00128167362574,6.54763063063063,6.63772072072072,80.9558068461386,81.0467565011129,100.12701085192444,land,Unknown,,,,,,Unknown
grid_8_16,232,8,16,6.592675675675676,81.09223132860005,6.54763063063063,6.63772072072072,81.0467565011129,81.13770615608719,100.12726854094215,land,Unknown,,,,,,Unknown
grid_8_17,233,8,17,6.592675675675676,81.18318098357432,6.54763063063063,6.63772072072072,81.13770615608718,81.22865581106147,100.12802748575606,land,Unknown,,,,,,Unknown
grid_8_18,234,8,18,6.592675675675676,81.27413063854861,6.54763063063063,6.63772072072072,81.22865581106147,81.31960546603577,100.129287701467,land,Unknown,,,,,,Unknown
grid_8_19,235,8,19,6.592675675675676,81.36508029352292,6.54763063063063,6.63772072072072,81.31960546603577,81.41055512101006,100.13104921326448,land,Unknown,,,,,,Unknown
grid_8_20,236,8,20,6.592675675675676,81.45602994849723,6.54763063063063,6.63772072072072,81.41055512101006,81.50150477598436,100.13331205629711,land,Unknown,,,,,,Unknown
grid_8_21,237,8,21,6.592675675675676,81.5469796034715,6.54763063063063,6.63772072072072,81.50150477598436,81.59245443095865,100.13607627567518,land,Unknown,,,,,,Unknown
grid_8_22,238,8,22,6.592675675675676,81.63792925844578,6.54763063063063,6.63772072072072,81.59245443095864,81.68340408593293,100.13934192660152,coastal,Unknown,,,,,,Unknown
grid_8_23,239,8,23,6.592675675675676,81.72887891342009,6.54763063063063,6.63772072072072,81.68340408593293,81.77435374090723,100.14310907424952,ocean,Indian Ocean,,,N/A,Indian Ocean,Ocean,N/A
grid_8_24,240,8,24,6.592675675675676,81.81982856839437,6.54763063063063,6.63772072072072,81.77435374090723,81.86530339588153,100.14737779375692,ocean,Indian Ocean,,,N/A,Indian Ocean,Ocean,N/A
grid_8_25,241,8,25,6.592675675675676,81.9107782233687,6.54763063063063,6.63772072072072,81.86530339588153,81.95625305085582,100.15214817036244,ocean,Indian Ocean,,,N/A,Indian Ocean,Ocean,N/A
grid_8_26,242,8,26,6.592675675675676,82.00172787834296,6.54763063063063,6.63772072072072,81.95625305085582,82.04720270583012,100.15742029928025,ocean,Indian Ocean,,,N/A,Indian Ocean,Ocean,N/A
grid_9_0,243,9,0,6.682765765765764,79.63703684901137,6.63772072072072,6.72781081081081,79.59156202152421,79.6825116764985,100.16545030612066,ocean,Indian Ocean,,,N/A,Indian Ocean,Ocean,N/A
grid_9_1,244,9,1,6.682765765765764,79.72798650398566,6.63772072072072,6.72781081081081,79.6825116764985,79.7734613314728,100.15818814519716,ocean,Indian Ocean,,,N/A,Indian Ocean,Ocean,N/A
grid_9_2,245,9,2,6.682765765765764,79.81893615895994,6.63772072072072,6.72781081081081,79.7734613314728,79.8644109864471,100.15142793881634,ocean,Indian Ocean,,,N/A,Indian Ocean,Ocean,N/A
grid_9_3,246,9,3,6.682765765765764,79.90988581393422,6.63772072072072,6.72781081081081,79.86441098644708,79.95536064142138,100.1451695520378,coastal,Unknown,,,,,,Unknown
grid_9_4,247,9,4,6.682765765765764,80.00083546890852,6.63772072072072,6.72781081081081,79.95536064142138,80.04631029639567,100.1394128600229,land,Unknown,,,,,,Unknown
grid_9_5,248,9,5,6.682765765765764,80.09178512388283,6.63772072072072,6.72781081081081,80.04631029639567,80.13725995136997,100.1341577479207,land,Unknown,,,,,,Unknown
grid_9_6,249,9,6,6.682765765765764,80.18273477885711,6.63772072072072,6.72781081081081,80.13725995136997,80.22820960634427,100.129404110848,land,Unknown,,,,,,Unknown
grid_9_7,250,9,7,6.682765765765764,80.2736844338314,6.63772072072072,6.72781081081081,80.22820960634427,80.31915926131856,100.12515185401848,land,Unknown,,,,,,Unknown
grid_9_8,251,9,8,6.682765765765764,80.36463408880569,6.63772072072072,6.72781081081081,80.31915926131855,80.41010891629284,100.1214008926127,land,Unknown,,,,,,Unknown
grid_9_9,252,9,9,6.682765765765764,80.45558374377998,6.63772072072072,6.72781081081081,80.41010891629284,80.50105857126714,100.11815115177204,land,Unknown,,,,,,Unknown
grid_9_10,253,9,10,6.682765765765764,80.54653339875429,6.63772072072072,6.72781081081081,80.50105857126714,80.59200822624143,100.11540256672215,land,Unknown,,,,,,Unknown
grid_9_11,254,9,11,6.682765765765764,80.63748305372857,6.63772072072072,6.72781081081081,80.59200822624143,80.68295788121573,100.11315508264408,land,Unknown,,,,,,Unknown
grid_9_12,255,9,12,6.682765765765764,80.72843270870285,6.63772072072072,6.72781081081081,80.68295788121571,80.77390753619001,100.11140865467496,land,Unknown,,,,,,Unknown
grid_9_13,256,9,13,6.682765765765764,80.81938236367716,6.63772072072072,6.72781081081081,80.77390753619001,80.8648571911643,100.11016324802851,land,Unknown,,,,,,Unknown
grid_9_14,257,9,14,6.682765765765764,80.91033201865146,6.63772072072072,6.72781081081081,80.8648571911643,80.9558068461386,100.10941883786684,land,Unknown,,,,,,Unknown
grid_9_15,258,9,15,6.682765765765764,81.00128167362574,6.63772072072072,6.72781081081081,80.9558068461386,81.0467565011129,100.1091754093042,land,Unknown,,,,,,Unknown
grid_9_16,259,9,16,6.682765765765764,81.09223132860005,6.63772072072072,6.72781081081081,81.0467565011129,81.13770615608719,100.10943295752834,land,Unknown,,,,,,Unknown
grid_9_17,260,9,17,6.682765765765764,81.18318098357432,6.63772072072072,6.72781081081081,81.13770615608718,81.22865581106147,100.11019148767376,land,Unknown,,,,,,Unknown
grid_9_18,261,9,18,6.682765765765764,81.27413063854861,6.63772072072072,6.72781081081081,81.22865581106147,81.31960546603577,100.1114510148264,land,Unknown,,,,,,Unknown
grid_9_19,262,9,19,6.682765765765764,81.36508029352292,6.63772072072072,6.72781081081081,81.31960546603577,81.41055512101006,100.11321156414591,land,Unknown,,,,,,Unknown
grid_9_20,263,9,20,6.682765765765764,81.45602994849723,6.63772072072072,6.72781081081081,81.41055512101006,81.50150477598436,100.11547317074054,land,Unknown,,,,,,Unknown
grid_9_21,264,9,21,6.682765765765764,81.5469796034715,6.63772072072072,6.72781081081081,81.50150477598436,81.59245443095865,100.11823587967694,land,Unknown,,,,,,Unknown
grid_9_22,265,9,22,6.682765765765764,81.63792925844578,6.63772072072072,6.72781081081081,81.59245443095864,81.68340408593293,100.12149974609386,coastal,Unknown,,,,,,Unknown
grid_9_23,266,9,23,6.682765765765764,81.72887891342009,6.63772072072072,6.72781081081081,81.68340408593293,81.77435374090723,100.12526483508822,ocean,Indian Ocean,,,N/A,Indian Ocean,Ocean,N/A
grid_9_24,267,9,24,6.682765765765764,81.81982856839437,6.63772072072072,6.72781081081081,81.77435374090723,81.86530339588153,100.12953122171626,ocean,Indian Ocean,,,N/A,Indian Ocean,Ocean,N/A
grid_9_25,268,9,25,6.682765765765764,81.9107782233687,6.63772072072072,6.72781081081081,81.86530339588153,81.95625305085582,100.13429899112684,ocean,Indian Ocean,,,N/A,Indian Ocean,Ocean,N/A
grid_9_26,269,9,26,6.682765765765764,82.00172787834296,6.63772072072072,6.72781081081081,81.95625305085582,82.04720270583012,100.13956823842278,ocean,Indian Ocean,,,N/A,Indian Ocean,Ocean,N/A
grid_10_0,270,10,0,6.772855855855855,79.63703684901137,6.72781081081081,6.8179009009009,79.59156202152421,79.6825116764985,100.14734245162596,ocean,Indian Ocean,,,N/A,Indian Ocean,Ocean,N/A
grid_10_1,271,10,1,6.772855855855855,79.72798650398566,6.72781081081081,6.8179009009009,79.6825116764985,79.7734613314728,100.14008431575108,ocean,Indian Ocean,,,N/A,Indian Ocean,Ocean,N/A
grid_10_2,272,10,2,6.772855855855855,79.81893615895994,6.72781081081081,6.8179009009009,79.7734613314728,79.8644109864471,100.13332785585516,ocean,Indian Ocean,,,N/A,Indian Ocean,Ocean,N/A
grid_10_3,273,10,3,6.772855855855855,79.90988581393422,6.72781081081081,6.8179009009009,79.86441098644708,79.95536064142138,100.12707293714446,coastal,Unknown,,,,,,Unknown
grid_10_4,274,10,4,6.772855855855855,80.00083546890852,6.72781081081081,6.8179009009009,79.95536064142138,80.04631029639567,100.12131943492584,land,Unknown,,,,,,Unknown
grid_10_5,275,10,5,6.772855855855855,80.09178512388283,6.72781081081081,6.8179009009009,80.04631029639567,80.13725995136997,100.11606723447404,land,Unknown,,,,,,Unknown
grid_10_6,276,10,6,6.772855855855855,80.18273477885711,6.72781081081081,6.8179009009009,80.13725995136997,80.22820960634427,100.11131623102344,land,Unknown,,,,,,Unknown
grid_10_7,277,10,7,6.772855855855855,80.2736844338314,6.72781081081081,6.8179009009009,80.22820960634427,80.31915926131856,100.10706632989675,land,Unknown,,,,,,Unknown
grid_10_8,278,10,8,6.772855855855855,80.36463408880569,6.72781081081081,6.8179009009009,80.31915926131855,80.41010891629284,100.10331744636864,land,Unknown,,,,,,Unknown
grid_10_9,279,10,9,6.772855855855855,80.45558374377998,6.72781081081081,6.8179009009009,80.41010891629284,80.50105857126714,100.10006950566242,land,Unknown,,,,,,Unknown
grid_10_10,280,10,10,6.772855855855855,80.54653339875429,6.72781081081081,6.8179009009009,80.50105857126714,80.59200822624143,100.09732244307808,land,Unknown,,,,,,Unknown
grid_10_11,281,10,11,6.772855855855855,80.63748305372857,6.72781081081081,6.8179009009009,80.59200822624143,80.68295788121573,100.09507620386148,land,Unknown,,,,,,Unknown
grid_10_12,282,10,12,6.772855855855855,80.72843270870285,6.72781081081081,6.8179009009009,80.68295788121571,80.77390753619001,100.0933307431958,land,Unknown,,,,,,Unknown
grid_10_13,283,10,13,6.772855855855855,80.81938236367716,6.72781081081081,6.8179009009009,80.77390753619001,80.8648571911643,100.09208602633429,land,Unknown,,,,,,Unknown
grid_10_14,284,10,14,6.772855855855855,80.91033201865146,6.72781081081081,6.8179009009009,80.8648571911643,80.9558068461386,100.09134202846968,land,Unknown,,,,,,Unknown
grid_10_15,285,10,15,6.772855855855855,81.00128167362574,6.72781081081081,6.8179009009009,80.9558068461386,81.0467565011129,100.09109873473164,land,Unknown,,,,,,Unknown
grid_10_16,286,10,16,6.772855855855855,81.09223132860005,6.72781081081081,6.8179009009009,81.0467565011129,81.13770615608719,100.09135614031148,land,Unknown,,,,,,Unknown
grid_10_17,287,10,17,6.772855855855855,81.18318098357432,6.72781081081081,6.8179009009009,81.13770615608718,81.22865581106147,100.09211425033936,land,Unknown,,,,,,Unknown
grid_10_18,288,10,18,6.772855855855855,81.27413063854861,6.72781081081081,6.8179009009009,81.22865581106147,81.31960546603577,100.09337307988496,land,Unknown,,,,,,Unknown
grid_10_19,289,10,19,6.772855855855855,81.36508029352292,6.72781081081081,6.8179009009009,81.31960546603577,81.41055512101006,100.09513265407888,land,Unknown,,,,,,Unknown
grid_10_20,290,10,20,6.772855855855855,81.45602994849723,6.72781081081081,6.8179009009009,81.41055512101006,81.50150477598436,100.09739300799215,land,Unknown,,,,,,Unknown
grid_10_21,291,10,21,6.772855855855855,81.5469796034715,6.72781081081081,6.8179009009009,81.50150477598436,81.59245443095865,100.10015418663616,land,Unknown,,,,,,Unknown
grid_10_22,292,10,22,6.772855855855855,81.63792925844578,6.72781081081081,6.8179009009009,81.59245443095864,81.68340408593293,100.10341624508868,coastal,Unknown,,,,,,Unknown
grid_10_23,293,10,23,6.772855855855855,81.72887891342009,6.72781081081081,6.8179009009009,81.68340408593293,81.77435374090723,100.10717924837564,coastal,Unknown,,,,,,Unknown
grid_10_24,294,10,24,6.772855855855855,81.81982856839437,6.72781081081081,6.8179009009009,81.77435374090723,81.86530339588153,100.11144327147068,ocean,Indian Ocean,,,N/A,Indian Ocean,Ocean,N/A
grid_10_25,295,10,25,6.772855855855855,81.9107782233687,6.72781081081081,6.8179009009009,81.86530339588153,81.95625305085582,100.1162083994227,ocean,Indian Ocean,,,N/A,Indian Ocean,Ocean,N/A
grid_10_26,296,10,26,6.772855855855855,82.00172787834296,6.72781081081081,6.8179009009009,81.95625305085582,82.04720270583012,100.12147472723328,ocean,Indian Ocean,,,N/A,Indian Ocean,Ocean,N/A
grid_11_0,297,11,0,6.8629459459459445,79.63703684901137,6.8179009009009,6.907990990990991,79.59156202152421,79.6825116764985,100.12899299527206,ocean,Indian Ocean,,,N/A,Indian Ocean,Ocean,N/A
grid_11_1,298,11,1,6.8629459459459445,79.72798650398566,6.8179009009009,6.907990990990991,79.6825116764985,79.7734613314728,100.12173893658375,ocean,Indian Ocean,,,N/A,Indian Ocean,Ocean,N/A
grid_11_2,299,11,2,6.8629459459459445,79.81893615895994,6.8179009009009,6.907990990990991,79.7734613314728,79.8644109864471,100.1149862716991,coastal,Unknown,,,,,,Unknown
grid_11_3,300,11,3,6.8629459459459445,79.90988581393422,6.8179009009009,6.907990990990991,79.86441098644708,79.95536064142138,100.10873486598156,coastal,Unknown,,,,,,Unknown
grid_11_4,301,11,4,6.8629459459459445,80.00083546890852,6.8179009009009,6.907990990990991,79.95536064142138,80.04631029639567,100.10298459487532,land,Unknown,,,,,,Unknown
grid_11_5,302,11,5,6.8629459459459445,80.09178512388283,6.8179009009009,6.907990990990991,80.04631029639567,80.13725995136997,100.09773534378748,land,Unknown,,,,,,Unknown
grid_11_6,303,11,6,6.8629459459459445,80.18273477885711,6.8179009009009,6.907990990990991,80.13725995136997,80.22820960634427,100.09298700807528,land,Unknown,,,,,,Unknown
grid_11_7,304,11,7,6.8629459459459445,80.2736844338314,6.8179009009009,6.907990990990991,80.22820960634427,80.31915926131856,100.08873949316352,land,Unknown,,,,,,Unknown
grid_11_8,305,11,8,6.8629459459459445,80.36463408880569,6.8179009009009,6.907990990990991,80.31915926131855,80.41010891629284,100.08499271442736,land,Unknown,,,,,,Unknown
grid_11_9,306,11,9,6.8629459459459445,80.45558374377998,6.8179009009009,6.907990990990991,80.41010891629284,80.50105857126714,100.08174659717636,land,Unknown,,,,,,Unknown
grid_11_10,307,11,10,6.8629459459459445,80.54653339875429,6.8179009009009,6.907990990990991,80.50105857126714,80.59200822624143,100.07900107678095,land,Unknown,,,,,,Unknown
grid_11_11,308,11,11,6.8629459459459445,80.63748305372857,6.8179009009009,6.907990990990991,80.59200822624143,80.68295788121573,100.0767560985498,land,Unknown,,,,,,Unknown
grid_11_12,309,11,12,6.8629459459459445,80.72843270870285,6.8179009009009,6.907990990990991,80.68295788121571,80.77390753619001,100.07501161771803,land,Unknown,,,,,,Unknown
grid_11_13,310,11,13,6.8629459459459445,80.81938236367716,6.8179009009009,6.907990990990991,80.77390753619001,80.8648571911643,100.07376759957845,land,Unknown,,,,,,Unknown
grid_11_14,311,11,14,6.8629459459459445,80.91033201865146,6.8179009009009,6.907990990990991,80.8648571911643,80.9558068461386,100.07302401934956,land,Unknown,,,,,,Unknown
grid_11_15,312,11,15,6.8629459459459445,81.00128167362574,6.8179009009009,6.907990990990991,80.9558068461386,81.0467565011129,100.07278086218024,land,Unknown,,,,,,Unknown
grid_11_16,313,11,16,6.8629459459459445,81.09223132860005,6.8179009009009,6.907990990990991,81.0467565011129,81.13770615608719,100.07303812326852,land,Unknown,,,,,,Unknown
grid_11_17,314,11,17,6.8629459459459445,81.18318098357432,6.8179009009009,6.907990990990991,81.13770615608718,81.22865581106147,100.0737958077394,land,Unknown,,,,,,Unknown
grid_11_18,315,11,18,6.8629459459459445,81.27413063854861,6.8179009009009,6.907990990990991,81.22865581106147,81.31960546603577,100.0750539306405,land,Unknown,,,,,,Unknown
grid_11_19,316,11,19,6.8629459459459445,81.36508029352292,6.8179009009009,6.907990990990991,81.31960546603577,81.41055512101006,100.07681251707716,land,Unknown,,,,,,Unknown
grid_11_20,317,11,20,6.8629459459459445,81.45602994849723,6.8179009009009,6.907990990990991,81.41055512101006,81.50150477598436,100.07907160208048,land,Unknown,,,,,,Unknown
grid_11_21,318,11,21,6.8629459459459445,81.5469796034715,6.8179009009009,6.907990990990991,81.50150477598436,81.59245443095865,100.08183123060792,land,Unknown,,,,,,Unknown
grid_11_22,319,11,22,6.8629459459459445,81.63792925844578,6.8179009009009,6.907990990990991,81.59245443095864,81.68340408593293,100.08509145767974,land,Unknown,,,,,,Unknown
grid_11_23,320,11,23,6.8629459459459445,81.72887891342009,6.8179009009009,6.907990990990991,81.68340408593293,81.77435374090723,100.08885234824652,coastal,Unknown,,,,,,Unknown
grid_11_24,321,11,24,6.8629459459459445,81.81982856839437,6.8179009009009,6.907990990990991,81.77435374090723,81.86530339588153,100.09311397719198,ocean,Indian Ocean,,,N/A,Indian Ocean,Ocean,N/A
grid_11_25,322,11,25,6.8629459459459445,81.9107782233687,6.8179009009009,6.907990990990991,81.86530339588153,81.95625305085582,100.09787642946915,ocean,Indian Ocean,,,N/A,Indian Ocean,Ocean,N/A
grid_11_26,323,11,26,6.8629459459459445,82.00172787834296,6.8179009009009,6.907990990990991,81.95625305085582,82.04720270583012,100.10313979997476,ocean,Indian Ocean,,,N/A,Indian Ocean,Ocean,N/A
grid_12_0,324,12,0,6.953036036036035,79.63703684901137,6.907990990990991,6.9980810810810805,79.59156202152421,79.6825116764985,100.11040197201996,ocean,Indian Ocean,,,N/A,Indian Ocean,Ocean,N/A
grid_12_1,325,12,1,6.953036036036035,79.72798650398566,6.907990990990991,6.9980810810810805,79.6825116764985,79.7734613314728,100.1031520425836,ocean,Indian Ocean,,,N/A,Indian Ocean,Ocean,N/A
grid_12_2,326,12,2,6.953036036036035,79.81893615895994,6.907990990990991,6.9980810810810805,79.7734613314728,79.8644109864471,100.09640322117362,coastal,Unknown,,,,,,Unknown
grid_12_3,327,12,3,6.953036036036035,79.90988581393422,6.907990990990991,6.9980810810810805,79.86441098644708,79.95536064142138,100.09015537330698,land,Unknown,,,,,,Unknown
grid_12_4,328,12,4,6.953036036036035,80.00083546890852,6.907990990990991,6.9980810810810805,79.95536064142138,80.04631029639567,100.0844083745786,land,Unknown,,,,,,Unknown
grid_12_5,329,12,5,6.953036036036035,80.09178512388283,6.907990990990991,6.9980810810810805,80.04631029639567,80.13725995136997,100.07916211052232,land,Unknown,,,,,,Unknown
grid_12_6,330,12,6,6.953036036036035,80.18273477885711,6.907990990990991,6.9980810810810805,80.13725995136997,80.22820960634427,100.07441647661344,land,Unknown,,,,,,Unknown
grid_12_7,331,12,7,6.953036036036035,80.2736844338314,6.907990990990991,6.9980810810810805,80.22820960634427,80.31915926131856,100.07017137839313,land,Unknown,,,,,,Unknown
grid_12_8,332,12,8,6.953036036036035,80.36463408880569,6.907990990990991,6.9980810810810805,80.31915926131855,80.41010891629284,100.06642673132986,land,Unknown,,,,,,Unknown
grid_12_9,333,12,9,6.953036036036035,80.45558374377998,6.907990990990991,6.9980810810810805,80.41010891629284,80.50105857126714,100.0631824608182,land,Unknown,,,,,,Unknown
grid_12_10,334,12,10,6.953036036036035,80.54653339875429,6.907990990990991,6.9980810810810805,80.50105857126714,80.59200822624143,100.0604385023068,land,Unknown,,,,,,Unknown
grid_12_11,335,12,11,6.953036036036035,80.63748305372857,6.907990990990991,6.9980810810810805,80.59200822624143,80.68295788121573,100.0581948011648,land,Unknown,,,,,,Unknown
grid_12_12,336,12,12,6.953036036036035,80.72843270870285,6.907990990990991,6.9980810810810805,80.68295788121571,80.77390753619001,100.05645131267916,land,Unknown,,,,,,Unknown
grid_12_13,337,12,13,6.953036036036035,80.81938236367716,6.907990990990991,6.9980810810810805,80.77390753619001,80.8648571911643,100.05520800218449,land,Unknown,,,,,,Unknown
grid_12_14,338,12,14,6.953036036036035,80.91033201865146,6.907990990990991,6.9980810810810805,80.8648571911643,80.9558068461386,100.05446484492732,land,Unknown,,,,,,Unknown
grid_12_15,339,12,15,6.953036036036035,81.00128167362574,6.907990990990991,6.9980810810810805,80.9558068461386,81.0467565011129,100.05422182607316,land,Unknown,,,,,,Unknown
grid_12_16,340,12,16,6.953036036036035,81.09223132860005,6.907990990990991,6.9980810810810805,81.0467565011129,81.13770615608719,100.05447894082435,land,Unknown,,,,,,Unknown
grid_12_17,341,12,17,6.953036036036035,81.18318098357432,6.907990990990991,6.9980810810810805,81.13770615608718,81.22865581106147,100.05523619430014,land,Unknown,,,,,,Unknown
grid_12_18,342,12,18,6.953036036036035,81.27413063854861,6.907990990990991,6.9980810810810805,81.22865581106147,81.31960546603577,100.05649360153286,land,Unknown,,,,,,Unknown
grid_12_19,343,12,19,6.953036036036035,81.36508029352292,6.907990990990991,6.9980810810810805,81.31960546603577,81.41055512101006,100.05825118759894,land,Unknown,,,,,,Unknown
grid_12_20,344,12,20,6.953036036036035,81.45602994849723,6.907990990990991,6.9980810810810805,81.41055512101006,81.50150477598436,100.06050898748664,land,Unknown,,,,,,Unknown
grid_12_21,345,12,21,6.953036036036035,81.5469796034715,6.907990990990991,6.9980810810810805,81.50150477598436,81.59245443095865,100.06326704610362,land,Unknown,,,,,,Unknown
grid_12_22,346,12,22,6.953036036036035,81.63792925844578,6.907990990990991,6.9980810810810805,81.59245443095864,81.68340408593293,100.06652541840594,land,Unknown,,,,,,Unknown
grid_12_23,347,12,23,6.953036036036035,81.72887891342009,6.907990990990991,6.9980810810810805,81.68340408593293,81.77435374090723,100.07028416926664,coastal,Unknown,,,,,,Unknown
grid_12_24,348,12,24,6.953036036036035,81.81982856839437,6.907990990990991,6.9980810810810805,81.77435374090723,81.86530339588153,100.0745433734872,ocean,Indian Ocean,,,N/A,Indian Ocean,Ocean,N/A
grid_12_25,349,12,25,6.953036036036035,81.9107782233687,6.907990990990991,6.9980810810810805,81.86530339588153,81.95625305085582,100.07930311592172,ocean,Indian Ocean,,,N/A,Indian Ocean,Ocean,N/A
grid_12_26,350,12,26,6.953036036036035,82.00172787834296,6.907990990990991,6.9980810810810805,81.95625305085582,82.04720270583012,100.08456349135864,ocean,Indian Ocean,,,N/A,Indian Ocean,Ocean,N/A
grid_13_0,351,13,0,7.043126126126125,79.63703684901137,6.9980810810810805,7.088171171171171,79.59156202152421,79.6825116764985,100.09156941731494,ocean,Indian Ocean,,,N/A,Indian Ocean,Ocean,N/A
grid_13_1,352,13,1,7.043126126126125,79.72798650398566,6.9980810810810805,7.088171171171171,79.6825116764985,79.7734613314728,100.0843236691272,ocean,Indian Ocean,,,N/A,Indian Ocean,Ocean,N/A
grid_13_2,353,13,2,7.043126126126125,79.81893615895994,6.9980810810810805,7.088171171171171,79.7734613314728,79.8644109864471,100.07757873959082,coastal,Unknown,,,,,,Unknown
grid_13_3,354,13,3,7.043126126126125,79.90988581393422,6.9980810810810805,7.088171171171171,79.86441098644708,79.95536064142138,100.07133449438084,land,Unknown,,,,,,Unknown
grid_13_4,355,13,4,7.043126126126125,80.00083546890852,6.9980810810810805,7.088171171171171,79.95536064142138,80.04631029639567,100.06559080923276,land,Unknown,,,,,,Unknown
grid_13_5,356,13,5,7.043126126126125,80.09178512388283,6.9980810810810805,7.088171171171171,80.04631029639567,80.13725995136997,100.0603475698207,land,Unknown,,,,,,Unknown
grid_13_6,357,13,6,7.043126126126125,80.18273477885711,6.9980810810810805,7.088171171171171,80.13725995136997,80.22820960634427,100.0556046717422,land,Unknown,,,,,,Unknown
grid_13_7,358,13,7,7.043126126126125,80.2736844338314,6.9980810810810805,7.088171171171171,80.22820960634427,80.31915926131856,100.05136202064352,land,Unknown,,,,,,Unknown
grid_13_8,359,13,8,7.043126126126125,80.36463408880569,6.9980810810810805,7.088171171171171,80.31915926131855,80.41010891629284,100.04761953209466,land,Unknown,,,,,,Unknown
grid_13_9,360,13,9,7.043126126126125,80.45558374377998,6.9980810810810805,7.088171171171171,80.41010891629284,80.50105857126714,100.0443771315797,land,Unknown,,,,,,Unknown
grid_13_10,361,13,10,7.043126126126125,80.54653339875429,6.9980810810810805,7.088171171171171,80.50105857126714,80.59200822624143,100.04163475461928,land,Unknown,,,,,,Unknown
grid_13_11,362,13,11,7.043126126126125,80.63748305372857,6.9980810810810805,7.088171171171171,80.59200822624143,80.68295788121573,100.03939234664752,land,Unknown,,,,,,Unknown
grid_13_12,363,13,12,7.043126126126125,80.72843270870285,6.9980810810810805,7.088171171171171,80.68295788121571,80.77390753619001,100.03764986300644,land,Unknown,,,,,,Unknown
grid_13_13,364,13,13,7.043126126126125,80.81938236367716,6.9980810810810805,7.088171171171171,80.77390753619001,80.8648571911643,100.03640726906778,land,Unknown,,,,,,Unknown
grid_13_14,365,13,14,7.043126126126125,80.91033201865146,6.9980810810810805,7.088171171171171,80.8648571911643,80.9558068461386,100.035664540108,land,Unknown,,,,,,Unknown
grid_13_15,366,13,15,7.043126126126125,81.00128167362574,6.9980810810810805,7.088171171171171,80.9558068461386,81.0467565011129,100.03542166130929,land,Unknown,,,,,,Unknown
grid_13_16,367,13,16,7.043126126126125,81.09223132860005,6.9980810810810805,7.088171171171171,81.0467565011129,81.13770615608719,100.03567862788016,land,Unknown,,,,,,Unknown
grid_13_17,368,13,17,7.043126126126125,81.18318098357432,6.9980810810810805,7.088171171171171,81.13770615608718,81.22865581106147,100.03643544493342,land,Unknown,,,,,,Unknown
grid_13_18,369,13,18,7.043126126126125,81.27413063854861,6.9980810810810805,7.088171171171171,81.22865581106147,81.31960546603577,100.03769212748686,land,Unknown,,,,,,Unknown
grid_13_19,370,13,19,7.043126126126125,81.36508029352292,6.9980810810810805,7.088171171171171,81.31960546603577,81.41055512101006,100.03944870058363,land,Unknown,,,,,,Unknown
grid_13_20,371,13,20,7.043126126126125,81.45602994849723,6.9980810810810805,7.088171171171171,81.41055512101006,81.50150477598436,100.04170519917274,land,Unknown,,,,,,Unknown
grid_13_21,372,13,21,7.043126126126125,81.5469796034715,6.9980810810810805,7.088171171171171,81.50150477598436,81.59245443095865,100.04446166810878,land,Unknown,,,,,,Unknown
grid_13_22,373,13,22,7.043126126126125,81.63792925844578,6.9980810810810805,7.088171171171171,81.59245443095864,81.68340408593293,100.04771816228482,land,Unknown,,,,,,Unknown
grid_13_23,374,13,23,7.043126126126125,81.72887891342009,6.9980810810810805,7.088171171171171,81.68340408593293,81.77435374090723,100.05147474649708,coastal,Unknown,,,,,,Unknown
grid_13_24,375,13,24,7.043126126126125,81.81982856839437,6.9980810810810805,7.088171171171171,81.77435374090723,81.86530339588153,100.05573149546105,ocean,Indian Ocean,,,N/A,Indian Ocean,Ocean,N/A
grid_13_25,376,13,25,7.043126126126125,81.9107782233687,6.9980810810810805,7.088171171171171,81.86530339588153,81.95625305085582,100.06048849393032,ocean,Indian Ocean,,,N/A,Indian Ocean,Ocean,N/A
grid_13_26,377,13,26,7.043126126126125,82.00172787834296,6.9980810810810805,7.088171171171171,81.95625305085582,82.04720270583012,100.06574583657824,ocean,Indian Ocean,,,N/A,Indian Ocean,Ocean,N/A
grid_14_0,378,14,0,7.133216216216216,79.63703684901137,7.088171171171171,7.178261261261261,79.59156202152421,79.6825116764985,100.07249536705316,ocean,Indian Ocean,,,N/A,Indian Ocean,Ocean,N/A
grid_14_1,379,14,1,7.133216216216216,79.72798650398566,7.088171171171171,7.178261261261261,79.6825116764985,79.7734613314728,100.0652538520376,ocean,Indian Ocean,,,N/A,Indian Ocean,Ocean,N/A
grid_14_2,380,14,2,7.133216216216216,79.81893615895994,7.088171171171171,7.178261261261261,79.7734613314728,79.8644109864471,100.05851286270452,coastal,Unknown,,,,,,Unknown
grid_14_3,381,14,3,7.133216216216216,79.90988581393422,7.088171171171171,7.178261261261261,79.86441098644708,79.95536064142138,100.05227226488812,land,Unknown,,,,,,Unknown
grid_14_4,382,14,4,7.133216216216216,80.00083546890852,7.088171171171171,7.178261261261261,79.95536064142138,80.04631029639567,100.04653193447392,land,Unknown,,,,,,Unknown
grid_14_5,383,14,5,7.133216216216216,80.09178512388283,7.088171171171171,7.178261261261261,80.04631029639567,80.13725995136997,100.04129175726888,land,Unknown,,,,,,Unknown
grid_14_6,384,14,6,7.133216216216216,80.18273477885711,7.088171171171171,7.178261261261261,80.13725995136997,80.22820960634427,100.03655162899392,land,Unknown,,,,,,Unknown
grid_14_7,385,14,7,7.133216216216216,80.2736844338314,7.088171171171171,7.178261261261261,80.22820960634427,80.31915926131856,100.032311455409,land,Unknown,,,,,,Unknown
grid_14_8,386,14,8,7.133216216216216,80.36463408880569,7.088171171171171,7.178261261261261,80.31915926131855,80.41010891629284,100.02857115218325,land,Unknown,,,,,,Unknown
grid_14_9,387,14,9,7.133216216216216,80.45558374377998,7.088171171171171,7.178261261261261,80.41010891629284,80.50105857126714,100.02533064488463,land,Unknown,,,,,,Unknown
grid_14_10,388,14,10,7.133216216216216,80.54653339875429,7.088171171171171,7.178261261261261,80.50105857126714,80.59200822624143,100.02258986911896,land,Unknown,,,,,,Unknown
grid_14_11,389,14,11,7.133216216216216,80.63748305372857,7.088171171171171,7.178261261261261,80.59200822624143,80.68295788121573,100.02034877037912,land,Unknown,,,,,,Unknown
grid_14_12,390,14,12,7.133216216216216,80.72843270870285,7.088171171171171,7.178261261261261,80.68295788121571,80.77390753619001,100.01860730405905,land,Unknown,,,,,,Unknown
grid_14_13,391,14,13,7.133216216216216,80.81938236367716,7.088171171171171,7.178261261261261,80.77390753619001,80.8648571911643,100.01736543557404,land,Unknown,,,,,,Unknown
grid_14_14,392,14,14,7.133216216216216,80.91033201865146,7.088171171171171,7.178261261261261,80.8648571911643,80.9558068461386,100.01662314023176,land,Unknown,,,,,,Unknown
grid_14_15,393,14,15,7.133216216216216,81.00128167362574,7.088171171171171,7.178261261261261,80.9558068461386,81.0467565011129,100.01638040322912,land,Unknown,,,,,,Unknown
grid_14_16,394,14,16,7.133216216216216,81.09223132860005,7.088171171171171,7.178261261261261,81.0467565011129,81.13770615608719,100.0166372197804,land,Unknown,,,,,,Unknown
grid_14_17,395,14,17,7.133216216216216,81.18318098357432,7.088171171171171,7.178261261261261,81.13770615608718,81.22865581106147,100.01739359499386,land,Unknown,,,,,,Unknown
grid_14_18,396,14,18,7.133216216216216,81.27413063854861,7.088171171171171,7.178261261261261,81.22865581106147,81.31960546603577,100.0186495438668,land,Unknown,,,,,,Unknown
grid_14_19,397,14,19,7.133216216216216,81.36508029352292,7.088171171171171,7.178261261261261,81.31960546603577,81.41055512101006,100.02040509141304,land,Unknown,,,,,,Unknown
grid_14_20,398,14,20,7.133216216216216,81.45602994849723,7.088171171171171,7.178261261261261,81.41055512101006,81.50150477598436,100.02266027254332,land,Unknown,,,,,,Unknown
grid_14_21,399,14,21,7.133216216216216,81.5469796034715,7.088171171171171,7.178261261261261,81.50150477598436,81.59245443095865,100.02541513205686,land,Unknown,,,,,,Unknown
grid_14_22,400,14,22,7.133216216216216,81.63792925844578,7.088171171171171,7.178261261261261,81.59245443095864,81.68340408593293,100.02866972478166,land,Unknown,,,,,,Unknown
grid_14_23,401,14,23,7.133216216216216,81.72887891342009,7.088171171171171,7.178261261261261,81.68340408593293,81.77435374090723,100.03242411543845,coastal,Unknown,,,,,,Unknown
grid_14_24,402,14,24,7.133216216216216,81.81982856839437,7.088171171171171,7.178261261261261,81.77435374090723,81.86530339588153,100.03667837865272,ocean,Indian Ocean,,,N/A,Indian Ocean,Ocean,N/A
grid_14_25,403,14,25,7.133216216216216,81.9107782233687,7.088171171171171,7.178261261261261,81.86530339588153,81.95625305085582,100.04143259907732,ocean,Indian Ocean,,,N/A,Indian Ocean,Ocean,N/A
grid_14_26,404,14,26,7.133216216216216,82.00172787834296,7.088171171171171,7.178261261261261,81.95625305085582,82.04720270583012,100.04668687127668,ocean,Indian Ocean,,,N/A,Indian Ocean,Ocean,N/A
grid_15_0,405,15,0,7.223306306306306,79.63703684901137,7.178261261261261,7.268351351351351,79.59156202152421,79.6825116764985,100.05317985760075,ocean,Indian Ocean,,,N/A,Indian Ocean,Ocean,N/A
grid_15_1,406,15,1,7.223306306306306,79.72798650398566,7.178261261261261,7.268351351351351,79.6825116764985,79.7734613314728,100.0459426276086,ocean,Indian Ocean,,,N/A,Indian Ocean,Ocean,N/A
grid_15_2,407,15,2,7.223306306306306,79.81893615895994,7.178261261261261,7.268351351351351,79.7734613314728,79.8644109864471,100.0392056267455,coastal,Unknown,,,,,,Unknown
grid_15_3,408,15,3,7.223306306306306,79.90988581393422,7.178261261261261,7.268351351351351,79.86441098644708,79.95536064142138,100.0329687210029,land,Unknown,,,,,,Unknown
grid_15_4,409,15,4,7.223306306306306,80.00083546890852,7.178261261261261,7.268351351351351,79.95536064142138,80.04631029639567,100.02723178641368,land,Unknown,,,,,,Unknown
grid_15_5,410,15,5,7.223306306306306,80.09178512388283,7.178261261261261,7.268351351351351,80.04631029639567,80.13725995136997,100.02199470892349,land,Unknown,,,,,,Unknown
grid_15_6,411,15,6,7.223306306306306,80.18273477885711,7.178261261261261,7.268351351351351,80.13725995136997,80.22820960634427,100.01725738438016,land,Unknown,,,,,,Unknown
grid_15_7,412,15,7,7.223306306306306,80.2736844338314,7.178261261261261,7.268351351351351,80.22820960634427,80.31915926131856,100.01301971865642,land,Unknown,,,,,,Unknown
grid_15_8,413,15,8,7.223306306306306,80.36463408880569,7.178261261261261,7.268351351351351,80.31915926131855,80.41010891629284,100.00928162752096,land,Unknown,,,,,,Unknown
grid_15_9,414,15,9,7.223306306306306,80.45558374377998,7.178261261261261,7.268351351351351,80.41010891629284,80.50105857126714,100.00604303663478,land,Unknown,,,,,,Unknown
grid_15_10,415,15,10,7.223306306306306,80.54653339875429,7.178261261261261,7.268351351351351,80.50105857126714,80.59200822624143,100.0033038816749,land,Unknown,,,,,,Unknown
grid_15_11,416,15,11,7.223306306306306,80.63748305372857,7.178261261261261,7.268351351351351,80.59200822624143,80.68295788121573,100.0010641082034,land,Unknown,,,,,,Unknown
grid_15_12,417,15,12,7.223306306306306,80.72843270870285,7.178261261261261,7.268351351351351,80.68295788121571,80.77390753619001,99.99932367166971,land,Unknown,,,,,,Unknown
grid_15_13,418,15,13,7.223306306306306,80.81938236367716,7.178261261261261,7.268351351351351,80.77390753619001,80.8648571911643,99.99808253752776,land,Unknown,,,,,,Unknown
grid_15_14,419,15,14,7.223306306306306,80.91033201865146,7.178261261261261,7.268351351351351,80.8648571911643,80.9558068461386,99.9973406811116,land,Unknown,,,,,,Unknown
grid_15_15,420,15,15,7.223306306306306,81.00128167362574,7.178261261261261,7.268351351351351,80.9558068461386,81.0467565011129,99.99709808763777,land,Unknown,,,,,,Unknown
grid_15_16,421,15,16,7.223306306306306,81.09223132860005,7.178261261261261,7.268351351351351,81.0467565011129,81.13770615608719,99.997354752333,land,Unknown,,,,,,Unknown
grid_15_17,422,15,17,7.223306306306306,81.18318098357432,7.178261261261261,7.268351351351351,81.13770615608718,81.22865581106147,99.9981106802927,land,Unknown,,,,,,Unknown
grid_15_18,423,15,18,7.223306306306306,81.27413063854861,7.178261261261261,7.268351351351351,81.22865581106147,81.31960546603577,99.99936588649652,land,Unknown,,,,,,Unknown
grid_15_19,424,15,19,7.223306306306306,81.36508029352292,7.178261261261261,7.268351351351351,81.31960546603577,81.41055512101006,100.00112039593134,land,Unknown,,,,,,Unknown
grid_15_20,425,15,20,7.223306306306306,81.45602994849723,7.178261261261261,7.268351351351351,81.41055512101006,81.50150477598436,100.00337424346566,land,Unknown,,,,,,Unknown
grid_15_21,426,15,21,7.223306306306306,81.5469796034715,7.178261261261261,7.268351351351351,81.50150477598436,81.59245443095865,100.0061274738429,land,Unknown,,,,,,Unknown
grid_15_22,427,15,22,7.223306306306306,81.63792925844578,7.178261261261261,7.268351351351351,81.59245443095864,81.68340408593293,100.00938014182432,land,Unknown,,,,,,Unknown
grid_15_23,428,15,23,7.223306306306306,81.72887891342009,7.178261261261261,7.268351351351351,81.68340408593293,81.77435374090723,100.01313231205536,coastal,Unknown,,,,,,Unknown
grid_15_24,429,15,24,7.223306306306306,81.81982856839437,7.178261261261261,7.268351351351351,81.77435374090723,81.86530339588153,100.01738405907189,ocean,Indian Ocean,,,N/A,Indian Ocean,Ocean,N/A
grid_15_25,430,15,25,7.223306306306306,81.9107782233687,7.178261261261261,7.268351351351351,81.86530339588153,81.95625305085582,100.02213546742362,ocean,Indian Ocean,,,N/A,Indian Ocean,Ocean,N/A
grid_15_26,431,15,26,7.223306306306306,82.00172787834296,7.178261261261261,7.268351351351351,81.95625305085582,82.04720270583012,100.02738663156236,ocean,Indian Ocean,,,N/A,Indian Ocean,Ocean,N/A
grid_16_0,432,16,0,7.313396396396396,79.63703684901137,7.268351351351351,7.358441441441441,79.59156202152421,79.6825116764985,100.03362292578947,ocean,Indian Ocean,,,N/A,Indian Ocean,Ocean,N/A
grid_16_1,433,16,1,7.313396396396396,79.72798650398566,7.268351351351351,7.358441441441441,79.6825116764985,79.7734613314728,100.02639003260128,ocean,Indian Ocean,,,N/A,Indian Ocean,Ocean,N/A
grid_16_2,434,16,2,7.313396396396396,79.81893615895994,7.268351351351351,7.358441441441441,79.7734613314728,79.8644109864471,100.0196570684006,coastal,Unknown,,,,,,Unknown
grid_16_3,435,16,3,7.313396396396396,79.90988581393422,7.268351351351351,7.358441441441441,79.86441098644708,79.95536064142138,100.01342389934392,land,Unknown,,,,,,Unknown
grid_16_4,436,16,4,7.313396396396396,80.00083546890852,7.268351351351351,7.358441441441441,79.95536064142138,80.04631029639567,100.0076904016168,land,Unknown,,,,,,Unknown
grid_16_5,437,16,5,7.313396396396396,80.09178512388283,7.268351351351351,7.358441441441441,80.04631029639567,80.13725995136997,100.00245646130276,land,Unknown,,,,,,Unknown
grid_16_6,438,16,6,7.313396396396396,80.18273477885711,7.268351351351351,7.358441441441441,80.13725995136997,80.22820960634427,99.997721974371,land,Unknown,,,,,,Unknown
grid_16_7,439,16,7,7.313396396396396,80.2736844338314,7.268351351351351,7.358441441441441,80.22820960634427,80.31915926131856,99.99348684681348,land,Unknown,,,,,,Unknown
grid_16_8,440,16,8,7.313396396396396,80.36463408880569,7.268351351351351,7.358441441441441,80.31915926131855,80.41010891629284,99.9897509945,land,Unknown,,,,,,Unknown
grid_16_9,441,16,9,7.313396396396396,80.45558374377998,7.268351351351351,7.358441441441441,80.41010891629284,80.50105857126714,99.9865143431831,land,Unknown,,,,,,Unknown
grid_16_10,442,16,10,7.313396396396396,80.54653339875429,7.268351351351351,7.358441441441441,80.50105857126714,80.59200822624143,99.98377682861624,land,Unknown,,,,,,Unknown
grid_16_11,443,16,11,7.313396396396396,80.63748305372857,7.268351351351351,7.358441441441441,80.59200822624143,80.68295788121573,99.98153839643015,land,Unknown,,,,,,Unknown
grid_16_12,444,16,12,7.313396396396396,80.72843270870285,7.268351351351351,7.358441441441441,80.68295788121571,80.77390753619001,99.97979900212276,land,Unknown,,,,,,Unknown
grid_16_13,445,16,13,7.313396396396396,80.81938236367716,7.268351351351351,7.358441441441441,80.77390753619001,80.8648571911643,99.9785586111948,land,Unknown,,,,,,Unknown
grid_16_14,446,16,14,7.313396396396396,80.91033201865146,7.268351351351351,7.358441441441441,80.8648571911643,80.9558068461386,99.97781719901266,land,Unknown,,,,,,Unknown
grid_16_15,447,16,15,7.313396396396396,81.00128167362574,7.268351351351351,7.358441441441441,80.9558068461386,81.0467565011129,99.97757475080832,land,Unknown,,,,,,Unknown
grid_16_16,448,16,16,7.313396396396396,81.09223132860005,7.268351351351351,7.358441441441441,81.0467565011129,81.13770615608719,99.97783126180906,land,Unknown,,,,,,Unknown
grid_16_17,449,16,17,7.313396396396396,81.18318098357432,7.268351351351351,7.358441441441441,81.13770615608718,81.22865581106147,99.97858673711032,land,Unknown,,,,,,Unknown
grid_16_18,450,16,18,7.313396396396396,81.27413063854861,7.268351351351351,7.358441441441441,81.22865581106147,81.31960546603577,99.97984119167354,land,Unknown,,,,,,Unknown
grid_16_19,451,16,19,7.313396396396396,81.36508029352292,7.268351351351351,7.358441441441441,81.31960546603577,81.41055512101006,99.98159465045164,land,Unknown,,,,,,Unknown
grid_16_20,452,16,20,7.313396396396396,81.45602994849723,7.268351351351351,7.358441441441441,81.41055512101006,81.50150477598436,99.98384714826948,land,Unknown,,,,,,Unknown
grid_16_21,453,16,21,7.313396396396396,81.5469796034715,7.268351351351351,7.358441441441441,81.50150477598436,81.59245443095865,99.98659872982184,land,Unknown,,,,,,Unknown
grid_16_22,454,16,22,7.313396396396396,81.63792925844578,7.268351351351351,7.358441441441441,81.59245443095864,81.68340408593293,99.98984944980398,land,Unknown,,,,,,Unknown
grid_16_23,455,16,23,7.313396396396396,81.72887891342009,7.268351351351351,7.358441441441441,81.68340408593293,81.77435374090723,99.9935993727775,coastal,Unknown,,,,,,Unknown
grid_16_24,456,16,24,7.313396396396396,81.81982856839437,7.268351351351351,7.358441441441441,81.77435374090723,81.86530339588153,99.9978485731869,ocean,Indian Ocean,,,N/A,Indian Ocean,Ocean,N/A
grid_16_25,457,16,25,7.313396396396396,81.9107782233687,7.268351351351351,7.358441441441441,81.86530339588153,81.95625305085582,100.00259713548628,ocean,Indian Ocean,,,N/A,Indian Ocean,Ocean,N/A
grid_16_26,458,16,26,7.313396396396396,82.00172787834296,7.268351351351351,7.358441441441441,81.95625305085582,82.04720270583012,100.00784515400731,ocean,Indian Ocean,,,N/A,Indian Ocean,Ocean,N/A
grid_17_0,459,17,0,7.403486486486486,79.63703684901137,7.358441441441441,7.448531531531531,79.59156202152421,79.6825116764985,100.01382460892756,ocean,Indian Ocean,,,N/A,Indian Ocean,Ocean,N/A
grid_17_1,460,17,1,7.403486486486486,79.72798650398566,7.358441441441441,7.448531531531531,79.6825116764985,79.7734613314728,100.00659610424717,ocean,Indian Ocean,,,N/A,Indian Ocean,Ocean,N/A
grid_17_2,461,17,2,7.403486486486486,79.81893615895994,7.358441441441441,7.448531531531531,79.7734613314728,79.8644109864471,99.99986722483584,coastal,Unknown,,,,,,Unknown
grid_17_3,462,17,3,7.403486486486486,79.90988581393422,7.358441441441441,7.448531531531531,79.86441098644708,79.95536064142138,99.99363783701686,land,Unknown,,,,,,Unknown
grid_17_4,463,17,4,7.403486486486486,80.00083546890852,7.358441441441441,7.448531531531531,79.95536064142138,80.04631029639567,99.98790781712712,land,Unknown,,,,,,Unknown
grid_17_5,464,17,5,7.403486486486486,80.09178512388283,7.358441441441441,7.448531531531531,80.04631029639567,80.13725995136997,99.98267705138844,land,Unknown,,,,,,Unknown
grid_17_6,465,17,6,7.403486486486486,80.18273477885711,7.358441441441441,7.448531531531531,80.13725995136997,80.22820960634427,99.9779454359038,land,Unknown,,,,,,Unknown
grid_17_7,466,17,7,7.403486486486486,80.2736844338314,7.358441441441441,7.448531531531531,80.22820960634427,80.31915926131856,99.973712876775,land,Unknown,,,,,,Unknown
grid_17_8,467,17,8,7.403486486486486,80.36463408880569,7.358441441441441,7.448531531531531,80.31915926131855,80.41010891629284,99.96997928997654,land,Unknown,,,,,,Unknown
grid_17_9,468,17,9,7.403486486486486,80.45558374377998,7.358441441441441,7.448531531531531,80.41010891629284,80.50105857126714,99.96674460135232,land,Unknown,,,,,,Unknown
grid_17_10,469,17,10,7.403486486486486,80.54653339875429,7.358441441441441,7.448531531531531,80.50105857126714,80.59200822624143,99.96400874673763,land,Unknown,,,,,,Unknown
grid_17_11,470,17,11,7.403486486486486,80.63748305372857,7.358441441441441,7.448531531531531,80.59200822624143,80.68295788121573,99.96177167182584,land,Unknown,,,,,,Unknown
grid_17_12,471,17,12,7.403486486486486,80.72843270870285,7.358441441441441,7.448531531531531,80.68295788121571,80.77390753619001,99.96003333217428,land,Unknown,,,,,,Unknown
grid_17_13,472,17,13,7.403486486486486,80.81938236367716,7.358441441441441,7.448531531531531,80.77390753619001,80.8648571911643,99.95879369332442,land,Unknown,,,,,,Unknown
grid_17_14,473,17,14,7.403486486486486,80.91033201865146,7.358441441441441,7.448531531531531,80.8648571911643,80.9558068461386,99.95805273066917,land,Unknown,,,,,,Unknown
grid_17_15,474,17,15,7.403486486486486,81.00128167362574,7.358441441441441,7.448531531531531,80.9558068461386,81.0467565011129,99.9578104294651,land,Unknown,,,,,,Unknown
grid_17_16,475,17,16,7.403486486486486,81.09223132860005,7.358441441441441,7.448531531531531,81.0467565011129,81.13770615608719,99.95806678494174,land,Unknown,,,,,,Unknown
grid_17_17,476,17,17,7.403486486486486,81.18318098357432,7.358441441441441,7.448531531531531,81.13770615608718,81.22865581106147,99.95882180218764,land,Unknown,,,,,,Unknown
grid_17_18,477,17,18,7.403486486486486,81.27413063854861,7.358441441441441,7.448531531531531,81.22865581106147,81.31960546603577,99.96007549614475,land,Unknown,,,,,,Unknown
grid_17_19,478,17,19,7.403486486486486,81.36508029352292,7.358441441441441,7.448531531531531,81.31960546603577,81.41055512101006,99.96182789173982,land,Unknown,,,,,,Unknown
grid_17_20,479,17,20,7.403486486486486,81.45602994849723,7.358441441441441,7.448531531531531,81.41055512101006,81.50150477598436,99.96407902375356,land,Unknown,,,,,,Unknown
grid_17_21,480,17,21,7.403486486486486,81.5469796034715,7.358441441441441,7.448531531531531,81.50150477598436,81.59245443095865,99.96682893682284,land,Unknown,,,,,,Unknown
grid_17_22,481,17,22,7.403486486486486,81.63792925844578,7.358441441441441,7.448531531531531,81.59245443095864,81.68340408593293,99.97007768557184,land,Unknown,,,,,,Unknown
grid_17_23,482,17,23,7.403486486486486,81.72887891342009,7.358441441441441,7.448531531531531,81.68340408593293,81.77435374090723,99.97382533449483,coastal,Unknown,,,,,,Unknown
grid_17_24,483,17,24,7.403486486486486,81.81982856839437,7.358441441441441,7.448531531531531,81.77435374090723,81.86530339588153,99.97807195793938,coastal,Unknown,,,,,,Unknown
grid_17_25,484,17,25,7.403486486486486,81.9107782233687,7.358441441441441,7.448531531531531,81.86530339588153,81.95625305085582,99.98281764025064,ocean,Indian Ocean,,,N/A,Indian Ocean,Ocean,N/A
grid_17_26,485,17,26,7.403486486486486,82.00172787834296,7.358441441441441,7.448531531531531,81.95625305085582,82.04720270583012,99.98806247564868,ocean,Indian Ocean,,,N/A,Indian Ocean,Ocean,N/A
grid_18_0,486,18,0,7.493576576576577,79.63703684901137,7.448531531531531,7.538621621621621,79.59156202152421,79.6825116764985,99.99378494476784,ocean,Indian Ocean,,,N/A,Indian Ocean,Ocean,N/A
grid_18_1,487,18,1,7.493576576576577,79.72798650398566,7.448531531531531,7.538621621621621,79.6825116764985,79.7734613314728,99.98656088022612,ocean,Indian Ocean,,,N/A,Indian Ocean,Ocean,N/A
grid_18_2,488,18,2,7.493576576576577,79.81893615895994,7.448531531531531,7.538621621621621,79.7734613314728,79.8644109864471,99.97983613366186,coastal,Unknown,,,,,,Unknown
grid_18_3,489,18,3,7.493576576576577,79.90988581393422,7.448531531531531,7.538621621621621,79.86441098644708,79.95536064142138,99.973610571566,land,Unknown,,,,,,Unknown
grid_18_4,490,18,4,7.493576576576577,80.00083546890852,7.448531531531531,7.538621621621621,79.95536064142138,80.04631029639567,99.96788407042928,land,Unknown,,,,,,Unknown
grid_18_5,491,18,5,7.493576576576577,80.09178512388283,7.448531531531531,7.538621621621621,80.04631029639567,80.13725995136997,99.96265651661544,land,Unknown,,,,,,Unknown
grid_18_6,492,18,6,7.493576576576577,80.18273477885711,7.448531531531531,7.538621621621621,80.13725995136997,80.22820960634427,99.95792780635756,land,Unknown,,,,,,Unknown
grid_18_7,493,18,7,7.493576576576577,80.2736844338314,7.448531531531531,7.538621621621621,80.22820960634427,80.31915926131856,99.95369784587452,land,Unknown,,,,,,Unknown
grid_18_8,494,18,8,7.493576576576577,80.36463408880569,7.448531531531531,7.538621621621621,80.31915926131855,80.41010891629284,99.94996655124714,land,Unknown,,,,,,Unknown
grid_18_9,495,18,9,7.493576576576577,80.45558374377998,7.448531531531531,7.538621621621621,80.41010891629284,80.50105857126714,99.9467338484107,land,Unknown,,,,,,Unknown
grid_18_10,496,18,10,7.493576576576577,80.54653339875429,7.448531531531531,7.538621621621621,80.50105857126714,80.59200822624143,99.94399967327784,land,Unknown,,,,,,Unknown
grid_18_11,497,18,11,7.493576576576577,80.63748305372857,7.448531531531531,7.538621621621621,80.59200822624143,80.68295788121573,99.94176397161095,land,Unknown,,,,,,Unknown
grid_18_12,498,18,12,7.493576576576577,80.72843270870285,7.448531531531531,7.538621621621621,80.68295788121571,80.77390753619001,99.94002669902343,land,Unknown,,,,,,Unknown
grid_18_13,499,18,13,7.493576576576577,80.81938236367716,7.448531531531531,7.538621621621621,80.77390753619001,80.8648571911643,99.93878782109716,land,Unknown,,,,,,Unknown
grid_18_14,500,18,14,7.493576576576577,80.91033201865146,7.448531531531531,7.538621621621621,80.8648571911643,80.9558068461386,99.93804731326084,land,Unknown,,,,,,Unknown
grid_18_15,501,18,15,7.493576576576577,81.00128167362574,7.448531531531531,7.538621621621621,80.9558068461386,81.0467565011129,99.9378051607844,land,Unknown,,,,,,Unknown
grid_18_16,502,18,16,7.493576576576577,81.09223132860005,7.448531531531531,7.538621621621621,81.0467565011129,81.13770615608719,99.93806135890428,land,Unknown,,,,,,Unknown
grid_18_17,503,18,17,7.493576576576577,81.18318098357432,7.448531531531531,7.538621621621621,81.13770615608718,81.22865581106147,99.938815912704,land,Unknown,,,,,,Unknown
grid_18_18,504,18,18,7.493576576576577,81.27413063854861,7.448531531531531,7.538621621621621,81.22865581106147,81.31960546603577,99.94006883710954,land,Unknown,,,,,,Unknown
grid_18_19,505,18,19,7.493576576576577,81.36508029352292,7.448531531531531,7.538621621621621,81.31960546603577,81.41055512101006,99.94182015701126,land,Unknown,,,,,,Unknown
grid_18_20,506,18,20,7.493576576576577,81.45602994849723,7.448531531531531,7.538621621621621,81.41055512101006,81.50150477598436,99.94406990714909,land,Unknown,,,,,,Unknown
grid_18_21,507,18,21,7.493576576576577,81.5469796034715,7.448531531531531,7.538621621621621,81.50150477598436,81.59245443095865,99.94681813210735,land,Unknown,,,,,,Unknown
grid_18_22,508,18,22,7.493576576576577,81.63792925844578,7.448531531531531,7.538621621621621,81.59245443095864,81.68340408593293,99.95006488644164,land,Unknown,,,,,,Unknown
grid_18_23,509,18,23,7.493576576576577,81.72887891342009,7.448531531531531,7.538621621621621,81.68340408593293,81.77435374090723,99.95381023455565,land,Unknown,,,,,,Unknown
grid_18_24,510,18,24,7.493576576576577,81.81982856839437,7.448531531531531,7.538621621621621,81.77435374090723,81.86530339588153,99.95805425071192,coastal,Unknown,,,,,,Unknown
grid_18_25,511,18,25,7.493576576576577,81.9107782233687,7.448531531531531,7.538621621621621,81.86530339588153,81.95625305085582,99.96279701915512,ocean,Indian Ocean,,,N/A,Indian Ocean,Ocean,N/A
grid_18_26,512,18,26,7.493576576576577,82.00172787834296,7.448531531531531,7.538621621621621,81.95625305085582,82.04720270583012,99.96803863398225,ocean,Indian Ocean,,,N/A,Indian Ocean,Ocean,N/A
grid_19_0,513,19,0,7.583666666666667,79.63703684901137,7.538621621621621,7.628711711711711,79.59156202152421,79.6825116764985,99.97350397155158,ocean,Indian Ocean,,,N/A,Indian Ocean,Ocean,N/A
grid_19_1,514,19,1,7.583666666666667,79.72798650398566,7.538621621621621,7.628711711711711,79.6825116764985,79.7734613314728,99.9662843987003,coastal,Unknown,,,,,,Unknown
grid_19_2,515,19,2,7.583666666666667,79.81893615895994,7.538621621621621,7.628711711711711,79.7734613314728,79.8644109864471,99.95956383297062,coastal,Unknown,,,,,,Unknown
grid_19_3,516,19,3,7.583666666666667,79.90988581393422,7.538621621621621,7.628711711711711,79.86441098644708,79.95536064142138,99.95334214101922,land,Unknown,,,,,,Unknown
grid_19_4,517,19,4,7.583666666666667,80.00083546890852,7.538621621621621,7.628711711711711,79.95536064142138,80.04631029639567,99.94761919949303,land,Unknown,,,,,,Unknown
grid_19_5,518,19,5,7.583666666666667,80.09178512388283,7.538621621621621,7.628711711711711,80.04631029639567,80.13725995136997,99.94239489490208,land,Unknown,,,,,,Unknown
grid_19_6,519,19,6,7.583666666666667,80.18273477885711,7.538621621621621,7.628711711711711,80.13725995136997,80.22820960634427,99.93766912360582,land,Unknown,,,,,,Unknown
grid_19_7,520,19,7,7.583666666666667,80.2736844338314,7.538621621621621,7.628711711711711,80.22820960634427,80.31915926131856,99.93344179194216,land,Unknown,,,,,,Unknown
grid_19_8,521,19,8,7.583666666666667,80.36463408880569,7.538621621621621,7.628711711711711,80.31915926131855,80.41010891629284,99.92971281609972,land,Unknown,,,,,,Unknown
grid_19_9,522,19,9,7.583666666666667,80.45558374377998,7.538621621621621,7.628711711711711,80.41010891629284,80.50105857126714,99.92648212210496,land,Unknown,,,,,,Unknown
grid_19_10,523,19,10,7.583666666666667,80.54653339875429,7.538621621621621,7.628711711711711,80.50105857126714,80.59200822624143,99.92374964595258,land,Unknown,,,,,,Unknown
grid_19_11,524,19,11,7.583666666666667,80.63748305372857,7.538621621621621,7.628711711711711,80.59200822624143,80.68295788121573,99.921515333477,land,Unknown,,,,,,Unknown
grid_19_12,525,19,12,7.583666666666667,80.72843270870285,7.538621621621621,7.628711711711711,80.68295788121571,80.77390753619001,99.91977914034442,land,Unknown,,,,,,Unknown
grid_19_13,526,19,13,7.583666666666667,80.81938236367716,7.538621621621621,7.628711711711711,80.77390753619001,80.8648571911643,99.91854103217943,land,Unknown,,,,,,Unknown
grid_19_14,527,19,14,7.583666666666667,80.91033201865146,7.538621621621621,7.628711711711711,80.8648571911643,80.9558068461386,99.91780098444085,land,Unknown,,,,,,Unknown
grid_19_15,528,19,15,7.583666666666667,81.00128167362574,7.538621621621621,7.628711711711711,80.9558068461386,81.0467565011129,99.9175589824174,land,Unknown,,,,,,Unknown
grid_19_16,529,19,16,7.583666666666667,81.09223132860005,7.538621621621621,7.628711711711711,81.0467565011129,81.13770615608719,99.91781502135684,land,Unknown,,,,,,Unknown
grid_19_17,530,19,17,7.583666666666667,81.18318098357432,7.538621621621621,7.628711711711711,81.13770615608718,81.22865581106147,99.91856910633322,land,Unknown,,,,,,Unknown
grid_19_18,531,19,18,7.583666666666667,81.27413063854861,7.538621621621621,7.628711711711711,81.22865581106147,81.31960546603577,99.91982125225026,land,Unknown,,,,,,Unknown
grid_19_19,532,19,19,7.583666666666667,81.36508029352292,7.538621621621621,7.628711711711711,81.31960546603577,81.41055512101006,99.92157148396892,land,Unknown,,,,,,Unknown
grid_19_20,533,19,20,7.583666666666667,81.45602994849723,7.538621621621621,7.628711711711711,81.41055512101006,81.50150477598436,99.923819836187,land,Unknown,,,,,,Unknown
grid_19_21,534,19,21,7.583666666666667,81.5469796034715,7.538621621621621,7.628711711711711,81.50150477598436,81.59245443095865,99.9265663534294,land,Unknown,,,,,,Unknown
grid_19_22,535,19,22,7.583666666666667,81.63792925844578,7.538621621621621,7.628711711711711,81.59245443095864,81.68340408593293,99.92981109018211,land,Unknown,,,,,,Unknown
grid_19_23,536,19,23,7.583666666666667,81.72887891342009,7.538621621621621,7.628711711711711,81.68340408593293,81.77435374090723,99.93355411077476,coastal,Unknown,,,,,,Unknown
grid_19_24,537,19,24,7.583666666666667,81.81982856839437,7.538621621621621,7.628711711711711,81.77435374090723,81.86530339588153,99.937795489374,coastal,Unknown,,,,,,Unknown
grid_19_25,538,19,25,7.583666666666667,81.9107782233687,7.538621621621621,7.628711711711711,81.86530339588153,81.95625305085582,99.94253531011194,ocean,Indian Ocean,,,N/A,Indian Ocean,Ocean,N/A
grid_19_26,539,19,26,7.583666666666667,82.00172787834296,7.538621621621621,7.628711711711711,81.95625305085582,82.04720270583012,99.94777366697208,ocean,Indian Ocean,,,N/A,Indian Ocean,Ocean,N/A
grid_20_0,540,20,0,7.673756756756754,79.63703684901137,7.628711711711711,7.718801801801801,79.59156202152421,79.6825116764985,99.95298172798034,ocean,Indian Ocean,,,N/A,Indian Ocean,Ocean,N/A
grid_20_1,541,20,1,7.673756756756754,79.72798650398566,7.628711711711711,7.718801801801801,79.6825116764985,79.7734613314728,99.94576669829893,coastal,Unknown,,,,,,Unknown
grid_20_2,542,20,2,7.673756756756754,79.81893615895994,7.628711711711711,7.718801801801801,79.7734613314728,79.8644109864471,99.9390503613163,land,Unknown,,,,,,Unknown
grid_20_3,543,20,3,7.673756756756754,79.90988581393422,7.628711711711711,7.718801801801801,79.86441098644708,79.95536064142138,99.93283258386168,land,Unknown,,,,,,Unknown
grid_20_4,544,20,4,7.673756756756754,80.00083546890852,7.628711711711711,7.718801801801801,79.95536064142138,80.04631029639567,99.92711324274364,land,Unknown,,,,,,Unknown
grid_20_5,545,20,5,7.673756756756754,80.09178512388283,7.628711711711711,7.718801801801801,80.04631029639567,80.13725995136997,99.92189222460968,land,Unknown,,,,,,Unknown
grid_20_6,546,20,6,7.673756756756754,80.18273477885711,7.628711711711711,7.718801801801801,80.13725995136997,80.22820960634427,99.91716942595588,land,Unknown,,,,,,Unknown
grid_20_7,547,20,7,7.673756756756754,80.2736844338314,7.628711711711711,7.718801801801801,80.22820960634427,80.31915926131856,99.91294475324402,land,Unknown,,,,,,Unknown
grid_20_8,548,20,8,7.673756756756754,80.36463408880569,7.628711711711711,7.718801801801801,80.31915926131855,80.41010891629284,99.90921812276154,land,Unknown,,,,,,Unknown
grid_20_9,549,20,9,7.673756756756754,80.45558374377998,7.628711711711711,7.718801801801801,80.41010891629284,80.50105857126714,99.90598946063352,land,Unknown,,,,,,Unknown
grid_20_10,550,20,10,7.673756756756754,80.54653339875429,7.628711711711711,7.718801801801801,80.50105857126714,80.59200822624143,99.9032587029384,land,Unknown,,,,,,Unknown
grid_20_11,551,20,11,7.673756756756754,80.63748305372857,7.628711711711711,7.718801801801801,80.59200822624143,80.68295788121573,99.9010257955752,land,Unknown,,,,,,Unknown
grid_20_12,552,20,12,7.673756756756754,80.72843270870285,7.628711711711711,7.718801801801801,80.68295788121571,80.77390753619001,99.8992906942666,land,Unknown,,,,,,Unknown
grid_20_13,553,20,13,7.673756756756754,80.81938236367716,7.628711711711711,7.718801801801801,80.77390753619001,80.8648571911643,99.89805336468488,land,Unknown,,,,,,Unknown
grid_20_14,554,20,14,7.673756756756754,80.91033201865146,7.628711711711711,7.718801801801801,80.8648571911643,80.9558068461386,99.89731378231848,land,Unknown,,,,,,Unknown
grid_20_15,555,20,15,7.673756756756754,81.00128167362574,7.628711711711711,7.718801801801801,80.9558068461386,81.0467565011129,99.89707193247786,land,Unknown,,,,,,Unknown
grid_20_16,556,20,16,7.673756756756754,81.09223132860005,7.628711711711711,7.718801801801801,81.0467565011129,81.13770615608719,99.89732781041012,land,Unknown,,,,,,Unknown
grid_20_17,557,20,17,7.673756756756754,81.18318098357432,7.628711711711711,7.718801801801801,81.13770615608718,81.22865581106147,99.89808142118363,land,Unknown,,,,,,Unknown
grid_20_18,558,20,18,7.673756756756754,81.27413063854861,7.628711711711711,7.718801801801801,81.22865581106147,81.31960546603577,99.89933277968862,land,Unknown,,,,,,Unknown
grid_20_19,559,20,19,7.673756756756754,81.36508029352292,7.628711711711711,7.718801801801801,81.31960546603577,81.41055512101006,99.90108191075387,land,Unknown,,,,,,Unknown
grid_20_20,560,20,20,7.673756756756754,81.45602994849723,7.628711711711711,7.718801801801801,81.41055512101006,81.50150477598436,99.90332884902983,land,Unknown,,,,,,Unknown
grid_20_21,561,20,21,7.673756756756754,81.5469796034715,7.628711711711711,7.718801801801801,81.50150477598436,81.59245443095865,99.90607363898388,land,Unknown,,,,,,Unknown
grid_20_22,562,20,22,7.673756756756754,81.63792925844578,7.628711711711711,7.718801801801801,81.59245443095864,81.68340408593293,99.90931633503368,land,Unknown,,,,,,Unknown
grid_20_23,563,20,23,7.673756756756754,81.72887891342009,7.628711711711711,7.718801801801801,81.68340408593293,81.77435374090723,99.91305700142972,coastal,Unknown,,,,,,Unknown
grid_20_24,564,20,24,7.673756756756754,81.81982856839437,7.628711711711711,7.718801801801801,81.77435374090723,81.86530339588153,99.91729571223895,ocean,Indian Ocean,,,N/A,Indian Ocean,Ocean,N/A
grid_20_25,565,20,25,7.673756756756754,81.9107782233687,7.628711711711711,7.718801801801801,81.86530339588153,81.95625305085582,99.92203255148976,ocean,Indian Ocean,,,N/A,Indian Ocean,Ocean,N/A
grid_20_26,566,20,26,7.673756756756754,82.00172787834296,7.628711711711711,7.718801801801801,81.95625305085582,82.04720270583012,99.92726761304549,ocean,Indian Ocean,,,N/A,Indian Ocean,Ocean,N/A
grid_21_0,567,21,0,7.763846846846846,79.63703684901137,7.718801801801802,7.808891891891892,79.59156202152421,79.6825116764985,99.93221825320444,ocean,Indian Ocean,,,N/A,Indian Ocean,Ocean,N/A
grid_21_1,568,21,1,7.763846846846846,79.72798650398566,7.718801801801802,7.808891891891892,79.6825116764985,79.7734613314728,99.92500781808916,coastal,Unknown,,,,,,Unknown
grid_21_2,569,21,2,7.763846846846846,79.81893615895994,7.718801801801802,7.808891891891892,79.7734613314728,79.8644109864471,99.91829575769736,land,Unknown,,,,,,Unknown
grid_21_3,570,21,3,7.763846846846846,79.90988581393422,7.718801801801802,7.808891891891892,79.86441098644708,79.95536064142138,99.91208193903005,land,Unknown,,,,,,Unknown
grid_21_4,571,21,4,7.763846846846846,80.00083546890852,7.718801801801802,7.808891891891892,79.95536064142138,80.04631029639567,99.90636623905134,land,Unknown,,,,,,Unknown
grid_21_5,572,21,5,7.763846846846846,80.09178512388283,7.718801801801802,7.808891891891892,80.04631029639567,80.13725995136997,99.90114854456,land,Unknown,,,,,,Unknown
grid_21_6,573,21,6,7.763846846846846,80.18273477885711,7.718801801801802,7.808891891891892,80.13725995136997,80.22820960634427,99.89642875218458,land,Unknown,,,,,,Unknown
grid_21_7,574,21,7,7.763846846846846,80.2736844338314,7.718801801801802,7.808891891891892,80.22820960634427,80.31915926131856,99.89220676850454,land,Unknown,,,,,,Unknown
grid_21_8,575,21,8,7.763846846846846,80.36463408880569,7.718801801801802,7.808891891891892,80.31915926131855,80.41010891629284,99.8884825099196,land,Unknown,,,,,,Unknown
grid_21_9,576,21,9,7.763846846846846,80.45558374377998,7.718801801801802,7.808891891891892,80.41010891629284,80.50105857126714,99.88525590264835,land,Unknown,,,,,,Unknown
grid_21_10,577,21,10,7.763846846846846,80.54653339875429,7.718801801801802,7.808891891891892,80.50105857126714,80.59200822624143,99.88252688285004,land,Unknown,,,,,,Unknown
grid_21_11,578,21,11,7.763846846846846,80.63748305372857,7.718801801801802,7.808891891891892,80.59200822624143,80.68295788121573,99.88029539649658,land,Unknown,,,,,,Unknown
grid_21_12,579,21,12,7.763846846846846,80.72843270870285,7.718801801801802,7.808891891891892,80.68295788121571,80.77390753619001,99.878561399369,land,Unknown,,,,,,Unknown
grid_21_13,580,21,13,7.763846846846846,80.81938236367716,7.718801801801802,7.808891891891892,80.77390753619001,80.8648571911643,99.87732485717936,land,Unknown,,,,,,Unknown
grid_21_14,581,21,14,7.763846846846846,80.91033201865146,7.718801801801802,7.808891891891892,80.8648571911643,80.9558068461386,99.8765857454491,land,Unknown,,,,,,Unknown
grid_21_15,582,21,15,7.763846846846846,81.00128167362574,7.718801801801802,7.808891891891892,80.9558068461386,81.0467565011129,99.87634404950784,land,Unknown,,,,,,Unknown
grid_21_16,583,21,16,7.763846846846846,81.09223132860005,7.718801801801802,7.808891891891892,81.0467565011129,81.13770615608719,99.87659976461246,land,Unknown,,,,,,Unknown
grid_21_17,584,21,17,7.763846846846846,81.18318098357432,7.718801801801802,7.808891891891892,81.13770615608718,81.22865581106147,99.87735289582535,land,Unknown,,,,,,Unknown
grid_21_18,585,21,18,7.763846846846846,81.27413063854861,7.718801801801802,7.808891891891892,81.22865581106147,81.31960546603577,99.8786034580099,land,Unknown,,,,,,Unknown
grid_21_19,586,21,19,7.763846846846846,81.36508029352292,7.718801801801802,7.808891891891892,81.31960546603577,81.41055512101006,99.8803514759648,land,Unknown,,,,,,Unknown
grid_21_20,587,21,20,7.763846846846846,81.45602994849723,7.718801801801802,7.808891891891892,81.41055512101006,81.50150477598436,99.88259698429702,land,Unknown,,,,,,Unknown
grid_21_21,588,21,21,7.763846846846846,81.5469796034715,7.718801801801802,7.808891891891892,81.50150477598436,81.59245443095865,99.8853400274224,land,Unknown,,,,,,Unknown
grid_21_22,589,21,22,7.763846846846846,81.63792925844578,7.718801801801802,7.808891891891892,81.59245443095864,81.68340408593293,99.88858065968576,coastal,Unknown,,,,,,Unknown
grid_21_23,590,21,23,7.763846846846846,81.72887891342009,7.718801801801802,7.808891891891892,81.68340408593293,81.77435374090723,99.8923189452499,coastal,Unknown,,,,,,Unknown
grid_21_24,591,21,24,7.763846846846846,81.81982856839437,7.718801801801802,7.808891891891892,81.77435374090723,81.86530339588153,99.89655495808502,ocean,Indian Ocean,,,N/A,Indian Ocean,Ocean,N/A
grid_21_25,592,21,25,7.763846846846846,81.9107782233687,7.718801801801802,7.808891891891892,81.86530339588153,81.95625305085582,99.9012887821156,ocean,Indian Ocean,,,N/A,Indian Ocean,Ocean,N/A
grid_21_26,593,21,26,7.763846846846846,82.00172787834296,7.718801801801802,7.808891891891892,81.95625305085582,82.04720270583012,99.90652051108152,ocean,Indian Ocean,,,N/A,Indian Ocean,Ocean,N/A
grid_22_0,594,22,0,7.853936936936937,79.63703684901137,7.808891891891892,7.898981981981982,79.59156202152421,79.6825116764985,99.91121358687391,ocean,Indian Ocean,,,N/A,Indian Ocean,Ocean,N/A
grid_22_1,595,22,1,7.853936936936937,79.72798650398566,7.808891891891892,7.898981981981982,79.6825116764985,79.7734613314728,99.9040077976444,coastal,Unknown,,,,,,Unknown
grid_22_2,596,22,2,7.853936936936937,79.81893615895994,7.808891891891892,7.898981981981982,79.7734613314728,79.8644109864471,99.89730006161138,land,Unknown,,,,,,Unknown
grid_22_3,597,22,3,7.853936936936937,79.90988581393422,7.808891891891892,7.898981981981982,79.86441098644708,79.95536064142138,99.89109024595172,land,Unknown,,,,,,Unknown
grid_22_4,598,22,4,7.853936936936937,80.00083546890852,7.808891891891892,7.898981981981982,79.95536064142138,80.04631029639567,99.88537822778623,land,Unknown,,,,,,Unknown
grid_22_5,599,22,5,7.853936936936937,80.09178512388283,7.808891891891892,7.898981981981982,80.04631029639567,80.13725995136997,99.88016389406336,land,Unknown,,,,,,Unknown
grid_22_6,600,22,6,7.853936936936937,80.18273477885711,7.808891891891892,7.898981981981982,80.13725995136997,80.22820960634427,99.8754471415469,land,Unknown,,,,,,Unknown
grid_22_7,601,22,7,7.853936936936937,80.2736844338314,7.808891891891892,7.898981981981982,80.22820960634427,80.31915926131856,99.87122787693583,land,Unknown,,,,,,Unknown
grid_22_8,602,22,8,7.853936936936937,80.36463408880569,7.808891891891892,7.898981981981982,80.31915926131855,80.41010891629284,99.86750601674096,land,Unknown,,,,,,Unknown
grid_22_9,603,22,9,7.853936936936937,80.45558374377998,7.808891891891892,7.898981981981982,80.41010891629284,80.50105857126714,99.86428148728,land,Unknown,,,,,,Unknown
grid_22_10,604,22,10,7.853936936936937,80.54653339875429,7.808891891891892,7.898981981981982,80.50105857126714,80.59200822624143,99.8615542247935,land,Unknown,,,,,,Unknown
grid_22_11,605,22,11,7.853936936936937,80.63748305372857,7.808891891891892,7.898981981981982,80.59200822624143,80.68295788121573,99.8593241753229,land,Unknown,,,,,,Unknown
grid_22_12,606,22,12,7.853936936936937,80.72843270870285,7.808891891891892,7.898981981981982,80.68295788121571,80.77390753619001,99.85759129470628,land,Unknown,,,,,,Unknown
grid_22_13,607,22,13,7.853936936936937,80.81938236367716,7.808891891891892,7.898981981981982,80.77390753619001,80.8648571911643,99.85635554870588,land,Unknown,,,,,,Unknown
grid_22_14,608,22,14,7.853936936936937,80.91033201865146,7.808891891891892,7.898981981981982,80.8648571911643,80.9558068461386,99.8556169128735,land,Unknown,,,,,,Unknown
grid_22_15,609,22,15,7.853936936936937,81.00128167362574,7.808891891891892,7.898981981981982,80.9558068461386,81.0467565011129,99.85537537255436,land,Unknown,,,,,,Unknown
grid_22_16,610,22,16,7.853936936936937,81.09223132860005,7.808891891891892,7.898981981981982,81.0467565011129,81.13770615608719,99.85563092301182,land,Unknown,,,,,,Unknown
grid_22_17,611,22,17,7.853936936936937,81.18318098357432,7.808891891891892,7.898981981981982,81.13770615608718,81.22865581106147,99.85638356929806,land,Unknown,,,,,,Unknown
grid_22_18,612,22,18,7.853936936936937,81.27413063854861,7.808891891891892,7.898981981981982,81.22865581106147,81.31960546603577,99.85763332626706,land,Unknown,,,,,,Unknown
grid_22_19,613,22,19,7.853936936936937,81.36508029352292,7.808891891891892,7.898981981981982,81.31960546603577,81.41055512101006,99.85938021868375,land,Unknown,,,,,,Unknown
grid_22_20,614,22,20,7.853936936936937,81.45602994849723,7.808891891891892,7.898981981981982,81.41055512101006,81.50150477598436,99.86162428110362,land,Unknown,,,,,,Unknown
grid_22_21,615,22,21,7.853936936936937,81.5469796034715,7.808891891891892,7.898981981981982,81.50150477598436,81.59245443095865,99.86436555788568,land,Unknown,,,,,,Unknown
grid_22_22,616,22,22,7.853936936936937,81.63792925844578,7.808891891891892,7.898981981981982,81.59245443095864,81.68340408593293,99.86760410330388,coastal,Unknown,,,,,,Unknown
grid_22_23,617,22,23,7.853936936936937,81.72887891342009,7.808891891891892,7.898981981981982,81.68340408593293,81.77435374090723,99.87133998143638,ocean,Indian Ocean,,,N/A,Indian Ocean,Ocean,N/A
grid_22_24,618,22,24,7.853936936936937,81.81982856839437,7.808891891891892,7.898981981981982,81.77435374090723,81.86530339588153,99.8755732661627,ocean,Indian Ocean,,,N/A,Indian Ocean,Ocean,N/A
grid_22_25,619,22,25,7.853936936936937,81.9107782233687,7.808891891891892,7.898981981981982,81.86530339588153,81.95625305085582,99.8803040412943,ocean,Indian Ocean,,,N/A,Indian Ocean,Ocean,N/A
grid_22_26,620,22,26,7.853936936936937,82.00172787834296,7.808891891891892,7.898981981981982,81.95625305085582,82.04720270583012,99.88553240044604,ocean,Indian Ocean,,,N/A,Indian Ocean,Ocean,N/A
grid_23_0,621,23,0,7.944027027027025,79.63703684901137,7.898981981981981,7.989072072072071,79.59156202152421,79.6825116764985,99.88996776907368,ocean,Indian Ocean,,,N/A,Indian Ocean,Ocean,N/A
grid_23_1,622,23,1,7.944027027027025,79.72798650398566,7.898981981981981,7.989072072072071,79.6825116764985,79.7734613314728,99.88276667697846,coastal,Unknown,,,,,,Unknown
grid_23_2,623,23,2,7.944027027027025,79.81893615895994,7.898981981981981,7.989072072072071,79.7734613314728,79.8644109864471,99.87606331300374,land,Unknown,,,,,,Unknown
grid_23_3,624,23,3,7.944027027027025,79.90988581393422,7.898981981981981,7.989072072072071,79.86441098644708,79.95536064142138,99.86985754449894,land,Unknown,,,,,,Unknown
grid_23_4,625,23,4,7.944027027027025,80.00083546890852,7.898981981981981,7.989072072072071,79.95536064142138,80.04631029639567,99.86414924875643,land,Unknown,,,,,,Unknown
grid_23_5,626,23,5,7.944027027027025,80.09178512388283,7.898981981981981,7.989072072072071,80.04631029639567,80.13725995136997,99.85893831287086,land,Unknown,,,,,,Unknown
grid_23_6,627,23,6,7.944027027027025,80.18273477885711,7.898981981981981,7.989072072072071,80.13725995136997,80.22820960634427,99.8542246337395,land,Unknown,,,,,,Unknown
grid_23_7,628,23,7,7.944027027027025,80.2736844338314,7.898981981981981,7.989072072072071,80.22820960634427,80.31915926131856,99.85000811818873,land,Unknown,,,,,,Unknown
grid_23_8,629,23,8,7.944027027027025,80.36463408880569,7.898981981981981,7.989072072072071,80.31915926131855,80.41010891629284,99.8462886828426,land,Unknown,,,,,,Unknown
grid_23_9,630,23,9,7.944027027027025,80.45558374377998,7.898981981981981,7.989072072072071,80.41010891629284,80.50105857126714,99.84306625411062,land,Unknown,,,,,,Unknown
grid_23_10,631,23,10,7.944027027027025,80.54653339875429,7.898981981981981,7.989072072072071,80.50105857126714,80.59200822624143,99.8403407683186,land,Unknown,,,,,,Unknown
grid_23_11,632,23,11,7.944027027027025,80.63748305372857,7.898981981981981,7.989072072072071,80.59200822624143,80.68295788121573,99.83811217158068,land,Unknown,,,,,,Unknown
grid_23_12,633,23,12,7.944027027027025,80.72843270870285,7.898981981981981,7.989072072072071,80.68295788121571,80.77390753619001,99.8363804197937,land,Unknown,,,,,,Unknown
grid_23_13,634,23,13,7.944027027027025,80.81938236367716,7.898981981981981,7.989072072072071,80.77390753619001,80.8648571911643,99.8351454787629,land,Unknown,,,,,,Unknown
grid_23_14,635,23,14,7.944027027027025,80.91033201865146,7.898981981981981,7.989072072072071,80.8648571911643,80.9558068461386,99.83440732407188,land,Unknown,,,,,,Unknown
grid_23_15,636,23,15,7.944027027027025,81.00128167362574,7.898981981981981,7.989072072072071,80.9558068461386,81.0467565011129,99.83416594108805,land,Unknown,,,,,,Unknown
grid_23_16,637,23,16,7.944027027027025,81.09223132860005,7.898981981981981,7.989072072072071,81.0467565011129,81.13770615608719,99.83442132508046,land,Unknown,,,,,,Unknown
grid_23_17,638,23,17,7.944027027027025,81.18318098357432,7.898981981981981,7.989072072072071,81.13770615608718,81.22865581106147,99.83517348110009,land,Unknown,,,,,,Unknown
grid_23_18,639,23,18,7.944027027027025,81.27413063854861,7.898981981981981,7.989072072072071,81.22865581106147,81.31960546603577,99.83642242397174,land,Unknown,,,,,,Unknown
grid_23_19,640,23,19,7.944027027027025,81.36508029352292,7.898981981981981,7.989072072072071,81.31960546603577,81.41055512101006,99.83816817843044,land,Unknown,,,,,,Unknown
grid_23_20,641,23,20,7.944027027027025,81.45602994849723,7.898981981981981,7.989072072072071,81.41055512101006,81.50150477598436,99.84041077899096,land,Unknown,,,,,,Unknown
grid_23_21,642,23,21,7.944027027027025,81.5469796034715,7.898981981981981,7.989072072072071,81.50150477598436,81.59245443095865,99.84315026994354,coastal,Unknown,,,,,,Unknown
grid_23_22,643,23,22,7.944027027027025,81.63792925844578,7.898981981981981,7.989072072072071,81.59245443095864,81.68340408593293,99.84638670549882,coastal,Unknown,,,,,,Unknown
grid_23_23,644,23,23,7.944027027027025,81.72887891342009,7.898981981981981,7.989072072072071,81.68340408593293,81.77435374090723,99.8501201496506,ocean,Indian Ocean,,,N/A,Indian Ocean,Ocean,N/A
grid_23_24,645,23,24,7.944027027027025,81.81982856839437,7.898981981981981,7.989072072072071,81.77435374090723,81.86530339588153,99.8543506761768,ocean,Indian Ocean,,,N/A,Indian Ocean,Ocean,N/A
grid_23_25,646,23,25,7.944027027027025,81.9107782233687,7.898981981981981,7.989072072072071,81.86530339588153,81.95625305085582,99.8590783687766,ocean,Indian Ocean,,,N/A,Indian Ocean,Ocean,N/A
grid_23_26,647,23,26,7.944027027027025,82.00172787834296,7.898981981981981,7.989072072072071,81.95625305085582,82.04720270583012,99.8643033209448,ocean,Indian Ocean,,,N/A,Indian Ocean,Ocean,N/A
grid_24_0,648,24,0,8.034117117117118,79.63703684901137,7.989072072072072,8.079162162162163,79.59156202152421,79.6825116764985,99.86848084038526,ocean,Indian Ocean,,,N/A,Indian Ocean,Ocean,N/A
grid_24_1,649,24,1,8.034117117117118,79.72798650398565,7.989072072072072,8.079162162162163,79.6825116764985,79.7734613314728,99.86128449657733,coastal,Unknown,,,,,,Unknown
grid_24_2,650,24,2,8.034117117117118,79.81893615895996,7.989072072072072,8.079162162162163,79.7734613314728,79.8644109864471,99.85458555228055,land,Unknown,,,,,,Unknown
grid_24_3,651,24,3,8.034117117117118,79.90988581393422,7.989072072072072,8.079162162162163,79.86441098644708,79.95536064142138,99.84838387501868,land,Unknown,,,,,,Unknown
grid_24_4,652,24,4,8.034117117117118,80.00083546890852,7.989072072072072,8.079162162162163,79.95536064142138,80.04631029639567,99.84267934224393,land,Unknown,,,,,,Unknown
grid_24_5,653,24,5,8.034117117117118,80.09178512388283,7.989072072072072,8.079162162162163,80.04631029639567,80.13725995136997,99.8374718412035,land,Unknown,,,,,,Unknown
grid_24_6,654,24,6,8.034117117117118,80.18273477885712,7.989072072072072,8.079162162162163,80.13725995136997,80.22820960634427,99.83276126893666,land,Unknown,,,,,,Unknown
grid_24_7,655,24,7,8.034117117117118,80.27368443383142,7.989072072072072,8.079162162162163,80.22820960634427,80.31915926131856,99.82854753239468,land,Unknown,,,,,,Unknown
grid_24_8,656,24,8,8.034117117117118,80.36463408880569,7.989072072072072,8.079162162162163,80.31915926131855,80.41010891629284,99.8248305483067,land,Unknown,,,,,,Unknown
grid_24_9,657,24,9,8.034117117117118,80.45558374377998,7.989072072072072,8.079162162162163,80.41010891629284,80.50105857126714,99.82161024318516,land,Unknown,,,,,,Unknown
grid_24_10,658,24,10,8.034117117117118,80.54653339875429,7.989072072072072,8.079162162162163,80.50105857126714,80.59200822624143,99.81888655343931,land,Unknown,,,,,,Unknown
grid_24_11,659,24,11,8.034117117117118,80.63748305372857,7.989072072072072,8.079162162162163,80.59200822624143,80.68295788121573,99.81665942525822,land,Unknown,,,,,,Unknown
grid_24_12,660,24,12,8.034117117117118,80.72843270870285,7.989072072072072,8.079162162162163,80.68295788121571,80.77390753619001,99.81492881459631,land,Unknown,,,,,,Unknown
grid_24_13,661,24,13,8.034117117117118,80.81938236367715,7.989072072072072,8.079162162162163,80.77390753619001,80.8648571911643,99.81369468730426,land,Unknown,,,,,,Unknown
grid_24_14,662,24,14,8.034117117117118,80.91033201865146,7.989072072072072,8.079162162162163,80.8648571911643,80.9558068461386,99.81295701900169,land,Unknown,,,,,,Unknown
grid_24_15,663,24,15,8.034117117117118,81.00128167362575,7.989072072072072,8.079162162162163,80.9558068461386,81.0467565011129,99.81271579507028,land,Unknown,,,,,,Unknown
grid_24_16,664,24,16,8.034117117117118,81.09223132860004,7.989072072072072,8.079162162162163,81.0467565011129,81.13770615608719,99.812971010786,land,Unknown,,,,,,Unknown
grid_24_17,665,24,17,8.034117117117118,81.18318098357433,7.989072072072072,8.079162162162163,81.13770615608718,81.22865581106147,99.81372267119248,land,Unknown,,,,,,Unknown
grid_24_18,666,24,18,8.034117117117118,81.27413063854863,7.989072072072072,8.079162162162163,81.22865581106147,81.31960546603577,99.8149707910996,land,Unknown,,,,,,Unknown
grid_24_19,667,24,19,8.034117117117118,81.36508029352291,7.989072072072072,8.079162162162163,81.31960546603577,81.41055512101006,99.81671539520477,land,Unknown,,,,,,Unknown
grid_24_20,668,24,20,8.034117117117118,81.45602994849722,7.989072072072072,8.079162162162163,81.41055512101006,81.50150477598436,99.81895651797538,land,Unknown,,,,,,Unknown
grid_24_21,669,24,21,8.034117117117118,81.54697960347151,7.989072072072072,8.079162162162163,81.50150477598436,81.59245443095865,99.8216942036511,coastal,Unknown,,,,,,Unknown
grid_24_22,670,24,22,8.034117117117118,81.63792925844578,7.989072072072072,8.079162162162163,81.59245443095864,81.68340408593293,99.82492850636427,ocean,Indian Ocean,,,N/A,Indian Ocean,Ocean,N/A
grid_24_23,671,24,23,8.034117117117118,81.72887891342009,7.989072072072072,8.079162162162163,81.68340408593293,81.77435374090723,99.82865949002093,ocean,Indian Ocean,,,N/A,Indian Ocean,Ocean,N/A
grid_24_24,672,24,24,8.034117117117118,81.81982856839437,7.989072072072072,8.079162162162163,81.77435374090723,81.86530339588153,99.8328872283029,ocean,Indian Ocean,,,N/A,Indian Ocean,Ocean,N/A
grid_24_25,673,24,25,8.034117117117118,81.91077822336868,7.989072072072072,8.079162162162163,81.86530339588153,81.95625305085582,99.83761180479844,ocean,Indian Ocean,,,N/A,Indian Ocean,Ocean,N/A
grid_24_26,674,24,26,8.034117117117118,82.00172787834296,7.989072072072072,8.079162162162163,81.95625305085582,82.04720270583012,99.84283331287202,ocean,Indian Ocean,,,N/A,Indian Ocean,Ocean,N/A
grid_25_0,675,25,0,8.12420720720721,79.63703684901137,8.079162162162163,8.169252252252253,79.59156202152421,79.6825116764985,99.84675284182708,ocean,Indian Ocean,,,N/A,Indian Ocean,Ocean,N/A
grid_25_1,676,25,1,8.12420720720721,79.72798650398566,8.079162162162163,8.169252252252253,79.6825116764985,79.7734613314728,99.83956129739283,coastal,Unknown,,,,,,Unknown
grid_25_2,677,25,2,8.12420720720721,79.81893615895994,8.079162162162163,8.169252252252253,79.7734613314728,79.8644109864471,99.83286682031566,land,Unknown,,,,,,Unknown
grid_25_3,678,25,3,8.12420720720721,79.90988581393422,8.079162162162163,8.169252252252253,79.86441098644708,79.95536064142138,99.8266692783067,land,Unknown,,,,,,Unknown
grid_25_4,679,25,4,8.12420720720721,80.00083546890852,8.079162162162163,8.169252252252253,79.95536064142138,80.04631029639567,99.82096854897992,land,Unknown,,,,,,Unknown
grid_25_5,680,25,5,8.12420720720721,80.09178512388283,8.079162162162163,8.169252252252253,80.04631029639567,80.13725995136997,99.81576451974028,land,Unknown,,,,,,Unknown
grid_25_6,681,25,6,8.12420720720721,80.18273477885711,8.079162162162163,8.169252252252253,80.13725995136997,80.22820960634427,99.81105708776369,land,Unknown,,,,,,Unknown
grid_25_7,682,25,7,8.12420720720721,80.2736844338314,8.079162162162163,8.169252252252253,80.22820960634427,80.31915926131856,99.80684616012364,land,Unknown,,,,,,Unknown
grid_25_8,683,25,8,8.12420720720721,80.36463408880569,8.079162162162163,8.169252252252253,80.31915926131855,80.41010891629284,99.80313165366516,land,Unknown,,,,,,Unknown
grid_25_9,684,25,9,8.12420720720721,80.45558374377998,8.079162162162163,8.169252252252253,80.41010891629284,80.50105857126714,99.79991349499916,land,Unknown,,,,,,Unknown
grid_25_10,685,25,10,8.12420720720721,80.54653339875429,8.079162162162163,8.169252252252253,80.50105857126714,80.59200822624143,99.79719162062295,land,Unknown,,,,,,Unknown
grid_25_11,686,25,11,8.12420720720721,80.63748305372857,8.079162162162163,8.169252252252253,80.59200822624143,80.68295788121573,99.79496597679793,land,Unknown,,,,,,Unknown
grid_25_12,687,25,12,8.12420720720721,80.72843270870285,8.079162162162163,8.169252252252253,80.68295788121571,80.77390753619001,99.79323651953791,land,Unknown,,,,,,Unknown
grid_25_13,688,25,13,8.12420720720721,80.81938236367716,8.079162162162163,8.169252252252253,80.77390753619001,80.8648571911643,99.79200321473964,land,Unknown,,,,,,Unknown
grid_25_14,689,25,14,8.12420720720721,80.91033201865146,8.079162162162163,8.169252252252253,80.8648571911643,80.9558068461386,99.79126603805206,land,Unknown,,,,,,Unknown
grid_25_15,690,25,15,8.12420720720721,81.00128167362574,8.079162162162163,8.169252252252253,80.9558068461386,81.0467565011129,99.79102497488076,land,Unknown,,,,,,Unknown
grid_25_16,691,25,16,8.12420720720721,81.09223132860005,8.079162162162163,8.169252252252253,81.0467565011129,81.13770615608719,99.79128002051202,land,Unknown,,,,,,Unknown
grid_25_17,692,25,17,8.12420720720721,81.18318098357432,8.079162162162163,8.169252252252253,81.13770615608718,81.22865581106147,99.79203117997628,land,Unknown,,,,,,Unknown
grid_25_18,693,25,18,8.12420720720721,81.27413063854861,8.079162162162163,8.169252252252253,81.22865581106147,81.31960546603577,99.79327846806376,land,Unknown,,,,,,Unknown
grid_25_19,694,25,19,8.12420720720721,81.36508029352292,8.079162162162163,8.169252252252253,81.31960546603577,81.41055512101006,99.79502190944048,land,Unknown,,,,,,Unknown
grid_25_20,695,25,20,8.12420720720721,81.45602994849723,8.079162162162163,8.169252252252253,81.41055512101006,81.50150477598436,99.79726153853146,coastal,Unknown,,,,,,Unknown
grid_25_21,696,25,21,8.12420720720721,81.5469796034715,8.079162162162163,8.169252252252253,81.50150477598436,81.59245443095865,99.79999739950648,coastal,Unknown,,,,,,Unknown
grid_25_22,697,25,22,8.12420720720721,81.63792925844578,8.079162162162163,8.169252252252253,81.59245443095864,81.68340408593293,99.80322954642736,ocean,Indian Ocean,,,N/A,Indian Ocean,Ocean,N/A
grid_25_23,698,25,23,8.12420720720721,81.72887891342009,8.079162162162163,8.169252252252253,81.68340408593293,81.77435374090723,99.8069580431184,ocean,Indian Ocean,,,N/A,Indian Ocean,Ocean,N/A
grid_25_24,699,25,24,8.12420720720721,81.81982856839437,8.079162162162163,8.169252252252253,81.77435374090723,81.86530339588153,99.81118296315904,ocean,Indian Ocean,,,N/A,Indian Ocean,Ocean,N/A
grid_25_25,700,25,25,8.12420720720721,81.9107782233687,8.079162162162163,8.169252252252253,81.86530339588153,81.95625305085582,99.81590439002332,ocean,Indian Ocean,,,N/A,Indian Ocean,Ocean,N/A
grid_25_26,701,25,26,8.12420720720721,82.00172787834296,8.079162162162163,8.169252252252253,81.95625305085582,82.04720270583012,99.82112241695448,ocean,Indian Ocean,,,N/A,Indian Ocean,Ocean,N/A
grid_26_0,702,26,0,8.214297297297298,79.63703684901137,8.169252252252253,8.259342342342343,79.59156202152421,79.6825116764985,99.82478381491347,ocean,Indian Ocean,,,N/A,Indian Ocean,Ocean,N/A
grid_26_1,703,26,1,8.214297297297298,79.72798650398566,8.169252252252253,8.259342342342343,79.6825116764985,79.7734613314728,99.81759712084738,coastal,Unknown,,,,,,Unknown
grid_26_2,704,26,2,8.214297297297298,79.81893615895994,8.169252252252253,8.259342342342343,79.7734613314728,79.8644109864471,99.81090715846416,land,Unknown,,,,,,Unknown
grid_26_3,705,26,3,8.214297297297298,79.90988581393422,8.169252252252253,8.259342342342343,79.86441098644708,79.95536064142138,99.80471379564985,land,Unknown,,,,,,Unknown
grid_26_4,706,26,4,8.214297297297298,80.00083546890852,8.169252252252253,8.259342342342343,79.95536064142138,80.04631029639567,99.79901691019276,land,Unknown,,,,,,Unknown
grid_26_5,707,26,5,8.214297297297298,80.09178512388283,8.169252252252253,8.259342342342343,80.04631029639567,80.13725995136997,99.7938163896446,land,Unknown,,,,,,Unknown
grid_26_6,708,26,6,8.214297297297298,80.18273477885711,8.169252252252253,8.259342342342343,80.13725995136997,80.22820960634427,99.7891121313222,land,Unknown,,,,,,Unknown
grid_26_7,709,26,7,8.214297297297298,80.2736844338314,8.169252252252253,8.259342342342343,80.22820960634427,80.31915926131856,99.7849040424334,land,Unknown,,,,,,Unknown
grid_26_8,710,26,8,8.214297297297298,80.36463408880569,8.169252252252253,8.259342342342343,80.31915926131855,80.41010891629284,99.7811920399351,land,Unknown,,,,,,Unknown
grid_26_9,711,26,9,8.214297297297298,80.45558374377998,8.169252252252253,8.259342342342343,80.41010891629284,80.50105857126714,99.77797605053676,land,Unknown,,,,,,Unknown
grid_26_10,712,26,10,8.214297297297298,80.54653339875429,8.169252252252253,8.259342342342343,80.50105857126714,80.59200822624143,99.77525601082492,land,Unknown,,,,,,Unknown
grid_26_11,713,26,11,8.214297297297298,80.63748305372857,8.169252252252253,8.259342342342343,80.59200822624143,80.68295788121573,99.77303186713084,land,Unknown,,,,,,Unknown
grid_26_12,714,26,12,8.214297297297298,80.72843270870285,8.169252252252253,8.259342342342343,80.68295788121571,80.77390753619001,99.77130357552768,land,Unknown,,,,,,Unknown
grid_26_13,715,26,13,8.214297297297298,80.81938236367716,8.169252252252253,8.259342342342343,80.77390753619001,80.8648571911643,99.77007110195984,land,Unknown,,,,,,Unknown
grid_26_14,716,26,14,8.214297297297298,80.91033201865146,8.169252252252253,8.259342342342343,80.8648571911643,80.9558068461386,99.76933442211543,land,Unknown,,,,,,Unknown
grid_26_15,717,26,15,8.214297297297298,81.00128167362574,8.169252252252253,8.259342342342343,80.9558068461386,81.0467565011129,99.76909352141702,land,Unknown,,,,,,Unknown
grid_26_16,718,26,16,8.214297297297298,81.09223132860005,8.169252252252253,8.259342342342343,81.0467565011129,81.13770615608719,99.76934839515349,land,Unknown,,,,,,Unknown
grid_26_17,719,26,17,8.214297297297298,81.18318098357432,8.169252252252253,8.259342342342343,81.13770615608718,81.22865581106147,99.77009904835153,land,Unknown,,,,,,Unknown
grid_26_18,720,26,18,8.214297297297298,81.27413063854861,8.169252252252253,8.259342342342343,81.22865581106147,81.31960546603577,99.77134549578018,land,Unknown,,,,,,Unknown
grid_26_19,721,26,19,8.214297297297298,81.36508029352292,8.169252252252253,8.259342342342343,81.31960546603577,81.41055512101006,99.7730877620725,land,Unknown,,,,,,Unknown
grid_26_20,722,26,20,8.214297297297298,81.45602994849723,8.169252252252253,8.259342342342343,81.41055512101006,81.50150477598436,99.77532588160206,coastal,Unknown,,,,,,Unknown
grid_26_21,723,26,21,8.214297297297298,81.5469796034715,8.169252252252253,8.259342342342343,81.50150477598436,81.59245443095865,99.77805989848704,ocean,Indian Ocean,,,N/A,Indian Ocean,Ocean,N/A
grid_26_22,724,26,22,8.214297297297298,81.63792925844578,8.169252252252253,8.259342342342343,81.59245443095864,81.68340408593293,99.78128986671244,ocean,Indian Ocean,,,N/A,Indian Ocean,Ocean,N/A
grid_26_23,725,26,23,8.214297297297298,81.72887891342009,8.169252252252253,8.259342342342343,81.68340408593293,81.77435374090723,99.78501585000924,ocean,Indian Ocean,,,N/A,Indian Ocean,Ocean,N/A
grid_26_24,726,26,24,8.214297297297298,81.81982856839437,8.169252252252253,8.259342342342343,81.77435374090723,81.86530339588153,99.78923792186,ocean,Indian Ocean,,,N/A,Indian Ocean,Ocean,N/A
grid_26_25,727,26,25,8.214297297297298,81.9107782233687,8.169252252252253,8.259342342342343,81.86530339588153,81.95625305085582,99.79395616562314,ocean,Indian Ocean,,,N/A,Indian Ocean,Ocean,N/A
grid_26_26,728,26,26,8.214297297297298,82.00172787834296,8.169252252252253,8.259342342342343,81.95625305085582,82.04720270583012,99.79917067441896,ocean,Indian Ocean,,,N/A,Indian Ocean,Ocean,N/A
grid_27_0,729,27,0,8.304387387387388,79.63703684901137,8.259342342342343,8.349432432432433,79.59156202152421,79.6825116764985,99.80257380160728,ocean,Indian Ocean,,,N/A,Indian Ocean,Ocean,N/A
grid_27_1,730,27,1,8.304387387387388,79.72798650398566,8.259342342342343,8.349432432432433,79.6825116764985,79.7734613314728,99.79539200882692,coastal,Unknown,,,,,,Unknown
grid_27_2,731,27,2,8.304387387387388,79.81893615895994,8.259342342342343,8.349432432432433,79.7734613314728,79.8644109864471,99.78870660852616,land,Unknown,,,,,,Unknown
grid_27_3,732,27,3,8.304387387387388,79.90988581393422,8.259342342342343,8.349432432432433,79.86441098644708,79.95536064142138,99.78251746877974,land,Unknown,,,,,,Unknown
grid_27_4,733,27,4,8.304387387387388,80.00083546890852,8.259342342342343,8.349432432432433,79.95536064142138,80.04631029639567,99.7768244675378,land,Unknown,,,,,,Unknown
grid_27_5,734,27,5,8.304387387387388,80.09178512388283,8.259342342342343,8.349432432432433,80.04631029639567,80.13725995136997,99.77162749251404,land,Unknown,,,,,,Unknown
grid_27_6,735,27,6,8.304387387387388,80.18273477885711,8.259342342342343,8.349432432432433,80.13725995136997,80.22820960634427,99.76692644116908,land,Unknown,,,,,,Unknown
grid_27_7,736,27,7,8.304387387387388,80.2736844338314,8.259342342342343,8.349432432432433,80.22820960634427,80.31915926131856,99.76272122083226,land,Unknown,,,,,,Unknown
grid_27_8,737,27,8,8.304387387387388,80.36463408880569,8.259342342342343,8.349432432432433,80.31915926131855,80.41010891629284,99.75901174857694,land,Unknown,,,,,,Unknown
grid_27_9,738,27,9,8.304387387387388,80.45558374377998,8.259342342342343,8.349432432432433,80.41010891629284,80.50105857126714,99.75579795121786,land,Unknown,,,,,,Unknown
grid_27_10,739,27,10,8.304387387387388,80.54653339875429,8.259342342342343,8.349432432432433,80.50105857126714,80.59200822624143,99.75307976542658,land,Unknown,,,,,,Unknown
grid_27_11,740,27,11,8.304387387387388,80.63748305372857,8.259342342342343,8.349432432432433,80.59200822624143,80.68295788121573,99.75085713760878,land,Unknown,,,,,,Unknown
grid_27_12,741,27,12,8.304387387387388,80.72843270870285,8.259342342342343,8.349432432432433,80.68295788121571,80.77390753619001,99.74913002390262,land,Unknown,,,,,,Unknown
grid_27_13,742,27,13,8.304387387387388,80.81938236367716,8.259342342342343,8.349432432432433,80.77390753619001,80.8648571911643,99.74789839029695,land,Unknown,,,,,,Unknown
grid_27_14,743,27,14,8.304387387387388,80.91033201865146,8.259342342342343,8.349432432432433,80.8648571911643,80.9558068461386,99.74716221251056,land,Unknown,,,,,,Unknown
grid_27_15,744,27,15,8.304387387387388,81.00128167362574,8.259342342342343,8.349432432432433,80.9558068461386,81.0467565011129,99.74692147598738,land,Unknown,,,,,,Unknown
grid_27_16,745,27,16,8.304387387387388,81.09223132860005,8.259342342342343,8.349432432432433,81.0467565011129,81.13770615608719,99.74717617602263,land,Unknown,,,,,,Unknown
grid_27_17,746,27,17,8.304387387387388,81.18318098357432,8.259342342342343,8.349432432432433,81.13770615608718,81.22865581106147,99.7479263176415,land,Unknown,,,,,,Unknown
grid_27_18,747,27,18,8.304387387387388,81.27413063854861,8.259342342342343,8.349432432432433,81.22865581106147,81.31960546603577,99.7491719155852,land,Unknown,,,,,,Unknown
grid_27_19,748,27,19,8.304387387387388,81.36508029352292,8.259342342342343,8.349432432432433,81.31960546603577,81.41055512101006,99.7509129944571,coastal,Unknown,,,,,,Unknown
grid_27_20,749,27,20,8.304387387387388,81.45602994849723,8.259342342342343,8.349432432432433,81.41055512101006,81.50150477598436,99.75314958858286,coastal,Unknown,,,,,,Unknown
grid_27_21,750,27,21,8.304387387387388,81.5469796034715,8.259342342342343,8.349432432432433,81.50150477598436,81.59245443095865,99.7558817420181,ocean,Indian Ocean,,,N/A,Indian Ocean,Ocean,N/A
grid_27_22,751,27,22,8.304387387387388,81.63792925844578,8.259342342342343,8.349432432432433,81.59245443095864,81.68340408593293,99.75910950867124,ocean,Indian Ocean,,,N/A,Indian Ocean,Ocean,N/A
grid_27_23,752,27,23,8.304387387387388,81.72887891342009,8.259342342342343,8.349432432432433,81.68340408593293,81.77435374090723,99.76283295218994,ocean,Indian Ocean,,,N/A,Indian Ocean,Ocean,N/A
grid_27_24,753,27,24,8.304387387387388,81.81982856839437,8.259342342342343,8.349432432432433,81.77435374090723,81.86530339588153,99.76705214595542,ocean,Indian Ocean,,,N/A,Indian Ocean,Ocean,N/A
grid_27_25,754,27,25,8.304387387387388,81.9107782233687,8.259342342342343,8.349432432432433,81.86530339588153,81.95625305085582,99.77176717320648,ocean,Indian Ocean,,,N/A,Indian Ocean,Ocean,N/A
grid_27_26,755,27,26,8.304387387387388,82.00172787834296,8.259342342342343,8.349432432432433,81.95625305085582,82.04720270583012,99.77697812693154,ocean,Indian Ocean,,,N/A,Indian Ocean,Ocean,N/A
grid_28_0,756,28,0,8.394477477477478,79.63703684901137,8.349432432432433,8.439522522522523,79.59156202152421,79.6825116764985,99.78012284434988,ocean,Indian Ocean,,,N/A,Indian Ocean,Ocean,N/A
grid_28_1,757,28,1,8.394477477477478,79.72798650398566,8.349432432432433,8.439522522522523,79.6825116764985,79.7734613314728,99.77294600368604,coastal,Unknown,,,,,,Unknown
grid_28_2,758,28,2,8.394477477477478,79.81893615895994,8.349432432432433,8.439522522522523,79.7734613314728,79.8644109864471,99.76626521278553,land,Unknown,,,,,,Unknown
grid_28_3,759,28,3,8.394477477477478,79.90988581393422,8.349432432432433,8.439522522522523,79.86441098644708,79.95536064142138,99.76008033990296,land,Unknown,,,,,,Unknown
grid_28_4,760,28,4,8.394477477477478,80.00083546890852,8.349432432432433,8.439522522522523,79.95536064142138,80.04631029639567,99.75439126316294,land,Unknown,,,,,,Unknown
grid_28_5,761,28,5,8.394477477477478,80.09178512388283,8.349432432432433,8.439522522522523,80.04631029639567,80.13725995136997,99.74919787043616,land,Unknown,,,,,,Unknown
grid_28_6,762,28,6,8.394477477477478,80.18273477885711,8.349432432432433,8.439522522522523,80.13725995136997,80.22820960634427,99.74450005932589,land,Unknown,,,,,,Unknown
grid_28_7,763,28,7,8.394477477477478,80.2736844338314,8.349432432432433,8.439522522522523,80.22820960634427,80.31915926131856,99.74029773729384,land,Unknown,,,,,,Unknown
grid_28_8,764,28,8,8.394477477477478,80.36463408880569,8.349432432432433,8.439522522522523,80.31915926131855,80.41010891629284,99.73659082152906,land,Unknown,,,,,,Unknown
grid_28_9,765,28,9,8.394477477477478,80.45558374377998,8.349432432432433,8.439522522522523,80.41010891629284,80.50105857126714,99.73337923894432,land,Unknown,,,,,,Unknown
grid_28_10,766,28,10,8.394477477477478,80.54653339875429,8.349432432432433,8.439522522522523,80.50105857126714,80.59200822624143,99.73066292630398,land,Unknown,,,,,,Unknown
grid_28_11,767,28,11,8.394477477477478,80.63748305372857,8.349432432432433,8.439522522522523,80.59200822624143,80.68295788121573,99.72844183008712,land,Unknown,,,,,,Unknown
grid_28_12,768,28,12,8.394477477477478,80.72843270870285,8.349432432432433,8.439522522522523,80.68295788121571,80.77390753619001,99.72671590649148,land,Unknown,,,,,,Unknown
grid_28_13,769,28,13,8.394477477477478,80.81938236367716,8.349432432432433,8.439522522522523,80.77390753619001,80.8648571911643,99.72548512155792,land,Unknown,,,,,,Unknown
grid_28_14,770,28,14,8.394477477477478,80.91033201865146,8.349432432432433,8.439522522522523,80.8648571911643,80.9558068461386,99.72474945103576,land,Unknown,,,,,,Unknown
grid_28_15,771,28,15,8.394477477477478,81.00128167362574,8.349432432432433,8.439522522522523,80.9558068461386,81.0467565011129,99.72450888039162,land,Unknown,,,,,,Unknown
grid_28_16,772,28,16,8.394477477477478,81.09223132860005,8.349432432432433,8.439522522522523,81.0467565011129,81.13770615608719,99.72476340492832,land,Unknown,,,,,,Unknown
grid_28_17,773,28,17,8.394477477477478,81.18318098357432,8.349432432432433,8.439522522522523,81.13770615608718,81.22865581106147,99.72551302965708,land,Unknown,,,,,,Unknown
grid_28_18,774,28,18,8.394477477477478,81.27413063854861,8.349432432432433,8.439522522522523,81.22865581106147,81.31960546603577,99.72675776930964,land,Unknown,,,,,,Unknown
grid_28_19,775,28,19,8.394477477477478,81.36508029352292,8.349432432432433,8.439522522522523,81.31960546603577,81.41055512101006,99.72849764844668,coastal,Unknown,,,,,,Unknown
grid_28_20,776,28,20,8.394477477477478,81.45602994849723,8.349432432432433,8.439522522522523,81.41055512101006,81.50150477598436,99.73073270134287,ocean,Indian Ocean,,,N/A,Indian Ocean,Ocean,N/A
grid_28_21,777,28,21,8.394477477477478,81.5469796034715,8.349432432432433,8.439522522522523,81.50150477598436,81.59245443095865,99.73346297200126,ocean,Indian Ocean,,,N/A,Indian Ocean,Ocean,N/A
grid_28_22,778,28,22,8.394477477477478,81.63792925844578,8.349432432432433,8.439522522522523,81.59245443095864,81.68340408593293,99.73668851425076,ocean,Indian Ocean,,,N/A,Indian Ocean,Ocean,N/A
grid_28_23,779,28,23,8.394477477477478,81.72887891342009,8.349432432432433,8.439522522522523,81.68340408593293,81.77435374090723,99.74040939164853,ocean,Indian Ocean,,,N/A,Indian Ocean,Ocean,N/A
grid_28_24,780,28,24,8.394477477477478,81.81982856839437,8.349432432432433,8.439522522522523,81.77435374090723,81.86530339588153,99.74462567747216,ocean,Indian Ocean,,,N/A,Indian Ocean,Ocean,N/A
grid_28_25,781,28,25,8.394477477477478,81.9107782233687,8.349432432432433,8.439522522522523,81.86530339588153,81.95625305085582,99.74933745484807,ocean,Indian Ocean,,,N/A,Indian Ocean,Ocean,N/A
grid_28_26,782,28,26,8.394477477477478,82.00172787834296,8.349432432432433,8.439522522522523,81.95625305085582,82.04720270583012,99.7545448166336,ocean,Indian Ocean,,,N/A,Indian Ocean,Ocean,N/A
grid_29_0,783,29,0,8.484567567567568,79.63703684901137,8.439522522522523,8.529612612612613,79.59156202152421,79.6825116764985,99.7574309860416,ocean,Indian Ocean,,,N/A,Indian Ocean,Ocean,N/A
grid_29_1,784,29,1,8.484567567567568,79.72798650398566,8.439522522522523,8.529612612612613,79.6825116764985,79.7734613314728,99.75025914824128,coastal,Unknown,,,,,,Unknown
grid_29_2,785,29,2,8.484567567567568,79.81893615895994,8.439522522522523,8.529612612612613,79.7734613314728,79.8644109864471,99.74358301397434,coastal,Unknown,,,,,,Unknown
grid_29_3,786,29,3,8.484567567567568,79.90988581393422,8.439522522522523,8.529612612612613,79.86441098644708,79.95536064142138,99.73740245168172,land,Unknown,,,,,,Unknown
grid_29_4,787,29,4,8.484567567567568,80.00083546890852,8.439522522522523,8.529612612612613,79.95536064142138,80.04631029639567,99.73171733966464,land,Unknown,,,,,,Unknown
grid_29_5,788,29,5,8.484567567567568,80.09178512388283,8.439522522522523,8.529612612612613,80.04631029639567,80.13725995136997,99.7265275659488,land,Unknown,,,,,,Unknown
grid_29_6,789,29,6,8.484567567567568,80.18273477885711,8.439522522522523,8.529612612612613,80.13725995136997,80.22820960634427,99.72183302827906,land,Unknown,,,,,,Unknown
grid_29_7,790,29,7,8.484567567567568,80.2736844338314,8.439522522522523,8.529612612612613,80.22820960634427,80.31915926131856,99.71763363425272,land,Unknown,,,,,,Unknown
grid_29_8,791,29,8,8.484567567567568,80.36463408880569,8.439522522522523,8.529612612612613,80.31915926131855,80.41010891629284,99.71392930117344,land,Unknown,,,,,,Unknown
grid_29_9,792,29,9,8.484567567567568,80.45558374377998,8.439522522522523,8.529612612612613,80.41010891629284,80.50105857126714,99.7107199560612,land,Unknown,,,,,,Unknown
grid_29_10,793,29,10,8.484567567567568,80.54653339875429,8.439522522522523,8.529612612612613,80.50105857126714,80.59200822624143,99.70800553576628,land,Unknown,,,,,,Unknown
grid_29_11,794,29,11,8.484567567567568,80.63748305372857,8.439522522522523,8.529612612612613,80.59200822624143,80.68295788121573,99.70578598684736,land,Unknown,,,,,,Unknown
grid_29_12,795,29,12,8.484567567567568,80.72843270870285,8.439522522522523,8.529612612612613,80.68295788121571,80.77390753619001,99.70406126556296,land,Unknown,,,,,,Unknown
grid_29_13,796,29,13,8.484567567567568,80.81938236367716,8.439522522522523,8.529612612612613,80.77390753619001,80.8648571911643,99.70283133799728,land,Unknown,,,,,,Unknown
grid_29_14,797,29,14,8.484567567567568,80.91033201865146,8.439522522522523,8.529612612612613,80.8648571911643,80.9558068461386,99.702096179941,land,Unknown,,,,,,Unknown
grid_29_15,798,29,15,8.484567567567568,81.00128167362574,8.439522522522523,8.529612612612613,80.9558068461386,81.0467565011129,99.70185577687688,land,Unknown,,,,,,Unknown
grid_29_16,799,29,16,8.484567567567568,81.09223132860005,8.439522522522523,8.529612612612613,81.0467565011129,81.13770615608719,99.70211012411308,land,Unknown,,,,,,Unknown
grid_29_17,800,29,17,8.484567567567568,81.18318098357432,8.439522522522523,8.529612612612613,81.13770615608718,81.22865581106147,99.70285922665816,land,Unknown,,,,,,Unknown
grid_29_18,801,29,18,8.484567567567568,81.27413063854861,8.439522522522523,8.529612612612613,81.22865581106147,81.31960546603577,99.70410309921736,land,Unknown,,,,,,Unknown
grid_29_19,802,29,19,8.484567567567568,81.36508029352292,8.439522522522523,8.529612612612613,81.31960546603577,81.41055512101006,99.705841766322,coastal,Unknown,,,,,,Unknown
grid_29_20,803,29,20,8.484567567567568,81.45602994849723,8.439522522522523,8.529612612612613,81.41055512101006,81.50150477598436,99.70807526219969,ocean,Indian Ocean,,,N/A,Indian Ocean,Ocean,N/A
grid_29_21,804,29,21,8.484567567567568,81.5469796034715,8.439522522522523,8.529612612612613,81.50150477598436,81.59245443095865,99.7108036307835,ocean,Indian Ocean,,,N/A,Indian Ocean,Ocean,N/A
grid_29_22,805,29,22,8.484567567567568,81.63792925844578,8.439522522522523,8.529612612612613,81.59245443095864,81.68340408593293,99.71402692583295,ocean,Indian Ocean,,,N/A,Indian Ocean,Ocean,N/A
grid_29_23,806,29,23,8.484567567567568,81.72887891342009,8.439522522522523,8.529612612612613,81.68340408593293,81.77435374090723,99.717745210813,ocean,Indian Ocean,,,N/A,Indian Ocean,Ocean,N/A
grid_29_24,807,29,24,8.484567567567568,81.81982856839437,8.439522522522523,8.529612612612613,81.77435374090723,81.86530339588153,99.72195855889667,ocean,Indian Ocean,,,N/A,Indian Ocean,Ocean,N/A
grid_29_25,808,29,25,8.484567567567568,81.9107782233687,8.439522522522523,8.529612612612613,81.86530339588153,81.95625305085582,99.72666705309368,ocean,Indian Ocean,,,N/A,Indian Ocean,Ocean,N/A
grid_29_26,809,29,26,8.484567567567568,82.00172787834296,8.439522522522523,8.529612612612613,81.95625305085582,82.04720270583012,99.73187078612912,ocean,Indian Ocean,,,N/A,Indian Ocean,Ocean,N/A
grid_30_0,810,30,0,8.574657657657658,79.63703684901137,8.529612612612613,8.619702702702703,79.59156202152421,79.6825116764985,99.73449827006236,ocean,Indian Ocean,,,N/A,Indian Ocean,Ocean,N/A
grid_30_1,811,30,1,8.574657657657658,79.72798650398566,8.529612612612613,8.619702702702703,79.6825116764985,79.7734613314728,99.72733148578814,ocean,Indian Ocean,,,N/A,Indian Ocean,Ocean,N/A
grid_30_2,812,30,2,8.574657657657658,79.81893615895994,8.529612612612613,8.619702702702703,79.7734613314728,79.8644109864471,99.720660055311,coastal,Unknown,,,,,,Unknown
grid_30_3,813,30,3,8.574657657657658,79.90988581393422,8.529612612612613,8.619702702702703,79.86441098644708,79.95536064142138,99.71448384726231,land,Unknown,,,,,,Unknown
grid_30_4,814,30,4,8.574657657657658,80.00083546890852,8.529612612612613,8.619702702702703,79.95536064142138,80.04631029639567,99.70880274011554,land,Unknown,,,,,,Unknown
grid_30_5,815,30,5,8.574657657657658,80.09178512388283,8.529612612612613,8.619702702702703,80.04631029639567,80.13725995136997,99.70361662205728,land,Unknown,,,,,,Unknown
grid_30_6,816,30,6,8.574657657657658,80.18273477885711,8.529612612612613,8.619702702702703,80.13725995136997,80.22820960634427,99.69892539097944,land,Unknown,,,,,,Unknown
grid_30_7,817,30,7,8.574657657657658,80.2736844338314,8.529612612612613,8.619702702702703,80.22820960634427,80.31915926131856,99.69472895460956,land,Unknown,,,,,,Unknown
grid_30_8,818,30,8,8.574657657657658,80.36463408880569,8.529612612612613,8.619702702702703,80.31915926131855,80.41010891629284,99.69102723037582,land,Unknown,,,,,,Unknown
grid_30_9,819,30,9,8.574657657657658,80.45558374377998,8.529612612612613,8.619702702702703,80.41010891629284,80.50105857126714,99.68782014539566,land,Unknown,,,,,,Unknown
grid_30_10,820,30,10,8.574657657657658,80.54653339875429,8.529612612612613,8.619702702702703,80.50105857126714,80.59200822624143,99.6851076366135,land,Unknown,,,,,,Unknown
grid_30_11,821,30,11,8.574657657657658,80.63748305372857,8.529612612612613,8.619702702702703,80.59200822624143,80.68295788121573,99.68288965066152,land,Unknown,,,,,,Unknown
grid_30_12,822,30,12,8.574657657657658,80.72843270870285,8.529612612612613,8.619702702702703,80.68295788121571,80.77390753619001,99.68116614385936,land,Unknown,,,,,,Unknown
grid_30_13,823,30,13,8.574657657657658,80.81938236367716,8.529612612612613,8.619702702702703,80.77390753619001,80.8648571911643,99.67993708234675,land,Unknown,,,,,,Unknown
grid_30_14,824,30,14,8.574657657657658,80.91033201865146,8.529612612612613,8.619702702702703,80.8648571911643,80.9558068461386,99.67920244194345,land,Unknown,,,,,,Unknown
grid_30_15,825,30,15,8.574657657657658,81.00128167362574,8.529612612612613,8.619702702702703,80.9558068461386,81.0467565011129,99.67896220815383,land,Unknown,,,,,,Unknown
grid_30_16,826,30,16,8.574657657657658,81.09223132860005,8.529612612612613,8.619702702702703,81.0467565011129,81.13770615608719,99.67921637629522,land,Unknown,,,,,,Unknown
grid_30_17,827,30,17,8.574657657657658,81.18318098357432,8.529612612612613,8.619702702702703,81.13770615608718,81.22865581106147,99.67996495136823,land,Unknown,,,,,,Unknown
grid_30_18,828,30,18,8.574657657657658,81.27413063854861,8.529612612612613,8.619702702702703,81.22865581106147,81.31960546603577,99.68120794805544,coastal,Unknown,,,,,,Unknown
grid_30_19,829,30,19,8.574657657657658,81.36508029352292,8.529612612612613,8.619702702702703,81.31960546603577,81.41055512101006,99.68294539085512,coastal,Unknown,,,,,,Unknown
grid_30_20,830,30,20,8.574657657657658,81.45602994849723,8.529612612612613,8.619702702702703,81.41055512101006,81.50150477598436,99.6851773139446,ocean,Indian Ocean,,,N/A,Indian Ocean,Ocean,N/A
grid_30_21,831,30,21,8.574657657657658,81.5469796034715,8.529612612612613,8.619702702702703,81.50150477598436,81.59245443095865,99.6879037611936,ocean,Indian Ocean,,,N/A,Indian Ocean,Ocean,N/A
grid_30_22,832,30,22,8.574657657657658,81.63792925844578,8.529612612612613,8.619702702702703,81.59245443095864,81.68340408593293,99.6911247862842,ocean,Indian Ocean,,,N/A,Indian Ocean,Ocean,N/A
grid_30_23,833,30,23,8.574657657657658,81.72887891342009,8.529612612612613,8.619702702702703,81.68340408593293,81.77435374090723,99.69484045259044,ocean,Indian Ocean,,,N/A,Indian Ocean,Ocean,N/A
grid_30_24,834,30,24,8.574657657657658,81.81982856839437,8.529612612612613,8.619702702702703,81.77435374090723,81.86530339588153,99.6990508331822,ocean,Indian Ocean,,,N/A,Indian Ocean,Ocean,N/A
grid_30_25,835,30,25,8.574657657657658,81.9107782233687,8.529612612612613,8.619702702702703,81.86530339588153,81.95625305085582,99.70375601095134,ocean,Indian Ocean,,,N/A,Indian Ocean,Ocean,N/A
grid_30_26,836,30,26,8.574657657657658,82.00172787834296,8.529612612612613,8.619702702702703,81.95625305085582,82.04720270583012,99.70895607848888,ocean,Indian Ocean,,,N/A,Indian Ocean,Ocean,N/A
grid_31_0,837,31,0,8.664747747747747,79.63703684901137,8.619702702702703,8.709792792792793,79.59156202152421,79.6825116764985,99.71132474025045,ocean,Indian Ocean,,,N/A,Indian Ocean,Ocean,N/A
grid_31_1,838,31,1,8.664747747747747,79.72798650398566,8.619702702702703,8.709792792792793,79.6825116764985,79.7734613314728,99.7041630600774,ocean,Indian Ocean,,,N/A,Indian Ocean,Ocean,N/A
grid_31_2,839,31,2,8.664747747747747,79.81893615895994,8.619702702702703,8.709792792792793,79.7734613314728,79.8644109864471,99.6974963804692,coastal,Unknown,,,,,,Unknown
grid_31_3,840,31,3,8.664747747747747,79.90988581393422,8.619702702702703,8.709792792792793,79.86441098644708,79.95536064142138,99.69132457024148,land,Unknown,,,,,,Unknown
grid_31_4,841,31,4,8.664747747747747,80.00083546890852,8.619702702702703,8.709792792792793,79.95536064142138,80.04631029639567,99.68564750804488,land,Unknown,,,,,,Unknown
grid_31_5,842,31,5,8.664747747747747,80.09178512388283,8.619702702702703,8.709792792792793,80.04631029639567,80.13725995136997,99.68046508222916,land,Unknown,,,,,,Unknown
grid_31_6,843,31,6,8.664747747747747,80.18273477885711,8.619702702702703,8.709792792792793,80.13725995136997,80.22820960634427,99.67577719084017,land,Unknown,,,,,,Unknown
grid_31_7,844,31,7,8.664747747747747,80.2736844338314,8.619702702702703,8.709792792792793,80.22820960634427,80.31915926131856,99.67158374173412,land,Unknown,,,,,,Unknown
grid_31_8,845,31,8,8.664747747747747,80.36463408880569,8.619702702702703,8.709792792792793,80.31915926131855,80.41010891629284,99.66788465245024,land,Unknown,,,,,,Unknown
grid_31_9,846,31,9,8.664747747747747,80.45558374377998,8.619702702702703,8.709792792792793,80.41010891629284,80.50105857126714,99.66467985022216,land,Unknown,,,,,,Unknown
grid_31_10,847,31,10,8.664747747747747,80.54653339875429,8.619702702702703,8.709792792792793,80.50105857126714,80.59200822624143,99.661969272083,land,Unknown,,,,,,Unknown
grid_31_11,848,31,11,8.664747747747747,80.63748305372857,8.619702702702703,8.709792792792793,80.59200822624143,80.68295788121573,99.65975286474011,land,Unknown,,,,,,Unknown
grid_31_12,849,31,12,8.664747747747747,80.72843270870285,8.619702702702703,8.709792792792793,80.68295788121571,80.77390753619001,99.65803058458224,land,Unknown,,,,,,Unknown
grid_31_13,850,31,13,8.664747747747747,80.81938236367716,8.619702702702703,8.709792792792793,80.77390753619001,80.8648571911643,99.65680239779012,land,Unknown,,,,,,Unknown
grid_31_14,851,31,14,8.664747747747747,80.91033201865146,8.619702702702703,8.709792792792793,80.8648571911643,80.9558068461386,99.656068280222,land,Unknown,,,,,,Unknown
grid_31_15,852,31,15,8.664747747747747,81.00128167362574,8.619702702702703,8.709792792792793,80.9558068461386,81.0467565011129,99.65582821740364,land,Unknown,,,,,,Unknown
grid_31_16,853,31,16,8.664747747747747,81.09223132860005,8.619702702702703,8.709792792792793,81.0467565011129,81.13770615608719,99.65608220465732,land,Unknown,,,,,,Unknown
grid_31_17,854,31,17,8.664747747747747,81.18318098357432,8.619702702702703,8.709792792792793,81.13770615608718,81.22865581106147,99.65683024697738,coastal,Unknown,,,,,,Unknown
grid_31_18,855,31,18,8.664747747747747,81.27413063854861,8.619702702702703,8.709792792792793,81.22865581106147,81.31960546603577,99.65807235902588,coastal,Unknown,,,,,,Unknown
grid_31_19,856,31,19,8.664747747747747,81.36508029352292,8.619702702702703,8.709792792792793,81.31960546603577,81.41055512101006,99.65980856526473,ocean,Indian Ocean,,,N/A,Indian Ocean,Ocean,N/A
grid_31_20,857,31,20,8.664747747747747,81.45602994849723,8.619702702702703,8.709792792792793,81.41055512101006,81.50150477598436,99.6620388998231,ocean,Indian Ocean,,,N/A,Indian Ocean,Ocean,N/A
grid_31_21,858,31,21,8.664747747747747,81.5469796034715,8.619702702702703,8.709792792792793,81.50150477598436,81.59245443095865,99.6647634065051,ocean,Indian Ocean,,,N/A,Indian Ocean,Ocean,N/A
grid_31_22,859,31,22,8.664747747747747,81.63792925844578,8.619702702702703,8.709792792792793,81.59245443095864,81.68340408593293,99.66798213891845,ocean,Indian Ocean,,,N/A,Indian Ocean,Ocean,N/A
grid_31_23,860,31,23,8.664747747747747,81.72887891342009,8.619702702702703,8.709792792792793,81.68340408593293,81.77435374090723,99.67169516034112,ocean,Indian Ocean,,,N/A,Indian Ocean,Ocean,N/A
grid_31_24,861,31,24,8.664747747747747,81.81982856839437,8.619702702702703,8.709792792792793,81.77435374090723,81.86530339588153,99.67590254374244,ocean,Indian Ocean,,,N/A,Indian Ocean,Ocean,N/A
grid_31_25,862,31,25,8.664747747747747,81.9107782233687,8.619702702702703,8.709792792792793,81.86530339588153,81.95625305085582,99.68060437189132,ocean,Indian Ocean,,,N/A,Indian Ocean,Ocean,N/A
grid_31_26,863,31,26,8.664747747747747,82.00172787834296,8.619702702702703,8.709792792792793,81.95625305085582,82.04720270583012,99.68580073724316,ocean,Indian Ocean,,,N/A,Indian Ocean,Ocean,N/A
grid_32_0,864,32,0,8.754837837837838,79.63703684901137,8.709792792792793,8.799882882882883,79.59156202152421,79.6825116764985,99.6879104409137,ocean,Indian Ocean,,,N/A,Indian Ocean,Ocean,N/A
grid_32_1,865,32,1,8.754837837837838,79.72798650398566,8.709792792792793,8.799882882882883,79.6825116764985,79.7734613314728,99.68075391533166,ocean,Indian Ocean,,,N/A,Indian Ocean,Ocean,N/A
grid_32_2,866,32,2,8.754837837837838,79.81893615895994,8.709792792792793,8.799882882882883,79.7734613314728,79.8644109864471,99.67409203358255,coastal,Unknown,,,,,,Unknown
grid_32_3,867,32,3,8.754837837837838,79.90988581393422,8.709792792792793,8.799882882882883,79.86441098644708,79.95536064142138,99.6679246646787,land,Unknown,,,,,,Unknown
grid_32_4,868,32,4,8.754837837837838,80.00083546890852,8.709792792792793,8.799882882882883,79.95536064142138,80.04631029639567,99.66225168745028,land,Unknown,,,,,,Unknown
grid_32_5,869,32,5,8.754837837837838,80.09178512388283,8.709792792792793,8.799882882882883,80.04631029639567,80.13725995136997,99.65707299040658,land,Unknown,,,,,,Unknown
grid_32_6,870,32,6,8.754837837837838,80.18273477885711,8.709792792792793,8.799882882882883,80.13725995136997,80.22820960634427,99.65238847173936,land,Unknown,,,,,,Unknown
grid_32_7,871,32,7,8.754837837837838,80.2736844338314,8.709792792792793,8.799882882882883,80.22820960634427,80.31915926131856,99.64819803944138,land,Unknown,,,,,,Unknown
grid_32_8,872,32,8,8.754837837837838,80.36463408880569,8.709792792792793,8.799882882882883,80.31915926131855,80.41010891629284,99.6445016111803,land,Unknown,,,,,,Unknown
grid_32_9,873,32,9,8.754837837837838,80.45558374377998,8.709792792792793,8.799882882882883,80.41010891629284,80.50105857126714,99.64129911428805,land,Unknown,,,,,,Unknown
grid_32_10,874,32,10,8.754837837837838,80.54653339875429,8.709792792792793,8.799882882882883,80.50105857126714,80.59200822624143,99.6385904858887,land,Unknown,,,,,,Unknown
grid_32_11,875,32,11,8.754837837837838,80.63748305372857,8.709792792792793,8.799882882882883,80.59200822624143,80.68295788121573,99.63637567277264,land,Unknown,,,,,,Unknown
grid_32_12,876,32,12,8.754837837837838,80.72843270870285,8.709792792792793,8.799882882882883,80.68295788121571,80.77390753619001,99.63465463138844,land,Unknown,,,,,,Unknown
grid_32_13,877,32,13,8.754837837837838,80.81938236367716,8.709792792792793,8.799882882882883,80.77390753619001,80.8648571911643,99.63342732796988,land,Unknown,,,,,,Unknown
grid_32_14,878,32,14,8.754837837837838,80.91033201865146,8.709792792792793,8.799882882882883,80.8648571911643,80.9558068461386,99.63269373840878,land,Unknown,,,,,,Unknown
grid_32_15,879,32,15,8.754837837837838,81.00128167362574,8.709792792792793,8.799882882882883,80.9558068461386,81.0467565011129,99.63245384825218,land,Unknown,,,,,,Unknown
grid_32_16,880,32,16,8.754837837837838,81.09223132860005,8.709792792792793,8.799882882882883,81.0467565011129,81.13770615608719,99.6327076528303,land,Unknown,,,,,,Unknown
grid_32_17,881,32,17,8.754837837837838,81.18318098357432,8.709792792792793,8.799882882882883,81.13770615608718,81.22865581106147,99.63345515712908,coastal,Unknown,,,,,,Unknown
grid_32_18,882,32,18,8.754837837837838,81.27413063854861,8.709792792792793,8.799882882882883,81.22865581106147,81.31960546603577,99.63469637578756,ocean,Indian Ocean,,,N/A,Indian Ocean,Ocean,N/A
grid_32_19,883,32,19,8.754837837837838,81.36508029352292,8.709792792792793,8.799882882882883,81.31960546603577,81.41055512101006,99.63643133323508,ocean,Indian Ocean,,,N/A,Indian Ocean,Ocean,N/A
grid_32_20,884,32,20,8.754837837837838,81.45602994849723,8.709792792792793,8.799882882882883,81.41055512101006,81.50150477598436,99.63866006354552,ocean,Indian Ocean,,,N/A,Indian Ocean,Ocean,N/A
grid_32_21,885,32,21,8.754837837837838,81.5469796034715,8.709792792792793,8.799882882882883,81.50150477598436,81.59245443095865,99.64138261046152,ocean,Indian Ocean,,,N/A,Indian Ocean,Ocean,N/A
grid_32_22,886,32,22,8.754837837837838,81.63792925844578,8.709792792792793,8.799882882882883,81.59245443095864,81.68340408593293,99.64459902751824,ocean,Indian Ocean,,,N/A,Indian Ocean,Ocean,N/A
grid_32_23,887,32,23,8.754837837837838,81.72887891342009,8.709792792792793,8.799882882882883,81.68340408593293,81.77435374090723,99.64830937789964,ocean,Indian Ocean,,,N/A,Indian Ocean,Ocean,N/A
grid_32_24,888,32,24,8.754837837837838,81.81982856839437,8.709792792792793,8.799882882882883,81.77435374090723,81.86530339588153,99.65251373446053,ocean,Indian Ocean,,,N/A,Indian Ocean,Ocean,N/A
grid_32_25,889,32,25,8.754837837837838,81.9107782233687,8.709792792792793,8.799882882882883,81.86530339588153,81.95625305085582,99.65721217985072,ocean,Indian Ocean,,,N/A,Indian Ocean,Ocean,N/A
grid_32_26,890,32,26,8.754837837837838,82.00172787834296,8.709792792792793,8.799882882882883,81.95625305085582,82.04720270583012,99.66240480639595,ocean,Indian Ocean,,,N/A,Indian Ocean,Ocean,N/A
grid_33_0,891,33,0,8.844927927927928,79.63703684901137,8.799882882882883,8.889972972972974,79.59156202152421,79.6825116764985,99.664255416842,ocean,Indian Ocean,,,N/A,Indian Ocean,Ocean,N/A
grid_33_1,892,33,1,8.844927927927928,79.72798650398566,8.799882882882883,8.889972972972974,79.6825116764985,79.7734613314728,99.6571040962488,ocean,Indian Ocean,,,N/A,Indian Ocean,Ocean,N/A
grid_33_2,893,33,2,8.844927927927928,79.81893615895994,8.799882882882883,8.889972972972974,79.7734613314728,79.8644109864471,99.65044705927356,coastal,Unknown,,,,,,Unknown
grid_33_3,894,33,3,8.844927927927928,79.90988581393422,8.799882882882883,8.889972972972974,79.86441098644708,79.95536064142138,99.64428417512296,coastal,Unknown,,,,,,Unknown
grid_33_4,895,33,4,8.844927927927928,80.00083546890852,8.799882882882883,8.889972972972974,79.95536064142138,80.04631029639567,99.63861532280214,land,Unknown,,,,,,Unknown
grid_33_5,896,33,5,8.844927927927928,80.09178512388283,8.799882882882883,8.889972972972974,80.04631029639567,80.13725995136997,99.6334403909894,land,Unknown,,,,,,Unknown
grid_33_6,897,33,6,8.844927927927928,80.18273477885711,8.799882882882883,8.889972972972974,80.13725995136997,80.22820960634427,99.62875927802467,land,Unknown,,,,,,Unknown
grid_33_7,898,33,7,8.844927927927928,80.2736844338314,8.799882882882883,8.889972972972974,80.22820960634427,80.31915926131856,99.62457189203742,land,Unknown,,,,,,Unknown
grid_33_8,899,33,8,8.844927927927928,80.36463408880569,8.799882882882883,8.889972972972974,80.31915926131855,80.41010891629284,99.62087815081614,land,Unknown,,,,,,Unknown
grid_33_9,900,33,9,8.844927927927928,80.45558374377998,8.799882882882883,8.889972972972974,80.41010891629284,80.50105857126714,99.6176779818001,land,Unknown,,,,,,Unknown
grid_33_10,901,33,10,8.844927927927928,80.54653339875429,8.799882882882883,8.889972972972974,80.50105857126714,80.59200822624143,99.61497132220973,land,Unknown,,,,,,Unknown
grid_33_11,902,33,11,8.844927927927928,80.63748305372857,8.799882882882883,8.889972972972974,80.59200822624143,80.68295788121573,99.61275811891136,land,Unknown,,,,,,Unknown
grid_33_12,903,33,12,8.844927927927928,80.72843270870285,8.799882882882883,8.889972972972974,80.68295788121571,80.77390753619001,99.61103832841708,land,Unknown,,,,,,Unknown
grid_33_13,904,33,13,8.844927927927928,80.81938236367716,8.799882882882883,8.889972972972974,80.77390753619001,80.8648571911643,99.60981191701008,land,Unknown,,,,,,Unknown
grid_33_14,905,33,14,8.844927927927928,80.91033201865146,8.799882882882883,8.889972972972974,80.8648571911643,80.9558068461386,99.60907886061688,land,Unknown,,,,,,Unknown
grid_33_15,906,33,15,8.844927927927928,81.00128167362574,8.799882882882883,8.889972972972974,80.9558068461386,81.0467565011129,99.6088391448105,land,Unknown,,,,,,Unknown
grid_33_16,907,33,16,8.844927927927928,81.09223132860005,8.799882882882883,8.889972972972974,81.0467565011129,81.13770615608719,99.60909276492669,coastal,Unknown,,,,,,Unknown
grid_33_17,908,33,17,8.844927927927928,81.18318098357432,8.799882882882883,8.889972972972974,81.13770615608718,81.22865581106147,99.60983972594148,coastal,Unknown,,,,,,Unknown
grid_33_18,909,33,18,8.844927927927928,81.27413063854861,8.799882882882883,8.889972972972974,81.22865581106147,81.31960546603577,99.61108004247338,ocean,Indian Ocean,,,N/A,Indian Ocean,Ocean,N/A
grid_33_19,910,33,19,8.844927927927928,81.36508029352292,8.799882882882883,8.889972972972974,81.31960546603577,81.41055512101006,99.61281373891332,ocean,Indian Ocean,,,N/A,Indian Ocean,Ocean,N/A
grid_33_20,911,33,20,8.844927927927928,81.45602994849723,8.799882882882883,8.889972972972974,81.41055512101006,81.50150477598436,99.61504084929248,ocean,Indian Ocean,,,N/A,Indian Ocean,Ocean,N/A
grid_33_21,912,33,21,8.844927927927928,81.5469796034715,8.799882882882883,8.889972972972974,81.50150477598436,81.59245443095865,99.61776141728812,ocean,Indian Ocean,,,N/A,Indian Ocean,Ocean,N/A
grid_33_22,913,33,22,8.844927927927928,81.63792925844578,8.799882882882883,8.889972972972974,81.59245443095864,81.68340408593293,99.620975496342,ocean,Indian Ocean,,,N/A,Indian Ocean,Ocean,N/A
grid_33_23,914,33,23,8.844927927927928,81.72887891342009,8.799882882882883,8.889972972972974,81.68340408593293,81.77435374090723,99.62468314955468,ocean,Indian Ocean,,,N/A,Indian Ocean,Ocean,N/A
grid_33_24,915,33,24,8.844927927927928,81.81982856839437,8.799882882882883,8.889972972972974,81.77435374090723,81.86530339588153,99.62888444967884,ocean,Indian Ocean,,,N/A,Indian Ocean,Ocean,N/A
grid_33_25,916,33,25,8.844927927927928,81.9107782233687,8.799882882882883,8.889972972972974,81.86530339588153,81.95625305085582,99.63357947923726,ocean,Indian Ocean,,,N/A,Indian Ocean,Ocean,N/A
grid_33_26,917,33,26,8.844927927927928,82.00172787834296,8.799882882882883,8.889972972972974,81.95625305085582,82.04720270583012,99.63876833041576,ocean,Indian Ocean,,,N/A,Indian Ocean,Ocean,N/A
grid_34_0,918,34,0,8.935018018018019,79.63703684901137,8.889972972972974,8.980063063063064,79.59156202152421,79.6825116764985,99.64035971326764,ocean,Indian Ocean,,,N/A,Indian Ocean,Ocean,N/A
grid_34_1,919,34,1,8.935018018018019,79.72798650398566,8.889972972972974,8.980063063063064,79.6825116764985,79.7734613314728,99.63321364797729,ocean,Indian Ocean,,,N/A,Indian Ocean,Ocean,N/A
grid_34_2,920,34,2,8.935018018018019,79.81893615895994,8.889972972972974,8.980063063063064,79.7734613314728,79.8644109864471,99.6265615026075,ocean,Indian Ocean,,,N/A,Indian Ocean,Ocean,N/A
grid_34_3,921,34,3,8.935018018018019,79.90988581393422,8.889972972972974,8.980063063063064,79.86441098644708,79.95536064142138,99.62040314656056,coastal,Unknown,,,,,,Unknown
grid_34_4,922,34,4,8.935018018018019,80.00083546890852,8.889972972972974,8.980063063063064,79.95536064142138,80.04631029639567,99.61473845902108,land,Unknown,,,,,,Unknown
grid_34_5,923,34,5,8.935018018018019,80.09178512388283,8.889972972972974,8.980063063063064,80.04631029639567,80.13725995136997,99.6095673288336,land,Unknown,,,,,,Unknown
grid_34_6,924,34,6,8.935018018018019,80.18273477885711,8.889972972972974,8.980063063063064,80.13725995136997,80.22820960634427,99.60488965449171,land,Unknown,,,,,,Unknown
grid_34_7,925,34,7,8.935018018018019,80.2736844338314,8.889972972972974,8.980063063063064,80.22820960634427,80.31915926131856,99.60070534426382,land,Unknown,,,,,,Unknown
grid_34_8,926,34,8,8.935018018018019,80.36463408880569,8.889972972972974,8.980063063063064,80.31915926131855,80.41010891629284,99.59701431605832,land,Unknown,,,,,,Unknown
grid_34_9,927,34,9,8.935018018018019,80.45558374377998,8.889972972972974,8.980063063063064,80.41010891629284,80.50105857126714,99.59381649742382,land,Unknown,,,,,,Unknown
grid_34_10,928,34,10,8.935018018018019,80.54653339875429,8.889972972972974,8.980063063063064,80.50105857126714,80.59200822624143,99.59111182567165,land,Unknown,,,,,,Unknown
grid_34_11,929,34,11,8.935018018018019,80.63748305372857,8.889972972972974,8.980063063063064,80.59200822624143,80.68295788121573,99.58890024775069,land,Unknown,,,,,,Unknown
grid_34_12,930,34,12,8.935018018018019,80.72843270870285,8.889972972972974,8.980063063063064,80.68295788121571,80.77390753619001,99.58718172023691,land,Unknown,,,,,,Unknown
grid_34_13,931,34,13,8.935018018018019,80.81938236367716,8.889972972972974,8.980063063063064,80.77390753619001,80.8648571911643,99.58595620946508,land,Unknown,,,,,,Unknown
grid_34_14,932,34,14,8.935018018018019,80.91033201865146,8.889972972972974,8.980063063063064,80.8648571911643,80.9558068461386,99.58522369139828,land,Unknown,,,,,,Unknown
grid_34_15,933,34,15,8.935018018018019,81.00128167362574,8.889972972972974,8.980063063063064,80.9558068461386,81.0467565011129,99.58498415162896,coastal,Unknown,,,,,,Unknown
grid_34_16,934,34,16,8.935018018018019,81.09223132860005,8.889972972972974,8.980063063063064,81.0467565011129,81.13770615608719,99.58523758549708,coastal,Unknown,,,,,,Unknown
grid_34_17,935,34,17,8.935018018018019,81.18318098357432,8.889972972972974,8.980063063063064,81.13770615608718,81.22865581106147,99.585983997974,ocean,Indian Ocean,,,N/A,Indian Ocean,Ocean,N/A
grid_34_18,936,34,18,8.935018018018019,81.27413063854861,8.889972972972974,8.980063063063064,81.22865581106147,81.31960546603577,99.58722340366238,ocean,Indian Ocean,,,N/A,Indian Ocean,Ocean,N/A
grid_34_19,937,34,19,8.935018018018019,81.36508029352292,8.889972972972974,8.980063063063064,81.31960546603577,81.41055512101006,99.58895582690896,ocean,Indian Ocean,,,N/A,Indian Ocean,Ocean,N/A
grid_34_20,938,34,20,8.935018018018019,81.45602994849723,8.889972972972974,8.980063063063064,81.41055512101006,81.50150477598436,99.59118130169534,ocean,Indian Ocean,,,N/A,Indian Ocean,Ocean,N/A
grid_34_21,939,34,21,8.935018018018019,81.5469796034715,8.889972972972974,8.980063063063064,81.50150477598436,81.59245443095865,99.59389987163344,ocean,Indian Ocean,,,N/A,Indian Ocean,Ocean,N/A
grid_34_22,940,34,22,8.935018018018019,81.63792925844578,8.889972972972974,8.980063063063064,81.59245443095864,81.68340408593293,99.59711159008754,ocean,Indian Ocean,,,N/A,Indian Ocean,Ocean,N/A
grid_34_23,941,34,23,8.935018018018019,81.72887891342009,8.889972972972974,8.980063063063064,81.68340408593293,81.77435374090723,99.60081652006616,ocean,Indian Ocean,,,N/A,Indian Ocean,Ocean,N/A
grid_34_24,942,34,24,8.935018018018019,81.81982856839437,8.889972972972974,8.980063063063064,81.77435374090723,81.86530339588153,99.60501473420494,ocean,Indian Ocean,,,N/A,Indian Ocean,Ocean,N/A
grid_34_25,943,34,25,8.935018018018019,81.9107782233687,8.889972972972974,8.980063063063064,81.86530339588153,81.95625305085582,99.6097063149097,ocean,Indian Ocean,,,N/A,Indian Ocean,Ocean,N/A
grid_34_26,944,34,26,8.935018018018019,82.00172787834296,8.889972972972974,8.980063063063064,81.95625305085582,82.04720270583012,99.6148913542312,ocean,Indian Ocean,,,N/A,Indian Ocean,Ocean,N/A
grid_35_0,945,35,0,9.025108108108109,79.63703684901137,8.980063063063064,9.070153153153154,79.59156202152421,79.6825116764985,99.6162233759219,ocean,Indian Ocean,,,N/A,Indian Ocean,Ocean,N/A
grid_35_1,946,35,1,9.025108108108109,79.72798650398566,8.980063063063064,9.070153153153154,79.6825116764985,79.7734613314728,99.609082616155,ocean,Indian Ocean,,,N/A,Indian Ocean,Ocean,N/A
grid_35_2,947,35,2,9.025108108108109,79.81893615895994,8.980063063063064,9.070153153153154,79.7734613314728,79.8644109864471,99.60243540913564,ocean,Indian Ocean,,,N/A,Indian Ocean,Ocean,N/A
grid_35_3,948,35,3,9.025108108108109,79.90988581393422,8.980063063063064,9.070153153153154,79.86441098644708,79.95536064142138,99.59628162446566,coastal,Unknown,,,,,,Unknown
grid_35_4,949,35,4,9.025108108108109,80.00083546890852,8.980063063063064,9.070153153153154,79.95536064142138,80.04631029639567,99.590621141511,land,Unknown,,,,,,Unknown
grid_35_5,950,35,5,9.025108108108109,80.09178512388283,8.980063063063064,9.070153153153154,80.04631029639567,80.13725995136997,99.58545384928298,land,Unknown,,,,,,Unknown
grid_35_6,951,35,6,9.025108108108109,80.18273477885711,8.980063063063064,9.070153153153154,80.13725995136997,80.22820960634427,99.5807796464292,land,Unknown,,,,,,Unknown
grid_35_7,952,35,7,9.025108108108109,80.2736844338314,8.980063063063064,9.070153153153154,80.22820960634427,80.31915926131856,99.57659844135443,land,Unknown,,,,,,Unknown
grid_35_8,953,35,8,9.025108108108109,80.36463408880569,8.980063063063064,9.070153153153154,80.31915926131855,80.41010891629284,99.5729101520904,land,Unknown,,,,,,Unknown
grid_35_9,954,35,9,9.025108108108109,80.45558374377998,8.980063063063064,9.070153153153154,80.41010891629284,80.50105857126714,99.56971470629875,land,Unknown,,,,,,Unknown
grid_35_10,955,35,10,9.025108108108109,80.54653339875429,8.980063063063064,9.070153153153154,80.50105857126714,80.59200822624143,99.56701204138407,land,Unknown,,,,,,Unknown
grid_35_11,956,35,11,9.025108108108109,80.63748305372857,8.980063063063064,9.070153153153154,80.59200822624143,80.68295788121573,99.56480210437644,land,Unknown,,,,,,Unknown
grid_35_12,957,35,12,9.025108108108109,80.72843270870285,8.980063063063064,9.070153153153154,80.68295788121571,80.77390753619001,99.56308485191592,land,Unknown,,,,,,Unknown
grid_35_13,958,35,13,9.025108108108109,80.81938236367716,8.980063063063064,9.070153153153154,80.77390753619001,80.8648571911643,99.56186025038666,land,Unknown,,,,,,Unknown
grid_35_14,959,35,14,9.025108108108109,80.91033201865146,8.980063063063064,9.070153153153154,80.8648571911643,80.9558068461386,99.56112827578971,land,Unknown,,,,,,Unknown
grid_35_15,960,35,15,9.025108108108109,81.00128167362574,8.980063063063064,9.070153153153154,80.9558068461386,81.0467565011129,99.56088891373736,coastal,Unknown,,,,,,Unknown
grid_35_16,961,35,16,9.025108108108109,81.09223132860005,8.980063063063064,9.070153153153154,81.0467565011129,81.13770615608719,99.56114215957945,ocean,Indian Ocean,,,N/A,Indian Ocean,Ocean,N/A
grid_35_17,962,35,17,9.025108108108109,81.18318098357432,8.980063063063064,9.070153153153154,81.13770615608718,81.22865581106147,99.56188801828009,ocean,Indian Ocean,,,N/A,Indian Ocean,Ocean,N/A
grid_35_18,963,35,18,9.025108108108109,81.27413063854861,8.980063063063064,9.070153153153154,81.22865581106147,81.31960546603577,99.56312650441448,ocean,Indian Ocean,,,N/A,Indian Ocean,Ocean,N/A
grid_35_19,964,35,19,9.025108108108109,81.36508029352292,8.980063063063064,9.070153153153154,81.31960546603577,81.41055512101006,99.56485764229716,ocean,Indian Ocean,,,N/A,Indian Ocean,Ocean,N/A
grid_35_20,965,35,20,9.025108108108109,81.45602994849723,8.980063063063064,9.070153153153154,81.41055512101006,81.50150477598436,99.56708146585731,ocean,Indian Ocean,,,N/A,Indian Ocean,Ocean,N/A
grid_35_21,966,35,21,9.025108108108109,81.5469796034715,8.980063063063064,9.070153153153154,81.50150477598436,81.59245443095865,99.5697980186428,ocean,Indian Ocean,,,N/A,Indian Ocean,Ocean,N/A
grid_35_22,967,35,22,9.025108108108109,81.63792925844578,8.980063063063064,9.070153153153154,81.59245443095864,81.68340408593293,99.57300735393882,ocean,Indian Ocean,,,N/A,Indian Ocean,Ocean,N/A
grid_35_23,968,35,23,9.025108108108109,81.72887891342009,8.980063063063064,9.070153153153154,81.68340408593293,81.77435374090723,99.57670953465204,ocean,Indian Ocean,,,N/A,Indian Ocean,Ocean,N/A
grid_35_24,969,35,24,9.025108108108109,81.81982856839437,8.980063063063064,9.070153153153154,81.77435374090723,81.86530339588153,99.58090463331418,ocean,Indian Ocean,,,N/A,Indian Ocean,Ocean,N/A
grid_35_25,970,35,25,9.025108108108109,81.9107782233687,8.980063063063064,9.070153153153154,81.86530339588153,81.95625305085582,99.58559273220772,ocean,Indian Ocean,,,N/A,Indian Ocean,Ocean,N/A
grid_35_26,971,35,26,9.025108108108109,82.00172787834296,8.980063063063064,9.070153153153154,81.95625305085582,82.04720270583012,99.59077392323704,ocean,Indian Ocean,,,N/A,Indian Ocean,Ocean,N/A
grid_36_0,972,36,0,9.1151981981982,79.63703684901137,9.070153153153154,9.160243243243244,79.59156202152421,79.6825116764985,99.59184645098236,ocean,Indian Ocean,,,N/A,Indian Ocean,Ocean,N/A
grid_36_1,973,36,1,9.1151981981982,79.72798650398566,9.070153153153154,9.160243243243244,79.6825116764985,79.7734613314728,99.58471104687143,ocean,Indian Ocean,,,N/A,Indian Ocean,Ocean,N/A
grid_36_2,974,36,2,9.1151981981982,79.81893615895994,9.070153153153154,9.160243243243244,79.7734613314728,79.8644109864471,99.57806882486923,ocean,Indian Ocean,,,N/A,Indian Ocean,Ocean,N/A
grid_36_3,975,36,3,9.1151981981982,79.90988581393422,9.070153153153154,9.160243243243244,79.86441098644708,79.95536064142138,99.5719196547702,coastal,Unknown,,,,,,Unknown
grid_36_4,976,36,4,9.1151981981982,80.00083546890852,9.070153153153154,9.160243243243244,79.95536064142138,80.04631029639567,99.56626341612882,coastal,Unknown,,,,,,Unknown
grid_36_5,977,36,5,9.1151981981982,80.09178512388283,9.070153153153154,9.160243243243244,80.04631029639567,80.13725995136997,99.56109999812756,land,Unknown,,,,,,Unknown
grid_36_6,978,36,6,9.1151981981982,80.18273477885711,9.070153153153154,9.160243243243244,80.13725995136997,80.22820960634427,99.5564292995624,land,Unknown,,,,,,Unknown
grid_36_7,979,36,7,9.1151981981982,80.2736844338314,9.070153153153154,9.160243243243244,80.22820960634427,80.31915926131856,99.55225122898317,land,Unknown,,,,,,Unknown
grid_36_8,980,36,8,9.1151981981982,80.36463408880569,9.070153153153154,9.160243243243244,80.31915926131855,80.41010891629284,99.54856570454702,land,Unknown,,,,,,Unknown
grid_36_9,981,36,9,9.1151981981982,80.45558374377998,9.070153153153154,9.160243243243244,80.41010891629284,80.50105857126714,99.54537265402196,land,Unknown,,,,,,Unknown
grid_36_10,982,36,10,9.1151981981982,80.54653339875429,9.070153153153154,9.160243243243244,80.50105857126714,80.59200822624143,99.54267201491189,land,Unknown,,,,,,Unknown
grid_36_11,983,36,11,9.1151981981982,80.63748305372857,9.070153153153154,9.160243243243244,80.59200822624143,80.68295788121573,99.54046373432132,land,Unknown,,,,,,Unknown
grid_36_12,984,36,12,9.1151981981982,80.72843270870285,9.070153153153154,9.160243243243244,80.68295788121571,80.77390753619001,99.53874776895935,land,Unknown,,,,,,Unknown
grid_36_13,985,36,13,9.1151981981982,80.81938236367716,9.070153153153154,9.160243243243244,80.77390753619001,80.8648571911643,99.53752408526633,land,Unknown,,,,,,Unknown
grid_36_14,986,36,14,9.1151981981982,80.91033201865146,9.070153153153154,9.160243243243244,80.8648571911643,80.9558068461386,99.53679265927452,coastal,Unknown,,,,,,Unknown
grid_36_15,987,36,15,9.1151981981982,81.00128167362574,9.070153153153154,9.160243243243244,80.9558068461386,81.0467565011129,99.53655347661751,coastal,Unknown,,,,,,Unknown
grid_36_16,988,36,16,9.1151981981982,81.09223132860005,9.070153153153154,9.160243243243244,81.0467565011129,81.13770615608719,99.53680653265695,ocean,Indian Ocean,,,N/A,Indian Ocean,Ocean,N/A
grid_36_17,989,36,17,9.1151981981982,81.18318098357432,9.070153153153154,9.160243243243244,81.13770615608718,81.22865581106147,99.53755183234674,ocean,Indian Ocean,,,N/A,Indian Ocean,Ocean,N/A
grid_36_18,990,36,18,9.1151981981982,81.27413063854861,9.070153153153154,9.160243243243244,81.22865581106147,81.31960546603577,99.53878939023905,ocean,Indian Ocean,,,N/A,Indian Ocean,Ocean,N/A
grid_36_19,991,36,19,9.1151981981982,81.36508029352292,9.070153153153154,9.160243243243244,81.31960546603577,81.41055512101006,99.54051923061296,ocean,Indian Ocean,,,N/A,Indian Ocean,Ocean,N/A
grid_36_20,992,36,20,9.1151981981982,81.45602994849723,9.070153153153154,9.160243243243244,81.41055512101006,81.50150477598436,99.54274138734668,ocean,Indian Ocean,,,N/A,Indian Ocean,Ocean,N/A
grid_36_21,993,36,21,9.1151981981982,81.5469796034715,9.070153153153154,9.160243243243244,81.50150477598436,81.59245443095865,99.54545590391776,ocean,Indian Ocean,,,N/A,Indian Ocean,Ocean,N/A
grid_36_22,994,36,22,9.1151981981982,81.63792925844578,9.070153153153154,9.160243243243244,81.59245443095864,81.68340408593293,99.5486628335318,ocean,Indian Ocean,,,N/A,Indian Ocean,Ocean,N/A
grid_36_23,995,36,23,9.1151981981982,81.72887891342009,9.070153153153154,9.160243243243244,81.68340408593293,81.77435374090723,99.5523622390032,ocean,Indian Ocean,,,N/A,Indian Ocean,Ocean,N/A
grid_36_24,996,36,24,9.1151981981982,81.81982856839437,9.070153153153154,9.160243243243244,81.77435374090723,81.86530339588153,99.55655419274925,ocean,Indian Ocean,,,N/A,Indian Ocean,Ocean,N/A
grid_36_25,997,36,25,9.1151981981982,81.9107782233687,9.070153153153154,9.160243243243244,81.86530339588153,81.95625305085582,99.56123877692654,ocean,Indian Ocean,,,N/A,Indian Ocean,Ocean,N/A
grid_36_26,998,36,26,9.1151981981982,82.00172787834296,9.070153153153154,9.160243243243244,81.95625305085582,82.04720270583012,99.56641608330374,ocean,Indian Ocean,,,N/A,Indian Ocean,Ocean,N/A
grid_37_0,999,37,0,9.205288288288289,79.63703684901137,9.160243243243244,9.250333333333334,79.59156202152421,79.6825116764985,99.56722898511325,ocean,Indian Ocean,,,N/A,Indian Ocean,Ocean,N/A
grid_37_1,1000,37,1,9.205288288288289,79.72798650398566,9.160243243243244,9.250333333333334,79.6825116764985,79.7734613314728,99.560098986699,ocean,Indian Ocean,,,N/A,Indian Ocean,Ocean,N/A
grid_37_2,1001,37,2,9.205288288288289,79.81893615895994,9.160243243243244,9.250333333333334,79.7734613314728,79.8644109864471,99.5534617962888,ocean,Indian Ocean,,,N/A,Indian Ocean,Ocean,N/A
grid_37_3,1002,37,3,9.205288288288289,79.90988581393422,9.160243243243244,9.250333333333334,79.86441098644708,79.95536064142138,99.54731728387992,ocean,Indian Ocean,,,N/A,Indian Ocean,Ocean,N/A
grid_37_4,1003,37,4,9.205288288288289,80.00083546890852,9.160243243243244,9.250333333333334,79.95536064142138,80.04631029639567,99.54166532921192,coastal,Unknown,,,,,,Unknown
grid_37_5,1004,37,5,9.205288288288289,80.09178512388283,9.160243243243244,9.250333333333334,80.04631029639567,80.13725995136997,99.53650582163326,land,Unknown,,,,,,Unknown
grid_37_6,1005,37,6,9.205288288288289,80.18273477885711,9.160243243243244,9.250333333333334,80.13725995136997,80.22820960634427,99.53183866010365,land,Unknown,,,,,,Unknown
grid_37_7,1006,37,7,9.205288288288289,80.2736844338314,9.160243243243244,9.250333333333334,80.22820960634427,80.31915926131856,99.5276637533085,land,Unknown,,,,,,Unknown
grid_37_8,1007,37,8,9.205288288288289,80.36463408880569,9.160243243243244,9.250333333333334,80.31915926131855,80.41010891629284,99.52398101953231,land,Unknown,,,,,,Unknown
grid_37_9,1008,37,9,9.205288288288289,80.45558374377998,9.160243243243244,9.250333333333334,80.41010891629284,80.50105857126714,99.5207903866556,land,Unknown,,,,,,Unknown
grid_37_10,1009,37,10,9.205288288288289,80.54653339875429,9.160243243243244,9.250333333333334,80.50105857126714,80.59200822624143,99.51809179227509,land,Unknown,,,,,,Unknown
grid_37_11,1010,37,11,9.205288288288289,80.63748305372857,9.160243243243244,9.250333333333334,80.59200822624143,80.68295788121573,99.5158851835809,land,Unknown,,,,,,Unknown
grid_37_12,1011,37,12,9.205288288288289,80.72843270870285,9.160243243243244,9.250333333333334,80.68295788121571,80.77390753619001,99.51417051734931,land,Unknown,,,,,,Unknown
grid_37_13,1012,37,13,9.205288288288289,80.81938236367716,9.160243243243244,9.250333333333334,80.77390753619001,80.8648571911643,99.51294776006604,coastal,Unknown,,,,,,Unknown
grid_37_14,1013,37,14,9.205288288288289,80.91033201865146,9.160243243243244,9.250333333333334,80.8648571911643,80.9558068461386,99.51221688780626,coastal,Unknown,,,,,,Unknown
grid_37_15,1014,37,15,9.205288288288289,81.00128167362574,9.160243243243244,9.250333333333334,80.9558068461386,81.0467565011129,99.51197788622554,ocean,Indian Ocean,,,N/A,Indian Ocean,Ocean,N/A
grid_37_16,1015,37,16,9.205288288288289,81.09223132860005,9.160243243243244,9.250333333333334,81.0467565011129,81.13770615608719,99.51223075068695,ocean,Indian Ocean,,,N/A,Indian Ocean,Ocean,N/A
grid_37_17,1016,37,17,9.205288288288289,81.18318098357432,9.160243243243244,9.250333333333334,81.13770615608718,81.22865581106147,99.5129754861402,ocean,Indian Ocean,,,N/A,Indian Ocean,Ocean,N/A
grid_37_18,1017,37,18,9.205288288288289,81.27413063854861,9.160243243243244,9.250333333333334,81.22865581106147,81.31960546603577,99.51421210711804,ocean,Indian Ocean,,,N/A,Indian Ocean,Ocean,N/A
grid_37_19,1018,37,19,9.205288288288289,81.36508029352292,9.160243243243244,9.250333333333334,81.31960546603577,81.41055512101006,99.51594063785916,ocean,Indian Ocean,,,N/A,Indian Ocean,Ocean,N/A
grid_37_20,1019,37,20,9.205288288288289,81.45602994849723,9.160243243243244,9.250333333333334,81.41055512101006,81.50150477598436,99.51816111218776,ocean,Indian Ocean,,,N/A,Indian Ocean,Ocean,N/A
grid_37_21,1020,37,21,9.205288288288289,81.5469796034715,9.160243243243244,9.250333333333334,81.50150477598436,81.59245443095865,99.52087357351922,ocean,Indian Ocean,,,N/A,Indian Ocean,Ocean,N/A
grid_37_22,1021,37,22,9.205288288288289,81.63792925844578,9.160243243243244,9.250333333333334,81.59245443095864,81.68340408593293,99.52407807497453,ocean,Indian Ocean,,,N/A,Indian Ocean,Ocean,N/A
grid_37_23,1022,37,23,9.205288288288289,81.72887891342009,9.160243243243244,9.250333333333334,81.68340408593293,81.77435374090723,99.5277746792694,ocean,Indian Ocean,,,N/A,Indian Ocean,Ocean,N/A
grid_37_24,1023,37,24,9.205288288288289,81.81982856839437,9.160243243243244,9.250333333333334,81.77435374090723,81.86530339588153,99.53196345871343,ocean,Indian Ocean,,,N/A,Indian Ocean,Ocean,N/A
grid_37_25,1024,37,25,9.205288288288289,81.9107782233687,9.160243243243244,9.250333333333334,81.86530339588153,81.95625305085582,99.53664449533284,ocean,Indian Ocean,,,N/A,Indian Ocean,Ocean,N/A
grid_37_26,1025,37,26,9.205288288288289,82.00172787834296,9.160243243243244,9.250333333333334,81.95625305085582,82.04720270583012,99.5418178807607,ocean,Indian Ocean,,,N/A,Indian Ocean,Ocean,N/A
grid_38_0,1026,38,0,9.29537837837838,79.63703684901137,9.250333333333334,9.340423423423424,79.59156202152421,79.6825116764985,99.54237102543074,ocean,Indian Ocean,,,N/A,Indian Ocean,Ocean,N/A
grid_38_1,1027,38,1,9.29537837837838,79.72798650398566,9.250333333333334,9.340423423423424,79.6825116764985,79.7734613314728,99.5352464826594,ocean,Indian Ocean,,,N/A,Indian Ocean,Ocean,N/A
grid_38_2,1028,38,2,9.29537837837838,79.81893615895994,9.250333333333334,9.340423423423424,79.7734613314728,79.8644109864471,99.52861437033386,ocean,Indian Ocean,,,N/A,Indian Ocean,Ocean,N/A
grid_38_3,1029,38,3,9.29537837837838,79.90988581393422,9.250333333333334,9.340423423423424,79.86441098644708,79.95536064142138,99.52247455864972,ocean,Indian Ocean,,,N/A,Indian Ocean,Ocean,N/A
grid_38_4,1030,38,4,9.29537837837838,80.00083546890852,9.250333333333334,9.340423423423424,79.95536064142138,80.04631029639567,99.51682692753892,coastal,Unknown,,,,,,Unknown
grid_38_5,1031,38,5,9.29537837837838,80.09178512388283,9.250333333333334,9.340423423423424,80.04631029639567,80.13725995136997,99.5116713665213,land,Unknown,,,,,,Unknown
grid_38_6,1032,38,6,9.29537837837838,80.18273477885711,9.250333333333334,9.340423423423424,80.13725995136997,80.22820960634427,99.5070077747098,land,Unknown,,,,,,Unknown
grid_38_7,1033,38,7,9.29537837837838,80.2736844338314,9.250333333333334,9.340423423423424,80.22820960634427,80.31915926131856,99.50283606093517,land,Unknown,,,,,,Unknown
grid_38_8,1034,38,8,9.29537837837838,80.36463408880569,9.250333333333334,9.340423423423424,80.31915926131855,80.41010891629284,99.49915614360664,land,Unknown,,,,,,Unknown
grid_38_9,1035,38,9,9.29537837837838,80.45558374377998,9.250333333333334,9.340423423423424,80.41010891629284,80.50105857126714,99.4959679507194,land,Unknown,,,,,,Unknown
grid_38_10,1036,38,10,9.29537837837838,80.54653339875429,9.250333333333334,9.340423423423424,80.50105857126714,80.59200822624143,99.49327141996552,land,Unknown,,,,,,Unknown
grid_38_11,1037,38,11,9.29537837837838,80.63748305372857,9.250333333333334,9.340423423423424,80.59200822624143,80.68295788121573,99.49106649861572,land,Unknown,,,,,,Unknown
grid_38_12,1038,38,12,9.29537837837838,80.72843270870285,9.250333333333334,9.340423423423424,80.68295788121571,80.77390753619001,99.4893531435156,coastal,Unknown,,,,,,Unknown
grid_38_13,1039,38,13,9.29537837837838,80.81938236367716,9.250333333333334,9.340423423423424,80.77390753619001,80.8648571911643,99.488131321206,coastal,Unknown,,,,,,Unknown
grid_38_14,1040,38,14,9.29537837837838,80.91033201865146,9.250333333333334,9.340423423423424,80.8648571911643,80.9558068461386,99.48740100779462,ocean,Indian Ocean,,,N/A,Indian Ocean,Ocean,N/A
grid_38_15,1041,38,15,9.29537837837838,81.00128167362574,9.250333333333334,9.340423423423424,80.9558068461386,81.0467565011129,99.48716218895974,ocean,Indian Ocean,,,N/A,Indian Ocean,Ocean,N/A
grid_38_16,1042,38,16,9.29537837837838,81.09223132860005,9.250333333333334,9.340423423423424,81.0467565011129,81.13770615608719,99.48741486007587,ocean,Indian Ocean,,,N/A,Indian Ocean,Ocean,N/A
grid_38_17,1043,38,17,9.29537837837838,81.18318098357432,9.250333333333334,9.340423423423424,81.13770615608718,81.22865581106147,99.4881590260819,ocean,Indian Ocean,,,N/A,Indian Ocean,Ocean,N/A
grid_38_18,1044,38,18,9.29537837837838,81.27413063854861,9.250333333333334,9.340423423423424,81.22865581106147,81.31960546603577,99.4893947014839,ocean,Indian Ocean,,,N/A,Indian Ocean,Ocean,N/A
grid_38_19,1045,38,19,9.29537837837838,81.36508029352292,9.250333333333334,9.340423423423424,81.31960546603577,81.41055512101006,99.49112191048972,ocean,Indian Ocean,,,N/A,Indian Ocean,Ocean,N/A
grid_38_20,1046,38,20,9.29537837837838,81.45602994849723,9.250333333333334,9.340423423423424,81.41055512101006,81.50150477598436,99.49334068687097,ocean,Indian Ocean,,,N/A,Indian Ocean,Ocean,N/A
grid_38_21,1047,38,21,9.29537837837838,81.5469796034715,9.250333333333334,9.340423423423424,81.50150477598436,81.59245443095865,99.4960510739677,ocean,Indian Ocean,,,N/A,Indian Ocean,Ocean,N/A
grid_38_22,1048,38,22,9.29537837837838,81.63792925844578,9.250333333333334,9.340423423423424,81.59245443095864,81.68340408593293,99.4992531248262,ocean,Indian Ocean,,,N/A,Indian Ocean,Ocean,N/A
grid_38_23,1049,38,23,9.29537837837838,81.72887891342009,9.250333333333334,9.340423423423424,81.68340408593293,81.77435374090723,99.50294690206096,ocean,Indian Ocean,,,N/A,Indian Ocean,Ocean,N/A
grid_38_24,1050,38,24,9.29537837837838,81.81982856839437,9.250333333333334,9.340423423423424,81.77435374090723,81.86530339588153,99.50713247787152,ocean,Indian Ocean,,,N/A,Indian Ocean,Ocean,N/A
grid_38_25,1051,38,25,9.29537837837838,81.9107782233687,9.250333333333334,9.340423423423424,81.86530339588153,81.95625305085582,99.51180993415448,ocean,Indian Ocean,,,N/A,Indian Ocean,Ocean,N/A
grid_38_26,1052,38,26,9.29537837837838,82.00172787834296,9.250333333333334,9.340423423423424,81.95625305085582,82.04720270583012,99.5169793623966,ocean,Indian Ocean,,,N/A,Indian Ocean,Ocean,N/A
grid_39_0,1053,39,0,9.385468468468469,79.63703684901137,9.340423423423424,9.430513513513514,79.59156202152421,79.6825116764985,99.51727261953346,ocean,Indian Ocean,,,N/A,Indian Ocean,Ocean,N/A
grid_39_1,1054,39,1,9.385468468468469,79.72798650398566,9.340423423423424,9.430513513513514,79.6825116764985,79.7734613314728,99.5101535822618,ocean,Indian Ocean,,,N/A,Indian Ocean,Ocean,N/A
grid_39_2,1055,39,2,9.385468468468469,79.81893615895994,9.340423423423424,9.430513513513514,79.7734613314728,79.8644109864471,99.50352659442514,ocean,Indian Ocean,,,N/A,Indian Ocean,Ocean,N/A
grid_39_3,1056,39,3,9.385468468468469,79.90988581393422,9.340423423423424,9.430513513513514,79.86441098644708,79.95536064142138,99.49739152642935,ocean,Indian Ocean,,,N/A,Indian Ocean,Ocean,N/A
grid_39_4,1057,39,4,9.385468468468469,80.00083546890852,9.340423423423424,9.430513513513514,79.95536064142138,80.04631029639567,99.49174825838638,coastal,Unknown,,,,,,Unknown
grid_39_5,1058,39,5,9.385468468468469,80.09178512388283,9.340423423423424,9.430513513513514,80.04631029639567,80.13725995136997,99.4865966799927,land,Unknown,,,,,,Unknown
grid_39_6,1059,39,6,9.385468468468469,80.18273477885711,9.340423423423424,9.430513513513514,80.13725995136997,80.22820960634427,99.48193669052412,land,Unknown,,,,,,Unknown
grid_39_7,1060,39,7,9.385468468468469,80.2736844338314,9.340423423423424,9.430513513513514,80.22820960634427,80.31915926131856,99.4777681989506,land,Unknown,,,,,,Unknown
grid_39_8,1061,39,8,9.385468468468469,80.36463408880569,9.340423423423424,9.430513513513514,80.31915926131855,80.41010891629284,99.47409112380916,land,Unknown,,,,,,Unknown
grid_39_9,1062,39,9,9.385468468468469,80.45558374377998,9.340423423423424,9.430513513513514,80.41010891629284,80.50105857126714,99.47090539320745,land,Unknown,,,,,,Unknown
grid_39_10,1063,39,10,9.385468468468469,80.54653339875429,9.340423423423424,9.430513513513514,80.50105857126714,80.59200822624143,99.46821094493995,land,Unknown,,,,,,Unknown
grid_39_11,1064,39,11,9.385468468468469,80.63748305372857,9.340423423423424,9.430513513513514,80.59200822624143,80.68295788121573,99.46600772635882,coastal,Unknown,,,,,,Unknown
grid_39_12,1065,39,12,9.385468468468469,80.72843270870285,9.340423423423424,9.430513513513514,80.68295788121571,80.77390753619001,99.46429569437446,coastal,Unknown,,,,,,Unknown
grid_39_13,1066,39,13,9.385468468468469,80.81938236367716,9.340423423423424,9.430513513513514,80.77390753619001,80.8648571911643,99.46307481558088,ocean,Indian Ocean,,,N/A,Indian Ocean,Ocean,N/A
grid_39_14,1067,39,14,9.385468468468469,80.91033201865146,9.340423423423424,9.430513513513514,80.8648571911643,80.9558068461386,99.46234506612409,ocean,Indian Ocean,,,N/A,Indian Ocean,Ocean,N/A
grid_39_15,1068,39,15,9.385468468468469,81.00128167362574,9.340423423423424,9.430513513513514,80.9558068461386,81.0467565011129,99.4621064317084,ocean,Indian Ocean,,,N/A,Indian Ocean,Ocean,N/A
grid_39_16,1069,39,16,9.385468468468469,81.09223132860005,9.340423423423424,9.430513513513514,81.0467565011129,81.13770615608719,99.46235890770777,ocean,Indian Ocean,,,N/A,Indian Ocean,Ocean,N/A
grid_39_17,1070,39,17,9.385468468468469,81.18318098357432,9.340423423423424,9.430513513513514,81.13770615608718,81.22865581106147,99.4631024990597,ocean,Indian Ocean,,,N/A,Indian Ocean,Ocean,N/A
grid_39_18,1071,39,18,9.385468468468469,81.27413063854861,9.340423423423424,9.430513513513514,81.22865581106147,81.31960546603577,99.46433722025137,ocean,Indian Ocean,,,N/A,Indian Ocean,Ocean,N/A
grid_39_19,1072,39,19,9.385468468468469,81.36508029352292,9.340423423423424,9.430513513513514,81.31960546603577,81.41055512101006,99.46606309544173,ocean,Indian Ocean,,,N/A,Indian Ocean,Ocean,N/A
grid_39_20,1073,39,20,9.385468468468469,81.45602994849723,9.340423423423424,9.430513513513514,81.41055512101006,81.50150477598436,99.46828015835064,ocean,Indian Ocean,,,N/A,Indian Ocean,Ocean,N/A
grid_39_21,1074,39,21,9.385468468468469,81.5469796034715,9.340423423423424,9.430513513513514,81.50150477598436,81.59245443095865,99.47098845225862,ocean,Indian Ocean,,,N/A,Indian Ocean,Ocean,N/A
grid_39_22,1075,39,22,9.385468468468469,81.63792925844578,9.340423423423424,9.430513513513514,81.59245443095864,81.68340408593293,99.47418803012276,ocean,Indian Ocean,,,N/A,Indian Ocean,Ocean,N/A
grid_39_23,1076,39,23,9.385468468468469,81.72887891342009,9.340423423423424,9.430513513513514,81.68340408593293,81.77435374090723,99.47787895446218,ocean,Indian Ocean,,,N/A,Indian Ocean,Ocean,N/A
grid_39_24,1077,39,24,9.385468468468469,81.81982856839437,9.340423423423424,9.430513513513514,81.77435374090723,81.86530339588153,99.48206129736032,ocean,Indian Ocean,,,N/A,Indian Ocean,Ocean,N/A
grid_39_25,1078,39,25,9.385468468468469,81.9107782233687,9.340423423423424,9.430513513513514,81.86530339588153,81.95625305085582,99.4867351405866,ocean,Indian Ocean,,,N/A,Indian Ocean,Ocean,N/A
grid_39_26,1079,39,26,9.385468468468469,82.00172787834296,9.340423423423424,9.430513513513514,81.95625305085582,82.04720270583012,99.4919005754828,ocean,Indian Ocean,,,N/A,Indian Ocean,Ocean,N/A
grid_40_0,1080,40,0,9.47555855855856,79.63703684901137,9.430513513513514,9.520603603603604,79.59156202152421,79.6825116764985,99.4919338154908,ocean,Indian Ocean,,,N/A,Indian Ocean,Ocean,N/A
grid_40_1,1081,40,1,9.47555855855856,79.72798650398566,9.430513513513514,9.520603603603604,79.6825116764985,79.7734613314728,99.48482033348208,ocean,Indian Ocean,,,N/A,Indian Ocean,Ocean,N/A
grid_40_2,1082,40,2,9.47555855855856,79.81893615895994,9.430513513513514,9.520603603603604,79.7734613314728,79.8644109864471,99.4781985164534,ocean,Indian Ocean,,,N/A,Indian Ocean,Ocean,N/A
grid_40_3,1083,40,3,9.47555855855856,79.90988581393422,9.430513513513514,9.520603603603604,79.86441098644708,79.95536064142138,99.47206823501854,ocean,Indian Ocean,,,N/A,Indian Ocean,Ocean,N/A
grid_40_4,1084,40,4,9.47555855855856,80.00083546890852,9.430513513513514,9.520603603603604,79.95536064142138,80.04631029639567,99.46642936948014,coastal,Unknown,,,,,,Unknown
grid_40_5,1085,40,5,9.47555855855856,80.09178512388283,9.430513513513514,9.520603603603604,80.04631029639567,80.13725995136997,99.461281809711,coastal,Unknown,,,,,,Unknown
grid_40_6,1086,40,6,9.47555855855856,80.18273477885711,9.430513513513514,9.520603603603604,80.13725995136997,80.22820960634427,99.4566254551456,land,Unknown,,,,,,Unknown
grid_40_7,1087,40,7,9.47555855855856,80.2736844338314,9.430513513513514,9.520603603603604,80.22820960634427,80.31915926131856,99.45246021489648,land,Unknown,,,,,,Unknown
grid_40_8,1088,40,8,9.47555855855856,80.36463408880569,9.430513513513514,9.520603603603604,80.31915926131855,80.41010891629284,99.448786007634,land,Unknown,,,,,,Unknown
grid_40_9,1089,40,9,9.47555855855856,80.45558374377998,9.430513513513514,9.520603603603604,80.41010891629284,80.50105857126714,99.44560276157732,land,Unknown,,,,,,Unknown
grid_40_10,1090,40,10,9.47555855855856,80.54653339875429,9.430513513513514,9.520603603603604,80.50105857126714,80.59200822624143,99.44291041461918,coastal,Unknown,,,,,,Unknown
grid_40_11,1091,40,11,9.47555855855856,80.63748305372857,9.430513513513514,9.520603603603604,80.59200822624143,80.68295788121573,99.4407089141966,coastal,Unknown,,,,,,Unknown
grid_40_12,1092,40,12,9.47555855855856,80.72843270870285,9.430513513513514,9.520603603603604,80.68295788121571,80.77390753619001,99.43899821728984,ocean,Indian Ocean,,,N/A,Indian Ocean,Ocean,N/A
grid_40_13,1093,40,13,9.47555855855856,80.81938236367716,9.430513513513514,9.520603603603604,80.77390753619001,80.8648571911643,99.4377782905418,ocean,Indian Ocean,,,N/A,Indian Ocean,Ocean,N/A
grid_40_14,1094,40,14,9.47555855855856,80.91033201865146,9.430513513513514,9.520603603603604,80.8648571911643,80.9558068461386,99.43704911013886,ocean,Indian Ocean,,,N/A,Indian Ocean,Ocean,N/A
grid_40_15,1095,40,15,9.47555855855856,81.00128167362574,9.430513513513514,9.520603603603604,80.9558068461386,81.0467565011129,99.43681066180616,ocean,Indian Ocean,,,N/A,Indian Ocean,Ocean,N/A
grid_40_16,1096,40,16,9.47555855855856,81.09223132860005,9.430513513513514,9.520603603603604,81.0467565011129,81.13770615608719,99.43706294093064,ocean,Indian Ocean,,,N/A,Indian Ocean,Ocean,N/A
grid_40_17,1097,40,17,9.47555855855856,81.18318098357432,9.430513513513514,9.520603603603604,81.13770615608718,81.22865581106147,99.43780595243396,ocean,Indian Ocean,,,N/A,Indian Ocean,Ocean,N/A
grid_40_18,1098,40,18,9.47555855855856,81.27413063854861,9.430513513513514,9.520603603603604,81.22865581106147,81.31960546603577,99.43903971078082,ocean,Indian Ocean,,,N/A,Indian Ocean,Ocean,N/A
grid_40_19,1099,40,19,9.47555855855856,81.36508029352292,9.430513513513514,9.520603603603604,81.31960546603577,81.41055512101006,99.44076424010164,ocean,Indian Ocean,,,N/A,Indian Ocean,Ocean,N/A
grid_40_20,1100,40,20,9.47555855855856,81.45602994849723,9.430513513513514,9.520603603603604,81.41055512101006,81.50150477598436,99.44297957405712,ocean,Indian Ocean,,,N/A,Indian Ocean,Ocean,N/A
grid_40_21,1101,40,21,9.47555855855856,81.5469796034715,9.430513513513514,9.520603603603604,81.50150477598436,81.59245443095865,99.44568575585616,ocean,Indian Ocean,,,N/A,Indian Ocean,Ocean,N/A
grid_40_22,1102,40,22,9.47555855855856,81.63792925844578,9.430513513513514,9.520603603603604,81.59245443095864,81.68340408593293,99.44888283837206,ocean,Indian Ocean,,,N/A,Indian Ocean,Ocean,N/A
grid_40_23,1103,40,23,9.47555855855856,81.72887891342009,9.430513513513514,9.520603603603604,81.68340408593293,81.77435374090723,99.45257088402585,ocean,Indian Ocean,,,N/A,Indian Ocean,Ocean,N/A
grid_40_24,1104,40,24,9.47555855855856,81.81982856839437,9.430513513513514,9.520603603603604,81.77435374090723,81.86530339588153,99.45674996478778,ocean,Indian Ocean,,,N/A,Indian Ocean,Ocean,N/A
grid_40_25,1105,40,25,9.47555855855856,81.9107782233687,9.430513513513514,9.520603603603604,81.86530339588153,81.95625305085582,99.46142016229986,ocean,Indian Ocean,,,N/A,Indian Ocean,Ocean,N/A
grid_40_26,1106,40,26,9.47555855855856,82.00172787834296,9.430513513513514,9.520603603603604,81.95625305085582,82.04720270583012,99.46658156775612,ocean,Indian Ocean,,,N/A,Indian Ocean,Ocean,N/A
grid_41_0,1107,41,0,9.565648648648647,79.63703684901137,9.520603603603604,9.610693693693694,79.59156202152421,79.6825116764985,99.46635466183288,ocean,Indian Ocean,,,N/A,Indian Ocean,Ocean,N/A
grid_41_1,1108,41,1,9.565648648648647,79.72798650398566,9.520603603603604,9.610693693693694,79.6825116764985,79.7734613314728,99.4592467847496,ocean,Indian Ocean,,,N/A,Indian Ocean,Ocean,N/A
grid_41_2,1109,41,2,9.565648648648647,79.81893615895994,9.520603603603604,9.610693693693694,79.7734613314728,79.8644109864471,99.452630184759,ocean,Indian Ocean,,,N/A,Indian Ocean,Ocean,N/A
grid_41_3,1110,41,3,9.565648648648647,79.90988581393422,9.520603603603604,9.610693693693694,79.86441098644708,79.95536064142138,99.4465047326791,ocean,Indian Ocean,,,N/A,Indian Ocean,Ocean,N/A
grid_41_4,1111,41,4,9.565648648648647,80.00083546890852,9.520603603603604,9.610693693693694,79.95536064142138,80.04631029639567,99.44087030900984,ocean,Indian Ocean,,,N/A,Indian Ocean,Ocean,N/A
grid_41_5,1112,41,5,9.565648648648647,80.09178512388283,9.520603603603604,9.610693693693694,80.04631029639567,80.13725995136997,99.4357268037964,coastal,Unknown,,,,,,Unknown
grid_41_6,1113,41,6,9.565648648648647,80.18273477885711,9.520603603603604,9.610693693693694,80.13725995136997,80.22820960634427,99.43107411663156,land,Unknown,,,,,,Unknown
grid_41_7,1114,41,7,9.565648648648647,80.2736844338314,9.520603603603604,9.610693693693694,80.22820960634427,80.31915926131856,99.42691215677904,land,Unknown,,,,,,Unknown
grid_41_8,1115,41,8,9.565648648648647,80.36463408880569,9.520603603603604,9.610693693693694,80.31915926131855,80.41010891629284,99.42324084303924,land,Unknown,,,,,,Unknown
grid_41_9,1116,41,9,9.565648648648647,80.45558374377998,9.520603603603604,9.610693693693694,80.41010891629284,80.50105857126714,99.42006010374256,coastal,Unknown,,,,,,Unknown
grid_41_10,1117,41,10,9.565648648648647,80.54653339875429,9.520603603603604,9.610693693693694,80.50105857126714,80.59200822624143,99.41736987688216,coastal,Unknown,,,,,,Unknown
grid_41_11,1118,41,11,9.565648648648647,80.63748305372857,9.520603603603604,9.610693693693694,80.59200822624143,80.68295788121573,99.41517010998024,ocean,Indian Ocean,,,N/A,Indian Ocean,Ocean,N/A
grid_41_12,1119,41,12,9.565648648648647,80.72843270870285,9.520603603603604,9.610693693693694,80.68295788121571,80.77390753619001,99.41346076008524,ocean,Indian Ocean,,,N/A,Indian Ocean,Ocean,N/A
grid_41_13,1120,41,13,9.565648648648647,80.81938236367716,9.520603603603604,9.610693693693694,80.77390753619001,80.8648571911643,99.41224179389708,ocean,Indian Ocean,,,N/A,Indian Ocean,Ocean,N/A
grid_41_14,1121,41,14,9.565648648648647,80.91033201865146,9.520603603603604,9.610693693693694,80.8648571911643,80.9558068461386,99.411513187639,ocean,Indian Ocean,,,N/A,Indian Ocean,Ocean,N/A
grid_41_15,1122,41,15,9.565648648648647,81.00128167362574,9.520603603603604,9.610693693693694,80.9558068461386,81.0467565011129,99.41127492705188,ocean,Indian Ocean,,,N/A,Indian Ocean,Ocean,N/A
grid_41_16,1123,41,16,9.565648648648647,81.09223132860005,9.520603603603604,9.610693693693694,81.0467565011129,81.13770615608719,99.4115270075354,ocean,Indian Ocean,,,N/A,Indian Ocean,Ocean,N/A
grid_41_17,1124,41,17,9.565648648648647,81.18318098357432,9.520603603603604,9.610693693693694,81.13770615608718,81.22865581106147,99.41226943400876,ocean,Indian Ocean,,,N/A,Indian Ocean,Ocean,N/A
grid_41_18,1125,41,18,9.565648648648647,81.27413063854861,9.520603603603604,9.610693693693694,81.22865581106147,81.31960546603577,99.4135022209079,ocean,Indian Ocean,,,N/A,Indian Ocean,Ocean,N/A
grid_41_19,1126,41,19,9.565648648648647,81.36508029352292,9.520603603603604,9.610693693693694,81.31960546603577,81.41055512101006,99.4152253923209,ocean,Indian Ocean,,,N/A,Indian Ocean,Ocean,N/A
grid_41_20,1127,41,20,9.565648648648647,81.45602994849723,9.520603603603604,9.610693693693694,81.41055512101006,81.50150477598436,99.41743898185892,ocean,Indian Ocean,,,N/A,Indian Ocean,Ocean,N/A
grid_41_21,1128,41,21,9.565648648648647,81.5469796034715,9.520603603603604,9.610693693693694,81.50150477598436,81.59245443095865,99.42014303266204,ocean,Indian Ocean,,,N/A,Indian Ocean,Ocean,N/A
grid_41_22,1129,41,22,9.565648648648647,81.63792925844578,9.520603603603604,9.610693693693694,81.59245443095864,81.68340408593293,99.42333759752232,ocean,Indian Ocean,,,N/A,Indian Ocean,Ocean,N/A
grid_41_23,1130,41,23,9.565648648648647,81.72887891342009,9.520603603603604,9.610693693693694,81.68340408593293,81.77435374090723,99.4270227387576,ocean,Indian Ocean,,,N/A,Indian Ocean,Ocean,N/A
grid_41_24,1131,41,24,9.565648648648647,81.81982856839437,9.520603603603604,9.610693693693694,81.77435374090723,81.86530339588153,99.4311985282135,ocean,Indian Ocean,,,N/A,Indian Ocean,Ocean,N/A
grid_41_25,1132,41,25,9.565648648648647,81.9107782233687,9.520603603603604,9.610693693693694,81.86530339588153,81.95625305085582,99.43586504740884,ocean,Indian Ocean,,,N/A,Indian Ocean,Ocean,N/A
grid_41_26,1133,41,26,9.565648648648647,82.00172787834296,9.520603603603604,9.610693693693694,81.95625305085582,82.04720270583012,99.44102238739758,ocean,Indian Ocean,,,N/A,Indian Ocean,Ocean,N/A
grid_42_0,1134,42,0,9.65573873873874,79.63703684901137,9.610693693693694,9.700783783783784,79.59156202152421,79.6825116764985,99.44053520756653,ocean,Indian Ocean,,,N/A,Indian Ocean,Ocean,N/A
grid_42_1,1135,42,1,9.65573873873874,79.72798650398566,9.610693693693694,9.700783783783784,79.6825116764985,79.7734613314728,99.43343298498154,ocean,Indian Ocean,,,N/A,Indian Ocean,Ocean,N/A
grid_42_2,1136,42,2,9.65573873873874,79.81893615895994,9.610693693693694,9.700783783783784,79.7734613314728,79.8644109864471,99.42682164817202,ocean,Indian Ocean,,,N/A,Indian Ocean,Ocean,N/A
grid_42_3,1137,42,3,9.65573873873874,79.90988581393422,9.610693693693694,9.700783783783784,79.86441098644708,79.95536064142138,99.42070106816682,ocean,Indian Ocean,,,N/A,Indian Ocean,Ocean,N/A
grid_42_4,1138,42,4,9.65573873873874,80.00083546890852,9.610693693693694,9.700783783783784,79.95536064142138,80.04631029639567,99.41507112564967,ocean,Indian Ocean,,,N/A,Indian Ocean,Ocean,N/A
grid_42_5,1139,42,5,9.65573873873874,80.09178512388283,9.610693693693694,9.700783783783784,80.04631029639567,80.13725995136997,99.40993171085198,coastal,Unknown,,,,,,Unknown
grid_42_6,1140,42,6,9.65573873873874,80.18273477885711,9.610693693693694,9.700783783783784,80.13725995136997,80.22820960634427,99.40528272352714,land,Unknown,,,,,,Unknown
grid_42_7,1141,42,7,9.65573873873874,80.2736844338314,9.610693693693694,9.700783783783784,80.22820960634427,80.31915926131856,99.40112407308187,coastal,Unknown,,,,,,Unknown
grid_42_8,1142,42,8,9.65573873873874,80.36463408880569,9.610693693693694,9.700783783783784,80.31915926131855,80.41010891629284,99.39745567845308,coastal,Unknown,,,,,,Unknown
grid_42_9,1143,42,9,9.65573873873874,80.45558374377998,9.610693693693694,9.700783783783784,80.41010891629284,80.50105857126714,99.39427746809136,coastal,Unknown,,,,,,Unknown
grid_42_10,1144,42,10,9.65573873873874,80.54653339875429,9.610693693693694,9.700783783783784,80.50105857126714,80.59200822624143,99.39158938008364,ocean,Indian Ocean,,,N/A,Indian Ocean,Ocean,N/A
grid_42_11,1145,42,11,9.65573873873874,80.63748305372857,9.610693693693694,9.700783783783784,80.59200822624143,80.68295788121573,99.3893913620353,ocean,Indian Ocean,,,N/A,Indian Ocean,Ocean,N/A
grid_42_12,1146,42,12,9.65573873873874,80.72843270870285,9.610693693693694,9.700783783783784,80.68295788121571,80.77390753619001,99.3876833710694,ocean,Indian Ocean,,,N/A,Indian Ocean,Ocean,N/A
grid_42_13,1147,42,13,9.65573873873874,80.81938236367716,9.610693693693694,9.700783783783784,80.77390753619001,80.8648571911643,99.38646537393448,ocean,Indian Ocean,,,N/A,Indian Ocean,Ocean,N/A
grid_42_14,1148,42,14,9.65573873873874,80.91033201865146,9.610693693693694,9.700783783783784,80.8648571911643,80.9558068461386,99.38573734689427,ocean,Indian Ocean,,,N/A,Indian Ocean,Ocean,N/A
grid_42_15,1149,42,15,9.65573873873874,81.00128167362574,9.610693693693694,9.700783783783784,80.9558068461386,81.0467565011129,99.38549927572,ocean,Indian Ocean,,,N/A,Indian Ocean,Ocean,N/A
grid_42_16,1150,42,16,9.65573873873874,81.09223132860005,9.610693693693694,9.700783783783784,81.0467565011129,81.13770615608719,99.38575115581038,ocean,Indian Ocean,,,N/A,Indian Ocean,Ocean,N/A
grid_42_17,1151,42,17,9.65573873873874,81.18318098357432,9.610693693693694,9.700783783783784,81.13770615608718,81.22865581106147,99.38649299207518,ocean,Indian Ocean,,,N/A,Indian Ocean,Ocean,N/A
grid_42_18,1152,42,18,9.65573873873874,81.27413063854861,9.610693693693694,9.700783783783784,81.22865581106147,81.31960546603577,99.38772479893,ocean,Indian Ocean,,,N/A,Indian Ocean,Ocean,N/A
grid_42_19,1153,42,19,9.65573873873874,81.36508029352292,9.610693693693694,9.700783783783784,81.31960546603577,81.41055512101006,99.38944660042397,ocean,Indian Ocean,,,N/A,Indian Ocean,Ocean,N/A
grid_42_20,1154,42,20,9.65573873873874,81.45602994849723,9.610693693693694,9.700783783783784,81.41055512101006,81.50150477598436,99.39165843011764,ocean,Indian Ocean,,,N/A,Indian Ocean,Ocean,N/A
grid_42_21,1155,42,21,9.65573873873874,81.5469796034715,9.610693693693694,9.700783783783784,81.50150477598436,81.59245443095865,99.39436033108032,ocean,Indian Ocean,,,N/A,Indian Ocean,Ocean,N/A
grid_42_22,1156,42,22,9.65573873873874,81.63792925844578,9.610693693693694,9.700783783783784,81.59245443095864,81.68340408593293,99.39755235601068,ocean,Indian Ocean,,,N/A,Indian Ocean,Ocean,N/A
grid_42_23,1157,42,23,9.65573873873874,81.72887891342009,9.610693693693694,9.700783783783784,81.68340408593293,81.77435374090723,99.40123456712972,ocean,Indian Ocean,,,N/A,Indian Ocean,Ocean,N/A
grid_42_24,1158,42,24,9.65573873873874,81.81982856839437,9.610693693693694,9.700783783783784,81.77435374090723,81.86530339588153,99.4054070361786,ocean,Indian Ocean,,,N/A,Indian Ocean,Ocean,N/A
grid_42_25,1159,42,25,9.65573873873874,81.9107782233687,9.610693693693694,9.700783783783784,81.86530339588153,81.95625305085582,99.41006984453252,ocean,Indian Ocean,,,N/A,Indian Ocean,Ocean,N/A
grid_42_26,1160,42,26,9.65573873873874,82.00172787834296,9.610693693693694,9.700783783783784,81.95625305085582,82.04720270583012,99.41522308309254,ocean,Indian Ocean,,,N/A,Indian Ocean,Ocean,N/A
grid_43_0,1161,43,0,9.745828828828827,79.63703684901137,9.700783783783784,9.790873873873874,79.59156202152421,79.6825116764985,99.41447550216618,ocean,Indian Ocean,,,N/A,Indian Ocean,Ocean,N/A
grid_43_1,1162,43,1,9.745828828828827,79.72798650398566,9.700783783783784,9.790873873873874,79.6825116764985,79.7734613314728,99.4073789835572,ocean,Indian Ocean,,,N/A,Indian Ocean,Ocean,N/A
grid_43_2,1163,43,2,9.745828828828827,79.81893615895994,9.700783783783784,9.790873873873874,79.7734613314728,79.8644109864471,99.40077295597987,ocean,Indian Ocean,,,N/A,Indian Ocean,Ocean,N/A
grid_43_3,1164,43,3,9.745828828828827,79.90988581393422,9.700783783783784,9.790873873873874,79.86441098644708,79.95536064142138,99.39465729067228,ocean,Indian Ocean,,,N/A,Indian Ocean,Ocean,N/A
grid_43_4,1165,43,4,9.745828828828827,80.00083546890852,9.700783783783784,9.790873873873874,79.95536064142138,80.04631029639567,99.38903186851668,ocean,Indian Ocean,,,N/A,Indian Ocean,Ocean,N/A
grid_43_5,1166,43,5,9.745828828828827,80.09178512388283,9.700783783783784,9.790873873873874,80.04631029639567,80.13725995136997,99.38389657992674,coastal,Unknown,,,,,,Unknown
grid_43_6,1167,43,6,9.745828828828827,80.18273477885711,9.700783783783784,9.790873873873874,80.13725995136997,80.22820960634427,99.3792513248168,coastal,Unknown,,,,,,Unknown
grid_43_7,1168,43,7,9.745828828828827,80.2736844338314,9.700783783783784,9.790873873873874,80.22820960634427,80.31915926131856,99.37509601274628,coastal,Unknown,,,,,,Unknown
grid_43_8,1169,43,8,9.745828828828827,80.36463408880569,9.700783783783784,9.790873873873874,80.31915926131855,80.41010891629284,99.37143056277536,ocean,Indian Ocean,,,N/A,Indian Ocean,Ocean,N/A
grid_43_9,1170,43,9,9.745828828828827,80.45558374377998,9.700783783783784,9.790873873873874,80.41010891629284,80.50105857126714,99.36825490346963,ocean,Indian Ocean,,,N/A,Indian Ocean,Ocean,N/A
grid_43_10,1171,43,10,9.745828828828827,80.54653339875429,9.700783783783784,9.790873873873874,80.50105857126714,80.59200822624143,99.3655689730288,ocean,Indian Ocean,,,N/A,Indian Ocean,Ocean,N/A
grid_43_11,1172,43,11,9.745828828828827,80.63748305372857,9.700783783783784,9.790873873873874,80.59200822624143,80.68295788121573,99.36337271914064,ocean,Indian Ocean,,,N/A,Indian Ocean,Ocean,N/A
grid_43_12,1173,43,12,9.745828828828827,80.72843270870285,9.700783783783784,9.790873873873874,80.68295788121571,80.77390753619001,99.3616660989917,ocean,Indian Ocean,,,N/A,Indian Ocean,Ocean,N/A
grid_43_13,1174,43,13,9.745828828828827,80.81938236367716,9.700783783783784,9.790873873873874,80.77390753619001,80.8648571911643,99.360449079392,ocean,Indian Ocean,,,N/A,Indian Ocean,Ocean,N/A
grid_43_14,1175,43,14,9.745828828828827,80.91033201865146,9.700783783783784,9.790873873873874,80.8648571911643,80.9558068461386,99.35972163663888,ocean,Indian Ocean,,,N/A,Indian Ocean,Ocean,N/A
grid_43_15,1176,43,15,9.745828828828827,81.00128167362574,9.700783783783784,9.790873873873874,80.9558068461386,81.0467565011129,99.35948375652671,ocean,Indian Ocean,,,N/A,Indian Ocean,Ocean,N/A
grid_43_16,1177,43,16,9.745828828828827,81.09223132860005,9.700783783783784,9.790873873873874,81.0467565011129,81.13770615608719,99.35973543446906,ocean,Indian Ocean,,,N/A,Indian Ocean,Ocean,N/A
grid_43_17,1178,43,17,9.745828828828827,81.18318098357432,9.700783783783784,9.790873873873874,81.13770615608718,81.22865581106147,99.3604766753633,ocean,Indian Ocean,,,N/A,Indian Ocean,Ocean,N/A
grid_43_18,1179,43,18,9.745828828828827,81.27413063854861,9.700783783783784,9.790873873873874,81.22865581106147,81.31960546603577,99.36170749360156,ocean,Indian Ocean,,,N/A,Indian Ocean,Ocean,N/A
grid_43_19,1180,43,19,9.745828828828827,81.36508029352292,9.700783783783784,9.790873873873874,81.31960546603577,81.41055512101006,99.36342791319372,ocean,Indian Ocean,,,N/A,Indian Ocean,Ocean,N/A
grid_43_20,1181,43,20,9.745828828828827,81.45602994849723,9.700783783783784,9.790873873873874,81.41055512101006,81.50150477598436,99.36563796764246,ocean,Indian Ocean,,,N/A,Indian Ocean,Ocean,N/A
grid_43_21,1182,43,21,9.745828828828827,81.5469796034715,9.700783783783784,9.790873873873874,81.50150477598436,81.59245443095865,99.36833769994615,ocean,Indian Ocean,,,N/A,Indian Ocean,Ocean,N/A
grid_43_22,1183,43,22,9.745828828828827,81.63792925844578,9.700783783783784,9.790873873873874,81.59245443095864,81.68340408593293,99.37152716272304,ocean,Indian Ocean,,,N/A,Indian Ocean,Ocean,N/A
grid_43_23,1184,43,23,9.745828828828827,81.72887891342009,9.700783783783784,9.790873873873874,81.68340408593293,81.77435374090723,99.37520641809236,ocean,Indian Ocean,,,N/A,Indian Ocean,Ocean,N/A
grid_43_24,1185,43,24,9.745828828828827,81.81982856839437,9.700783783783784,9.790873873873874,81.77435374090723,81.86530339588153,99.37937553767264,ocean,Indian Ocean,,,N/A,Indian Ocean,Ocean,N/A
grid_43_25,1186,43,25,9.745828828828827,81.9107782233687,9.700783783783784,9.790873873873874,81.86530339588153,81.95625305085582,99.38403460270877,ocean,Indian Ocean,,,N/A,Indian Ocean,Ocean,N/A
grid_43_26,1187,43,26,9.745828828828827,82.00172787834296,9.700783783783784,9.790873873873874,81.95625305085582,82.04720270583012,99.38918370395696,ocean,Indian Ocean,,,N/A,Indian Ocean,Ocean,N/A
grid_44_0,1188,44,0,9.83591891891892,79.63703684901137,9.790873873873874,9.880963963963964,79.59156202152421,79.6825116764985,99.38817559558348,ocean,Indian Ocean,,,N/A,Indian Ocean,Ocean,N/A
grid_44_1,1189,44,1,9.83591891891892,79.72798650398566,9.790873873873874,9.880963963963964,79.6825116764985,79.7734613314728,99.38108483032433,ocean,Indian Ocean,,,N/A,Indian Ocean,Ocean,N/A
grid_44_2,1190,44,2,9.83591891891892,79.81893615895994,9.790873873873874,9.880963963963964,79.7734613314728,79.8644109864471,99.37448415793769,ocean,Indian Ocean,,,N/A,Indian Ocean,Ocean,N/A
grid_44_3,1191,44,3,9.83591891891892,79.90988581393422,9.790873873873874,9.880963963963964,79.86441098644708,79.95536064142138,99.36837344987714,ocean,Indian Ocean,,,N/A,Indian Ocean,Ocean,N/A
grid_44_4,1192,44,4,9.83591891891892,80.00083546890852,9.790873873873874,9.880963963963964,79.95536064142138,80.04631029639567,99.36275258722075,ocean,Indian Ocean,,,N/A,Indian Ocean,Ocean,N/A
grid_44_5,1193,44,5,9.83591891891892,80.09178512388283,9.790873873873874,9.880963963963964,80.04631029639567,80.13725995136997,99.35762146055656,ocean,Indian Ocean,,,N/A,Indian Ocean,Ocean,N/A
grid_44_6,1194,44,6,9.83591891891892,80.18273477885711,9.790873873873874,9.880963963963964,80.13725995136997,80.22820960634427,99.35297996997188,coastal,Unknown,,,,,,Unknown
grid_44_7,1195,44,7,9.83591891891892,80.2736844338314,9.790873873873874,9.880963963963964,80.22820960634427,80.31915926131856,99.34882802517193,ocean,Indian Ocean,,,N/A,Indian Ocean,Ocean,N/A
grid_44_8,1196,44,8,9.83591891891892,80.36463408880569,9.790873873873874,9.880963963963964,80.31915926131855,80.41010891629284,99.3451655453507,ocean,Indian Ocean,,,N/A,Indian Ocean,Ocean,N/A
grid_44_9,1197,44,9,9.83591891891892,80.45558374377998,9.790873873873874,9.880963963963964,80.41010891629284,80.50105857126714,99.34199245919484,ocean,Indian Ocean,,,N/A,Indian Ocean,Ocean,N/A
grid_44_10,1198,44,10,9.83591891891892,80.54653339875429,9.790873873873874,9.880963963963964,80.50105857126714,80.59200822624143,99.33930870499871,ocean,Indian Ocean,,,N/A,Indian Ocean,Ocean,N/A
grid_44_11,1199,44,11,9.83591891891892,80.63748305372857,9.790873873873874,9.880963963963964,80.59200822624143,80.68295788121573,99.33711423054008,ocean,Indian Ocean,,,N/A,Indian Ocean,Ocean,N/A
grid_44_12,1200,44,12,9.83591891891892,80.72843270870285,9.790873873873874,9.880963963963964,80.68295788121571,80.77390753619001,99.335408993079,ocean,Indian Ocean,,,N/A,Indian Ocean,Ocean,N/A
grid_44_13,1201,44,13,9.83591891891892,80.81938236367716,9.790873873873874,9.880963963963964,80.77390753619001,80.8648571911643,99.33419295947598,ocean,Indian Ocean,,,N/A,Indian Ocean,Ocean,N/A
grid_44_14,1202,44,14,9.83591891891892,80.91033201865146,9.790873873873874,9.880963963963964,80.8648571911643,80.9558068461386,99.33346610607336,ocean,Indian Ocean,,,N/A,Indian Ocean,Ocean,N/A
grid_44_15,1203,44,15,9.83591891891892,81.00128167362574,9.790873873873874,9.880963963963964,80.9558068461386,81.0467565011129,99.33322841868544,ocean,Indian Ocean,,,N/A,Indian Ocean,Ocean,N/A
grid_44_16,1204,44,16,9.83591891891892,81.09223132860005,9.790873873873874,9.880963963963964,81.0467565011129,81.13770615608719,99.3334798927268,ocean,Indian Ocean,,,N/A,Indian Ocean,Ocean,N/A
grid_44_17,1205,44,17,9.83591891891892,81.18318098357432,9.790873873873874,9.880963963963964,81.13770615608718,81.22865581106147,99.33422053309228,ocean,Indian Ocean,,,N/A,Indian Ocean,Ocean,N/A
grid_44_18,1206,44,18,9.83591891891892,81.27413063854861,9.790873873873874,9.880963963963964,81.22865581106147,81.31960546603577,99.33545035415214,ocean,Indian Ocean,,,N/A,Indian Ocean,Ocean,N/A
grid_44_19,1207,44,19,9.83591891891892,81.36508029352292,9.790873873873874,9.880963963963964,81.31960546603577,81.41055512101006,99.33716937987728,ocean,Indian Ocean,,,N/A,Indian Ocean,Ocean,N/A
grid_44_20,1208,44,20,9.83591891891892,81.45602994849723,9.790873873873874,9.880963963963964,81.41055512101006,81.50150477598436,99.33937764371278,ocean,Indian Ocean,,,N/A,Indian Ocean,Ocean,N/A
grid_44_21,1209,44,21,9.83591891891892,81.5469796034715,9.790873873873874,9.880963963963964,81.50150477598436,81.59245443095865,99.34207518858577,ocean,Indian Ocean,,,N/A,Indian Ocean,Ocean,N/A
grid_44_22,1210,44,22,9.83591891891892,81.63792925844578,9.790873873873874,9.880963963963964,81.59245443095864,81.68340408593293,99.34526206702938,ocean,Indian Ocean,,,N/A,Indian Ocean,Ocean,N/A
grid_44_23,1211,44,23,9.83591891891892,81.72887891342009,9.790873873873874,9.880963963963964,81.68340408593293,81.77435374090723,99.34893834106012,ocean,Indian Ocean,,,N/A,Indian Ocean,Ocean,N/A
grid_44_24,1212,44,24,9.83591891891892,81.81982856839437,9.790873873873874,9.880963963963964,81.77435374090723,81.86530339588153,99.35310408217128,ocean,Indian Ocean,,,N/A,Indian Ocean,Ocean,N/A
grid_44_25,1213,44,25,9.83591891891892,81.9107782233687,9.790873873873874,9.880963963963964,81.86530339588153,81.95625305085582,99.3577593714832,ocean,Indian Ocean,,,N/A,Indian Ocean,Ocean,N/A
grid_44_26,1214,44,26,9.83591891891892,82.00172787834296,9.790873873873874,9.880963963963964,81.95625305085582,82.04720270583012,99.36290429960056,ocean,Indian Ocean,,,N/A,Indian Ocean,Ocean,N/A
grid_45_0,1215,45,0,9.92600900900901,79.63703684901137,9.880963963963964,9.971054054054054,79.59156202152421,79.6825116764985,99.36163553823089,ocean,Indian Ocean,,,N/A,Indian Ocean,Ocean,N/A
grid_45_1,1216,45,1,9.92600900900901,79.72798650398566,9.880963963963964,9.971054054054054,79.6825116764985,79.7734613314728,99.35455057560227,ocean,Indian Ocean,,,N/A,Indian Ocean,Ocean,N/A
grid_45_2,1217,45,2,9.92600900900901,79.81893615895994,9.880963963963964,9.971054054054054,79.7734613314728,79.8644109864471,99.3479553042776,ocean,Indian Ocean,,,N/A,Indian Ocean,Ocean,N/A
grid_45_3,1218,45,3,9.92600900900901,79.90988581393422,9.880963963963964,9.971054054054054,79.86441098644708,79.95536064142138,99.34184959592366,ocean,Indian Ocean,,,N/A,Indian Ocean,Ocean,N/A
grid_45_4,1219,45,4,9.92600900900901,80.00083546890852,9.880963963963964,9.971054054054054,79.95536064142138,80.04631029639567,99.33623333181949,ocean,Indian Ocean,,,N/A,Indian Ocean,Ocean,N/A
grid_45_5,1220,45,5,9.92600900900901,80.09178512388283,9.880963963963964,9.971054054054054,80.04631029639567,80.13725995136997,99.3311064027372,ocean,Indian Ocean,,,N/A,Indian Ocean,Ocean,N/A
grid_45_6,1221,45,6,9.92600900900901,80.18273477885711,9.880963963963964,9.971054054054054,80.13725995136997,80.22820960634427,99.32646870892516,ocean,Indian Ocean,,,N/A,Indian Ocean,Ocean,N/A
grid_45_7,1222,45,7,9.92600900900901,80.2736844338314,9.880963963963964,9.971054054054054,80.22820960634427,80.31915926131856,99.32232016023691,ocean,Indian Ocean,,,N/A,Indian Ocean,Ocean,N/A
grid_45_8,1223,45,8,9.92600900900901,80.36463408880569,9.880963963963964,9.971054054054054,80.31915926131855,80.41010891629284,99.31866067600768,ocean,Indian Ocean,,,N/A,Indian Ocean,Ocean,N/A
grid_45_9,1224,45,9,9.92600900900901,80.45558374377998,9.880963963963964,9.971054054054054,80.41010891629284,80.50105857126714,99.31549018503937,ocean,Indian Ocean,,,N/A,Indian Ocean,Ocean,N/A
grid_45_10,1225,45,10,9.92600900900901,80.54653339875429,9.880963963963964,9.971054054054054,80.50105857126714,80.59200822624143,99.31280862573088,ocean,Indian Ocean,,,N/A,Indian Ocean,Ocean,N/A
grid_45_11,1226,45,11,9.92600900900901,80.63748305372857,9.880963963963964,9.971054054054054,80.59200822624143,80.68295788121573,99.31061594594868,ocean,Indian Ocean,,,N/A,Indian Ocean,Ocean,N/A
grid_45_12,1227,45,12,9.92600900900901,80.72843270870285,9.880963963963964,9.971054054054054,80.68295788121571,80.77390753619001,99.30891210301844,ocean,Indian Ocean,,,N/A,Indian Ocean,Ocean,N/A
grid_45_13,1228,45,13,9.92600900900901,80.81938236367716,9.880963963963964,9.971054054054054,80.77390753619001,80.8648571911643,99.30769706385878,ocean,Indian Ocean,,,N/A,Indian Ocean,Ocean,N/A
grid_45_14,1229,45,14,9.92600900900901,80.91033201865146,9.880963963963964,9.971054054054054,80.8648571911643,80.9558068461386,99.30697080485072,ocean,Indian Ocean,,,N/A,Indian Ocean,Ocean,N/A
grid_45_15,1230,45,15,9.92600900900901,81.00128167362574,9.880963963963964,9.971054054054054,80.9558068461386,81.0467565011129,99.30673331183434,ocean,Indian Ocean,,,N/A,Indian Ocean,Ocean,N/A
grid_45_16,1231,45,16,9.92600900900901,81.09223132860005,9.880963963963964,9.971054054054054,81.0467565011129,81.13770615608719,99.30698458023232,ocean,Indian Ocean,,,N/A,Indian Ocean,Ocean,N/A
grid_45_17,1232,45,17,9.92600900900901,81.18318098357432,9.880963963963964,9.971054054054054,81.13770615608718,81.22865581106147,99.30772461492982,ocean,Indian Ocean,,,N/A,Indian Ocean,Ocean,N/A
grid_45_18,1233,45,18,9.92600900900901,81.27413063854861,9.880963963963964,9.971054054054054,81.22865581106147,81.31960546603577,99.30895343026926,ocean,Indian Ocean,,,N/A,Indian Ocean,Ocean,N/A
grid_45_19,1234,45,19,9.92600900900901,81.36508029352292,9.880963963963964,9.971054054054054,81.31960546603577,81.41055512101006,99.31067105018356,ocean,Indian Ocean,,,N/A,Indian Ocean,Ocean,N/A
grid_45_20,1235,45,20,9.92600900900901,81.45602994849723,9.880963963963964,9.971054054054054,81.41055512101006,81.50150477598436,99.31287750806412,ocean,Indian Ocean,,,N/A,Indian Ocean,Ocean,N/A
grid_45_21,1236,45,21,9.92600900900901,81.5469796034715,9.880963963963964,9.971054054054054,81.50150477598436,81.59245443095865,99.31557284676914,ocean,Indian Ocean,,,N/A,Indian Ocean,Ocean,N/A
grid_45_22,1237,45,22,9.92600900900901,81.63792925844578,9.880963963963964,9.971054054054054,81.59245443095864,81.68340408593293,99.31875711873931,ocean,Indian Ocean,,,N/A,Indian Ocean,Ocean,N/A
grid_45_23,1238,45,23,9.92600900900901,81.72887891342009,9.880963963963964,9.971054054054054,81.68340408593293,81.77435374090723,99.3224303858896,ocean,Indian Ocean,,,N/A,Indian Ocean,Ocean,N/A
grid_45_24,1239,45,24,9.92600900900901,81.81982856839437,9.880963963963964,9.971054054054054,81.77435374090723,81.86530339588153,99.32659271959804,ocean,Indian Ocean,,,N/A,Indian Ocean,Ocean,N/A
grid_45_25,1240,45,25,9.92600900900901,81.9107782233687,9.880963963963964,9.971054054054054,81.86530339588153,81.95625305085582,99.3312442008468,ocean,Indian Ocean,,,N/A,Indian Ocean,Ocean,N/A
grid_45_26,1241,45,26,9.92600900900901,82.00172787834296,9.880963963963964,9.971054054054054,81.95625305085582,82.04720270583012,99.33638492008568,ocean,Indian Ocean,,,N/A,Indian Ocean,Ocean,N/A
