{
"type": "FeatureCollection",
"name": "grid_cells_all",
"crs": { "type": "name", "properties": { "name": "urn:ogc:def:crs:OGC:1.3:CRS84" } },
"features": [
{ "type": "Feature", "properties": { "grid_id": "grid_0_0", "cell_number": 0, "row": 0, "col": 0, "centroid_lat": 5.8719549549549539, "centroid_lon": 79.637036849011366, "minlat": 5.8269099099099098, "maxlat": 5.917, "minlon": 79.591562021524211, "maxlon": 79.682511676498507, "area_km2": 100.31754337307447, "cell_type": "ocean" }, "geometry": { "type": "Polygon", "coordinates": [ [ [ 79.682511676498507, 5.82690990990991 ], [ 79.682511676498507, 5.917 ], [ 79.591562021524211, 5.917 ], [ 79.591562021524211, 5.82690990990991 ], [ 79.682511676498507, 5.82690990990991 ] ] ] } },
{ "type": "Feature", "properties": { "grid_id": "grid_0_1", "cell_number": 1, "row": 0, "col": 1, "centroid_lat": 5.8719549549549539, "centroid_lon": 79.727986503985662, "minlat": 5.8269099099099098, "maxlat": 5.917, "minlon": 79.682511676498507, "maxlon": 79.773461331472802, "area_km2": 100.31024734390213, "cell_type": "ocean" }, "geometry": { "type": "Polygon", "coordinates": [ [ [ 79.773461331472802, 5.82690990990991 ], [ 79.773461331472802, 5.917 ], [ 79.682511676498507, 5.917 ], [ 79.682511676498507, 5.82690990990991 ], [ 79.773461331472802, 5.82690990990991 ] ] ] } },
{ "type": "Feature", "properties": { "grid_id": "grid_0_2", "cell_number": 2, "row": 0, "col": 2, "centroid_lat": 5.8719549549549539, "centroid_lon": 79.818936158959943, "minlat": 5.8269099099099098, "maxlat": 5.917, "minlon": 79.773461331472802, "maxlon": 79.864410986447098, "area_km2": 100.30345561324516, "cell_type": "ocean" }, "geometry": { "type": "Polygon", "coordinates": [ [ [ 79.864410986447098, 5.82690990990991 ], [ 79.864410986447098, 5.917 ], [ 79.773461331472802, 5.917 ], [ 79.773461331472802, 5.82690990990991 ], [ 79.864410986447098, 5.82690990990991 ] ] ] } },
{ "type": "Feature", "properties": { "grid_id": "grid_0_3", "cell_number": 3, "row": 0, "col": 3, "centroid_lat": 5.8719549549549539, "centroid_lon": 79.909885813934224, "minlat": 5.8269099099099098, "maxlat": 5.917, "minlon": 79.864410986447083, "maxlon": 79.955360641421379, "area_km2": 100.29716804487941, "cell_type": "ocean" }, "geometry": { "type": "Polygon", "coordinates": [ [ [ 79.955360641421379, 5.82690990990991 ], [ 79.955360641421379, 5.917 ], [ 79.864410986447083, 5.917 ], [ 79.864410986447083, 5.82690990990991 ], [ 79.955360641421379, 5.82690990990991 ] ] ] } },
{ "type": "Feature", "properties": { "grid_id": "grid_0_4", "cell_number": 4, "row": 0, "col": 4, "centroid_lat": 5.8719549549549539, "centroid_lon": 80.000835468908519, "minlat": 5.8269099099099098, "maxlat": 5.917, "minlon": 79.955360641421379, "maxlon": 80.046310296395674, "area_km2": 100.29138451278661, "cell_type": "ocean" }, "geometry": { "type": "Polygon", "coordinates": [ [ [ 80.046310296395674, 5.82690990990991 ], [ 80.046310296395674, 5.917 ], [ 79.955360641421379, 5.917 ], [ 79.955360641421379, 5.82690990990991 ], [ 80.046310296395674, 5.82690990990991 ] ] ] } },
{ "type": "Feature", "properties": { "grid_id": "grid_0_5", "cell_number": 5, "row": 0, "col": 5, "centroid_lat": 5.8719549549549539, "centroid_lon": 80.091785123882829, "minlat": 5.8269099099099098, "maxlat": 5.917, "minlon": 80.046310296395674, "maxlon": 80.13725995136997, "area_km2": 100.2861049010266, "cell_type": "ocean" }, "geometry": { "type": "Polygon", "coordinates": [ [ [ 80.13725995136997, 5.82690990990991 ], [ 80.13725995136997, 5.917 ], [ 80.046310296395674, 5.917 ], [ 80.046310296395674, 5.82690990990991 ], [ 80.13725995136997, 5.82690990990991 ] ] ] } },
{ "type": "Feature", "properties": { "grid_id": "grid_0_6", "cell_number": 6, "row": 0, "col": 6, "centroid_lat": 5.8719549549549539, "centroid_lon": 80.18273477885711, "minlat": 5.8269099099099098, "maxlat": 5.917, "minlon": 80.13725995136997, "maxlon": 80.228209606344265, "area_km2": 100.28132910372138, "cell_type": "ocean" }, "geometry": { "type": "Polygon", "coordinates": [ [ [ 80.228209606344265, 5.82690990990991 ], [ 80.228209606344265, 5.917 ], [ 80.13725995136997, 5.917 ], [ 80.13725995136997, 5.82690990990991 ], [ 80.228209606344265, 5.82690990990991 ] ] ] } },
{ "type": "Feature", "properties": { "grid_id": "grid_0_7", "cell_number": 7, "row": 0, "col": 7, "centroid_lat": 5.8719549549549539, "centroid_lon": 80.273684433831406, "minlat": 5.8269099099099098, "maxlat": 5.917, "minlon": 80.228209606344265, "maxlon": 80.319159261318561, "area_km2": 100.27705702518791, "cell_type": "ocean" }, "geometry": { "type": "Polygon", "coordinates": [ [ [ 80.319159261318561, 5.82690990990991 ], [ 80.319159261318561, 5.917 ], [ 80.228209606344265, 5.917 ], [ 80.228209606344265, 5.82690990990991 ], [ 80.319159261318561, 5.82690990990991 ] ] ] } },
{ "type": "Feature", "properties": { "grid_id": "grid_0_8", "cell_number": 8, "row": 0, "col": 8, "centroid_lat": 5.8719549549549539, "centroid_lon": 80.364634088805687, "minlat": 5.8269099099099098, "maxlat": 5.917, "minlon": 80.319159261318546, "maxlon": 80.410108916292842, "area_km2": 100.27328857980265, "cell_type": "ocean" }, "geometry": { "type": "Polygon", "coordinates": [ [ [ 80.410108916292842, 5.82690990990991 ], [ 80.410108916292842, 5.917 ], [ 80.319159261318546, 5.917 ], [ 80.319159261318546, 5.82690990990991 ], [ 80.410108916292842, 5.82690990990991 ] ] ] } },
{ "type": "Feature", "properties": { "grid_id": "grid_0_9", "cell_number": 9, "row": 0, "col": 9, "centroid_lat": 5.8719549549549539, "centroid_lon": 80.455583743779982, "minlat": 5.8269099099099098, "maxlat": 5.917, "minlon": 80.410108916292842, "maxlon": 80.501058571267137, "area_km2": 100.27002369199685, "cell_type": "ocean" }, "geometry": { "type": "Polygon", "coordinates": [ [ [ 80.501058571267137, 5.82690990990991 ], [ 80.501058571267137, 5.917 ], [ 80.410108916292842, 5.917 ], [ 80.410108916292842, 5.82690990990991 ], [ 80.501058571267137, 5.82690990990991 ] ] ] } },
{ "type": "Feature", "properties": { "grid_id": "grid_0_10", "cell_number": 10, "row": 0, "col": 10, "centroid_lat": 5.8719549549549539, "centroid_lon": 80.546533398754292, "minlat": 5.8269099099099098, "maxlat": 5.917, "minlon": 80.501058571267137, "maxlon": 80.592008226241433, "area_km2": 100.26726229638201, "cell_type": "ocean" }, "geometry": { "type": "Polygon", "coordinates": [ [ [ 80.592008226241433, 5.82690990990991 ], [ 80.592008226241433, 5.917 ], [ 80.501058571267137, 5.917 ], [ 80.501058571267137, 5.82690990990991 ], [ 80.592008226241433, 5.82690990990991 ] ] ] } },
{ "type": "Feature", "properties": { "grid_id": "grid_0_11", "cell_number": 11, "row": 0, "col": 11, "centroid_lat": 5.8719549549549539, "centroid_lon": 80.637483053728573, "minlat": 5.8269099099099098, "maxlat": 5.917, "minlon": 80.592008226241433, "maxlon": 80.682957881215728, "area_km2": 100.26500433762345, "cell_type": "ocean" }, "geometry": { "type": "Polygon", "coordinates": [ [ [ 80.682957881215728, 5.82690990990991 ], [ 80.682957881215728, 5.917 ], [ 80.592008226241433, 5.917 ], [ 80.592008226241433, 5.82690990990991 ], [ 80.682957881215728, 5.82690990990991 ] ] ] } },
{ "type": "Feature", "properties": { "grid_id": "grid_0_12", "cell_number": 12, "row": 0, "col": 12, "centroid_lat": 5.8719549549549539, "centroid_lon": 80.728432708702854, "minlat": 5.8269099099099098, "maxlat": 5.917, "minlon": 80.682957881215714, "maxlon": 80.773907536190009, "area_km2": 100.26324977042982, "cell_type": "ocean" }, "geometry": { "type": "Polygon", "coordinates": [ [ [ 80.773907536190009, 5.82690990990991 ], [ 80.773907536190009, 5.917 ], [ 80.682957881215714, 5.917 ], [ 80.682957881215714, 5.82690990990991 ], [ 80.773907536190009, 5.82690990990991 ] ] ] } },
{ "type": "Feature", "properties": { "grid_id": "grid_0_13", "cell_number": 13, "row": 0, "col": 13, "centroid_lat": 5.8719549549549539, "centroid_lon": 80.819382363677164, "minlat": 5.8269099099099098, "maxlat": 5.917, "minlon": 80.773907536190009, "maxlon": 80.864857191164305, "area_km2": 100.26199855968731, "cell_type": "ocean" }, "geometry": { "type": "Polygon", "coordinates": [ [ [ 80.864857191164305, 5.82690990990991 ], [ 80.864857191164305, 5.917 ], [ 80.773907536190009, 5.917 ], [ 80.773907536190009, 5.82690990990991 ], [ 80.864857191164305, 5.82690990990991 ] ] ] } },
{ "type": "Feature", "properties": { "grid_id": "grid_0_14", "cell_number": 14, "row": 0, "col": 14, "centroid_lat": 5.8719549549549539, "centroid_lon": 80.910332018651459, "minlat": 5.8269099099099098, "maxlat": 5.917, "minlon": 80.864857191164305, "maxlon": 80.9558068461386, "area_km2": 100.26125068032283, "cell_type": "ocean" }, "geometry": { "type": "Polygon", "coordinates": [ [ [ 80.9558068461386, 5.82690990990991 ], [ 80.9558068461386, 5.917 ], [ 80.864857191164305, 5.917 ], [ 80.864857191164305, 5.82690990990991 ], [ 80.9558068461386, 5.82690990990991 ] ] ] } },
{ "type": "Feature", "properties": { "grid_id": "grid_0_15", "cell_number": 15, "row": 0, "col": 15, "centroid_lat": 5.8719549549549539, "centroid_lon": 81.001281673625741, "minlat": 5.8269099099099098, "maxlat": 5.917, "minlon": 80.9558068461386, "maxlon": 81.046756501112895, "area_km2": 100.26100611730796, "cell_type": "ocean" }, "geometry": { "type": "Polygon", "coordinates": [ [ [ 81.046756501112895, 5.82690990990991 ], [ 81.046756501112895, 5.917 ], [ 80.9558068461386, 5.917 ], [ 80.9558068461386, 5.82690990990991 ], [ 81.046756501112895, 5.82690990990991 ] ] ] } },
{ "type": "Feature", "properties": { "grid_id": "grid_0_16", "cell_number": 16, "row": 0, "col": 16, "centroid_lat": 5.8719549549549539, "centroid_lon": 81.09223132860005, "minlat": 5.8269099099099098, "maxlat": 5.917, "minlon": 81.046756501112895, "maxlon": 81.137706156087191, "area_km2": 100.26126486578535, "cell_type": "ocean" }, "geometry": { "type": "Polygon", "coordinates": [ [ [ 81.137706156087191, 5.82690990990991 ], [ 81.137706156087191, 5.917 ], [ 81.046756501112895, 5.917 ], [ 81.046756501112895, 5.82690990990991 ], [ 81.137706156087191, 5.82690990990991 ] ] ] } },
{ "type": "Feature", "properties": { "grid_id": "grid_0_17", "cell_number": 17, "row": 0, "col": 17, "centroid_lat": 5.8719549549549539, "centroid_lon": 81.183180983574317, "minlat": 5.8269099099099098, "maxlat": 5.917, "minlon": 81.137706156087177, "maxlon": 81.228655811061472, "area_km2": 100.26202693093957, "cell_type": "ocean" }, "geometry": { "type": "Polygon", "coordinates": [ [ [ 81.228655811061472, 5.82690990990991 ], [ 81.228655811061472, 5.917 ], [ 81.137706156087177, 5.917 ], [ 81.137706156087177, 5.82690990990991 ], [ 81.228655811061472, 5.82690990990991 ] ] ] } },
{ "type": "Feature", "properties": { "grid_id": "grid_0_18", "cell_number": 18, "row": 0, "col": 18, "centroid_lat": 5.8719549549549539, "centroid_lon": 81.274130638548613, "minlat": 5.8269099099099098, "maxlat": 5.917, "minlon": 81.228655811061472, "maxlon": 81.319605466035767, "area_km2": 100.26329232799901, "cell_type": "ocean" }, "geometry": { "type": "Polygon", "coordinates": [ [ [ 81.319605466035767, 5.82690990990991 ], [ 81.319605466035767, 5.917 ], [ 81.228655811061472, 5.917 ], [ 81.228655811061472, 5.82690990990991 ], [ 81.319605466035767, 5.82690990990991 ] ] ] } },
{ "type": "Feature", "properties": { "grid_id": "grid_0_19", "cell_number": 19, "row": 0, "col": 19, "centroid_lat": 5.8719549549549539, "centroid_lon": 81.365080293522922, "minlat": 5.8269099099099098, "maxlat": 5.917, "minlon": 81.319605466035767, "maxlon": 81.410555121010063, "area_km2": 100.2650610823608, "cell_type": "ocean" }, "geometry": { "type": "Polygon", "coordinates": [ [ [ 81.410555121010063, 5.82690990990991 ], [ 81.410555121010063, 5.917 ], [ 81.319605466035767, 5.917 ], [ 81.319605466035767, 5.82690990990991 ], [ 81.410555121010063, 5.82690990990991 ] ] ] } },
{ "type": "Feature", "properties": { "grid_id": "grid_0_20", "cell_number": 20, "row": 0, "col": 20, "centroid_lat": 5.8719549549549539, "centroid_lon": 81.456029948497232, "minlat": 5.8269099099099098, "maxlat": 5.917, "minlon": 81.410555121010063, "maxlon": 81.501504775984358, "area_km2": 100.26733322946632, "cell_type": "ocean" }, "geometry": { "type": "Polygon", "coordinates": [ [ [ 81.501504775984358, 5.82690990990991 ], [ 81.501504775984358, 5.917 ], [ 81.410555121010063, 5.917 ], [ 81.410555121010063, 5.82690990990991 ], [ 81.501504775984358, 5.82690990990991 ] ] ] } },
{ "type": "Feature", "properties": { "grid_id": "grid_0_21", "cell_number": 21, "row": 0, "col": 21, "centroid_lat": 5.8719549549549539, "centroid_lon": 81.546979603471499, "minlat": 5.8269099099099098, "maxlat": 5.917, "minlon": 81.501504775984358, "maxlon": 81.592454430958654, "area_km2": 100.27010881480638, "cell_type": "ocean" }, "geometry": { "type": "Polygon", "coordinates": [ [ [ 81.592454430958654, 5.82690990990991 ], [ 81.592454430958654, 5.917 ], [ 81.501504775984358, 5.917 ], [ 81.501504775984358, 5.82690990990991 ], [ 81.592454430958654, 5.82690990990991 ] ] ] } },
{ "type": "Feature", "properties": { "grid_id": "grid_0_22", "cell_number": 22, "row": 0, "col": 22, "centroid_lat": 5.8719549549549539, "centroid_lon": 81.63792925844578, "minlat": 5.8269099099099098, "maxlat": 5.917, "minlon": 81.592454430958639, "maxlon": 81.683404085932935, "area_km2": 100.2733878940458, "cell_type": "ocean" }, "geometry": { "type": "Polygon", "coordinates": [ [ [ 81.683404085932935, 5.82690990990991 ], [ 81.683404085932935, 5.917 ], [ 81.592454430958639, 5.917 ], [ 81.592454430958639, 5.82690990990991 ], [ 81.683404085932935, 5.82690990990991 ] ] ] } },
{ "type": "Feature", "properties": { "grid_id": "grid_0_23", "cell_number": 23, "row": 0, "col": 23, "centroid_lat": 5.8719549549549539, "centroid_lon": 81.72887891342009, "minlat": 5.8269099099099098, "maxlat": 5.917, "minlon": 81.683404085932935, "maxlon": 81.77435374090723, "area_km2": 100.27717053289857, "cell_type": "ocean" }, "geometry": { "type": "Polygon", "coordinates": [ [ [ 81.77435374090723, 5.82690990990991 ], [ 81.77435374090723, 5.917 ], [ 81.683404085932935, 5.917 ], [ 81.683404085932935, 5.82690990990991 ], [ 81.77435374090723, 5.82690990990991 ] ] ] } },
{ "type": "Feature", "properties": { "grid_id": "grid_0_24", "cell_number": 24, "row": 0, "col": 24, "centroid_lat": 5.8719549549549539, "centroid_lon": 81.819828568394371, "minlat": 5.8269099099099098, "maxlat": 5.917, "minlon": 81.77435374090723, "maxlon": 81.865303395881526, "area_km2": 100.28145680712969, "cell_type": "ocean" }, "geometry": { "type": "Polygon", "coordinates": [ [ [ 81.865303395881526, 5.82690990990991 ], [ 81.865303395881526, 5.917 ], [ 81.77435374090723, 5.917 ], [ 81.77435374090723, 5.82690990990991 ], [ 81.865303395881526, 5.82690990990991 ] ] ] } },
{ "type": "Feature", "properties": { "grid_id": "grid_0_25", "cell_number": 25, "row": 0, "col": 25, "centroid_lat": 5.8719549549549539, "centroid_lon": 81.910778223368695, "minlat": 5.8269099099099098, "maxlat": 5.917, "minlon": 81.865303395881526, "maxlon": 81.956253050855821, "area_km2": 100.28624680269137, "cell_type": "ocean" }, "geometry": { "type": "Polygon", "coordinates": [ [ [ 81.956253050855821, 5.82690990990991 ], [ 81.956253050855821, 5.917 ], [ 81.865303395881526, 5.917 ], [ 81.865303395881526, 5.82690990990991 ], [ 81.956253050855821, 5.82690990990991 ] ] ] } },
{ "type": "Feature", "properties": { "grid_id": "grid_0_26", "cell_number": 26, "row": 0, "col": 26, "centroid_lat": 5.8719549549549539, "centroid_lon": 82.001727878342962, "minlat": 5.8269099099099098, "maxlat": 5.917, "minlon": 81.956253050855821, "maxlon": 82.047202705830117, "area_km2": 100.29154061559683, "cell_type": "ocean" }, "geometry": { "type": "Polygon", "coordinates": [ [ [ 82.047202705830117, 5.82690990990991 ], [ 82.047202705830117, 5.917 ], [ 81.956253050855821, 5.917 ], [ 81.956253050855821, 5.82690990990991 ], [ 82.047202705830117, 5.82690990990991 ] ] ] } },
{ "type": "Feature", "properties": { "grid_id": "grid_1_0", "cell_number": 27, "row": 1, "col": 0, "centroid_lat": 5.962045045045044, "centroid_lon": 79.637036849011366, "minlat": 5.917, "maxlat": 6.0070900900900899, "minlon": 79.591562021524211, "maxlon": 79.682511676498507, "area_km2": 100.30161143221507, "cell_type": "ocean" }, "geometry": { "type": "Polygon", "coordinates": [ [ [ 79.682511676498507, 5.917 ], [ 79.682511676498507, 6.00709009009009 ], [ 79.591562021524211, 6.00709009009009 ], [ 79.591562021524211, 5.917 ], [ 79.682511676498507, 5.917 ] ] ] } },
{ "type": "Feature", "properties": { "grid_id": "grid_1_1", "cell_number": 28, "row": 1, "col": 1, "centroid_lat": 5.962045045045044, "centroid_lon": 79.727986503985662, "minlat": 5.917, "maxlat": 6.0070900900900899, "minlon": 79.682511676498507, "maxlon": 79.773461331472802, "area_km2": 100.29431895587507, "cell_type": "ocean" }, "geometry": { "type": "Polygon", "coordinates": [ [ [ 79.773461331472802, 5.917 ], [ 79.773461331472802, 6.00709009009009 ], [ 79.682511676498507, 6.00709009009009 ], [ 79.682511676498507, 5.917 ], [ 79.773461331472802, 5.917 ] ] ] } },
{ "type": "Feature", "properties": { "grid_id": "grid_1_2", "cell_number": 29, "row": 1, "col": 2, "centroid_lat": 5.962045045045044, "centroid_lon": 79.818936158959943, "minlat": 5.917, "maxlat": 6.0070900900900899, "minlon": 79.773461331472802, "maxlon": 79.864410986447098, "area_km2": 100.28753053216086, "cell_type": "ocean" }, "geometry": { "type": "Polygon", "coordinates": [ [ [ 79.864410986447098, 5.917 ], [ 79.864410986447098, 6.00709009009009 ], [ 79.773461331472802, 6.00709009009009 ], [ 79.773461331472802, 5.917 ], [ 79.864410986447098, 5.917 ] ] ] } },
{ "type": "Feature", "properties": { "grid_id": "grid_1_3", "cell_number": 30, "row": 1, "col": 3, "centroid_lat": 5.962045045045044, "centroid_lon": 79.909885813934224, "minlat": 5.917, "maxlat": 6.0070900900900899, "minlon": 79.864410986447083, "maxlon": 79.955360641421379, "area_km2": 100.28124602498875, "cell_type": "ocean" }, "geometry": { "type": "Polygon", "coordinates": [ [ [ 79.955360641421379, 5.917 ], [ 79.955360641421379, 6.00709009009009 ], [ 79.864410986447083, 6.00709009009009 ], [ 79.864410986447083, 5.917 ], [ 79.955360641421379, 5.917 ] ] ] } },
{ "type": "Feature", "properties": { "grid_id": "grid_1_4", "cell_number": 31, "row": 1, "col": 4, "centroid_lat": 5.962045045045044, "centroid_lon": 80.000835468908519, "minlat": 5.917, "maxlat": 6.0070900900900899, "minlon": 79.955360641421379, "maxlon": 80.046310296395674, "area_km2": 100.27546530846115, "cell_type": "ocean" }, "geometry": { "type": "Polygon", "coordinates": [ [ [ 80.046310296395674, 5.917 ], [ 80.046310296395674, 6.00709009009009 ], [ 79.955360641421379, 6.00709009009009 ], [ 79.955360641421379, 5.917 ], [ 80.046310296395674, 5.917 ] ] ] } },
{ "type": "Feature", "properties": { "grid_id": "grid_1_5", "cell_number": 32, "row": 1, "col": 5, "centroid_lat": 5.962045045045044, "centroid_lon": 80.091785123882829, "minlat": 5.917, "maxlat": 6.0070900900900899, "minlon": 80.046310296395674, "maxlon": 80.13725995136997, "area_km2": 100.27018826674926, "cell_type": "ocean" }, "geometry": { "type": "Polygon", "coordinates": [ [ [ 80.13725995136997, 5.917 ], [ 80.13725995136997, 6.00709009009009 ], [ 80.046310296395674, 6.00709009009009 ], [ 80.046310296395674, 5.917 ], [ 80.13725995136997, 5.917 ] ] ] } },
{ "type": "Feature", "properties": { "grid_id": "grid_1_6", "cell_number": 33, "row": 1, "col": 6, "centroid_lat": 5.962045045045044, "centroid_lon": 80.18273477885711, "minlat": 5.917, "maxlat": 6.0070900900900899, "minlon": 80.13725995136997, "maxlon": 80.228209606344265, "area_km2": 100.2654147940837, "cell_type": "ocean" }, "geometry": { "type": "Polygon", "coordinates": [ [ [ 80.228209606344265, 5.917 ], [ 80.228209606344265, 6.00709009009009 ], [ 80.13725995136997, 6.00709009009009 ], [ 80.13725995136997, 5.917 ], [ 80.228209606344265, 5.917 ] ] ] } },
{ "type": "Feature", "properties": { "grid_id": "grid_1_7", "cell_number": 34, "row": 1, "col": 7, "centroid_lat": 5.962045045045044, "centroid_lon": 80.273684433831406, "minlat": 5.917, "maxlat": 6.0070900900900899, "minlon": 80.228209606344265, "maxlon": 80.319159261318561, "area_km2": 100.26114479487339, "cell_type": "ocean" }, "geometry": { "type": "Polygon", "coordinates": [ [ [ 80.319159261318561, 5.917 ], [ 80.319159261318561, 6.00709009009009 ], [ 80.228209606344265, 6.00709009009009 ], [ 80.228209606344265, 5.917 ], [ 80.319159261318561, 5.917 ] ] ] } },
{ "type": "Feature", "properties": { "grid_id": "grid_1_8", "cell_number": 35, "row": 1, "col": 8, "centroid_lat": 5.962045045045044, "centroid_lon": 80.364634088805687, "minlat": 5.917, "maxlat": 6.0070900900900899, "minlon": 80.319159261318546, "maxlon": 80.410108916292842, "area_km2": 100.25737818357987, "cell_type": "coastal" }, "geometry": { "type": "Polygon", "coordinates": [ [ [ 80.410108916292842, 5.917 ], [ 80.410108916292842, 6.00709009009009 ], [ 80.319159261318546, 6.00709009009009 ], [ 80.319159261318546, 5.917 ], [ 80.410108916292842, 5.917 ] ] ] } },
{ "type": "Feature", "properties": { "grid_id": "grid_1_9", "cell_number": 36, "row": 1, "col": 9, "centroid_lat": 5.962045045045044, "centroid_lon": 80.455583743779982, "minlat": 5.917, "maxlat": 6.0070900900900899, "minlon": 80.410108916292842, "maxlon": 80.501058571267137, "area_km2": 100.25411488471138, "cell_type": "coastal" }, "geometry": { "type": "Polygon", "coordinates": [ [ [ 80.501058571267137, 5.917 ], [ 80.501058571267137, 6.00709009009009 ], [ 80.410108916292842, 6.00709009009009 ], [ 80.410108916292842, 5.917 ], [ 80.501058571267137, 5.917 ] ] ] } },
{ "type": "Feature", "properties": { "grid_id": "grid_1_10", "cell_number": 37, "row": 1, "col": 10, "centroid_lat": 5.962045045045044, "centroid_lon": 80.546533398754292, "minlat": 5.917, "maxlat": 6.0070900900900899, "minlon": 80.501058571267137, "maxlon": 80.592008226241433, "area_km2": 100.2513548329427, "cell_type": "ocean" }, "geometry": { "type": "Polygon", "coordinates": [ [ [ 80.592008226241433, 5.917 ], [ 80.592008226241433, 6.00709009009009 ], [ 80.501058571267137, 6.00709009009009 ], [ 80.501058571267137, 5.917 ], [ 80.592008226241433, 5.917 ] ] ] } },
{ "type": "Feature", "properties": { "grid_id": "grid_1_11", "cell_number": 38, "row": 1, "col": 11, "centroid_lat": 5.962045045045044, "centroid_lon": 80.637483053728573, "minlat": 5.917, "maxlat": 6.0070900900900899, "minlon": 80.592008226241433, "maxlon": 80.682957881215728, "area_km2": 100.24909797299325, "cell_type": "ocean" }, "geometry": { "type": "Polygon", "coordinates": [ [ [ 80.682957881215728, 5.917 ], [ 80.682957881215728, 6.00709009009009 ], [ 80.592008226241433, 6.00709009009009 ], [ 80.592008226241433, 5.917 ], [ 80.682957881215728, 5.917 ] ] ] } },
{ "type": "Feature", "properties": { "grid_id": "grid_1_12", "cell_number": 39, "row": 1, "col": 12, "centroid_lat": 5.962045045045044, "centroid_lon": 80.728432708702854, "minlat": 5.917, "maxlat": 6.0070900900900899, "minlon": 80.682957881215714, "maxlon": 80.773907536190009, "area_km2": 100.24734425961557, "cell_type": "ocean" }, "geometry": { "type": "Polygon", "coordinates": [ [ [ 80.773907536190009, 5.917 ], [ 80.773907536190009, 6.00709009009009 ], [ 80.682957881215714, 6.00709009009009 ], [ 80.682957881215714, 5.917 ], [ 80.773907536190009, 5.917 ] ] ] } },
{ "type": "Feature", "properties": { "grid_id": "grid_1_13", "cell_number": 40, "row": 1, "col": 13, "centroid_lat": 5.962045045045044, "centroid_lon": 80.819382363677164, "minlat": 5.917, "maxlat": 6.0070900900900899, "minlon": 80.773907536190009, "maxlon": 80.864857191164305, "area_km2": 100.24609365772848, "cell_type": "ocean" }, "geometry": { "type": "Polygon", "coordinates": [ [ [ 80.864857191164305, 5.917 ], [ 80.864857191164305, 6.00709009009009 ], [ 80.773907536190009, 6.00709009009009 ], [ 80.773907536190009, 5.917 ], [ 80.864857191164305, 5.917 ] ] ] } },
{ "type": "Feature", "properties": { "grid_id": "grid_1_14", "cell_number": 41, "row": 1, "col": 14, "centroid_lat": 5.962045045045044, "centroid_lon": 80.910332018651459, "minlat": 5.917, "maxlat": 6.0070900900900899, "minlon": 80.864857191164305, "maxlon": 80.9558068461386, "area_km2": 100.24534614228743, "cell_type": "ocean" }, "geometry": { "type": "Polygon", "coordinates": [ [ [ 80.9558068461386, 5.917 ], [ 80.9558068461386, 6.00709009009009 ], [ 80.864857191164305, 6.00709009009009 ], [ 80.864857191164305, 5.917 ], [ 80.9558068461386, 5.917 ] ] ] } },
{ "type": "Feature", "properties": { "grid_id": "grid_1_15", "cell_number": 42, "row": 1, "col": 15, "centroid_lat": 5.962045045045044, "centroid_lon": 81.001281673625741, "minlat": 5.917, "maxlat": 6.0070900900900899, "minlon": 80.9558068461386, "maxlon": 81.046756501112895, "area_km2": 100.24510169827842, "cell_type": "ocean" }, "geometry": { "type": "Polygon", "coordinates": [ [ [ 81.046756501112895, 5.917 ], [ 81.046756501112895, 6.00709009009009 ], [ 80.9558068461386, 6.00709009009009 ], [ 80.9558068461386, 5.917 ], [ 81.046756501112895, 5.917 ] ] ] } },
{ "type": "Feature", "properties": { "grid_id": "grid_1_16", "cell_number": 43, "row": 1, "col": 16, "centroid_lat": 5.962045045045044, "centroid_lon": 81.09223132860005, "minlat": 5.917, "maxlat": 6.0070900900900899, "minlon": 81.046756501112895, "maxlon": 81.137706156087191, "area_km2": 100.24536032084772, "cell_type": "ocean" }, "geometry": { "type": "Polygon", "coordinates": [ [ [ 81.137706156087191, 5.917 ], [ 81.137706156087191, 6.00709009009009 ], [ 81.046756501112895, 6.00709009009009 ], [ 81.046756501112895, 5.917 ], [ 81.137706156087191, 5.917 ] ] ] } },
{ "type": "Feature", "properties": { "grid_id": "grid_1_17", "cell_number": 44, "row": 1, "col": 17, "centroid_lat": 5.962045045045044, "centroid_lon": 81.183180983574317, "minlat": 5.917, "maxlat": 6.0070900900900899, "minlon": 81.137706156087177, "maxlon": 81.228655811061472, "area_km2": 100.24612201517517, "cell_type": "ocean" }, "geometry": { "type": "Polygon", "coordinates": [ [ [ 81.228655811061472, 5.917 ], [ 81.228655811061472, 6.00709009009009 ], [ 81.137706156087177, 6.00709009009009 ], [ 81.137706156087177, 5.917 ], [ 81.228655811061472, 5.917 ] ] ] } },
{ "type": "Feature", "properties": { "grid_id": "grid_1_18", "cell_number": 45, "row": 1, "col": 18, "centroid_lat": 5.962045045045044, "centroid_lon": 81.274130638548613, "minlat": 5.917, "maxlat": 6.0070900900900899, "minlon": 81.228655811061472, "maxlon": 81.319605466035767, "area_km2": 100.24738679647395, "cell_type": "ocean" }, "geometry": { "type": "Polygon", "coordinates": [ [ [ 81.319605466035767, 5.917 ], [ 81.319605466035767, 6.00709009009009 ], [ 81.228655811061472, 6.00709009009009 ], [ 81.228655811061472, 5.917 ], [ 81.319605466035767, 5.917 ] ] ] } },
{ "type": "Feature", "properties": { "grid_id": "grid_1_19", "cell_number": 46, "row": 1, "col": 19, "centroid_lat": 5.962045045045044, "centroid_lon": 81.365080293522922, "minlat": 5.917, "maxlat": 6.0070900900900899, "minlon": 81.319605466035767, "maxlon": 81.410555121010063, "area_km2": 100.24915469011617, "cell_type": "ocean" }, "geometry": { "type": "Polygon", "coordinates": [ [ [ 81.410555121010063, 5.917 ], [ 81.410555121010063, 6.00709009009009 ], [ 81.319605466035767, 6.00709009009009 ], [ 81.319605466035767, 5.917 ], [ 81.410555121010063, 5.917 ] ] ] } },
{ "type": "Feature", "properties": { "grid_id": "grid_1_20", "cell_number": 47, "row": 1, "col": 20, "centroid_lat": 5.962045045045044, "centroid_lon": 81.456029948497232, "minlat": 5.917, "maxlat": 6.0070900900900899, "minlon": 81.410555121010063, "maxlon": 81.501504775984358, "area_km2": 100.25142573150862, "cell_type": "ocean" }, "geometry": { "type": "Polygon", "coordinates": [ [ [ 81.501504775984358, 5.917 ], [ 81.501504775984358, 6.00709009009009 ], [ 81.410555121010063, 6.00709009009009 ], [ 81.410555121010063, 5.917 ], [ 81.501504775984358, 5.917 ] ] ] } },
{ "type": "Feature", "properties": { "grid_id": "grid_1_21", "cell_number": 48, "row": 1, "col": 21, "centroid_lat": 5.962045045045044, "centroid_lon": 81.546979603471499, "minlat": 5.917, "maxlat": 6.0070900900900899, "minlon": 81.501504775984358, "maxlon": 81.592454430958654, "area_km2": 100.25419996609736, "cell_type": "ocean" }, "geometry": { "type": "Polygon", "coordinates": [ [ [ 81.592454430958654, 5.917 ], [ 81.592454430958654, 6.00709009009009 ], [ 81.501504775984358, 6.00709009009009 ], [ 81.501504775984358, 5.917 ], [ 81.592454430958654, 5.917 ] ] ] } },
{ "type": "Feature", "properties": { "grid_id": "grid_1_22", "cell_number": 49, "row": 1, "col": 22, "centroid_lat": 5.962045045045044, "centroid_lon": 81.63792925844578, "minlat": 5.917, "maxlat": 6.0070900900900899, "minlon": 81.592454430958639, "maxlon": 81.683404085932935, "area_km2": 100.25747744949125, "cell_type": "ocean" }, "geometry": { "type": "Polygon", "coordinates": [ [ [ 81.683404085932935, 5.917 ], [ 81.683404085932935, 6.00709009009009 ], [ 81.592454430958639, 6.00709009009009 ], [ 81.592454430958639, 5.917 ], [ 81.683404085932935, 5.917 ] ] ] } },
{ "type": "Feature", "properties": { "grid_id": "grid_1_23", "cell_number": 50, "row": 1, "col": 23, "centroid_lat": 5.962045045045044, "centroid_lon": 81.72887891342009, "minlat": 5.917, "maxlat": 6.0070900900900899, "minlon": 81.683404085932935, "maxlon": 81.77435374090723, "area_km2": 100.26125824733856, "cell_type": "ocean" }, "geometry": { "type": "Polygon", "coordinates": [ [ [ 81.77435374090723, 5.917 ], [ 81.77435374090723, 6.00709009009009 ], [ 81.683404085932935, 6.00709009009009 ], [ 81.683404085932935, 5.917 ], [ 81.77435374090723, 5.917 ] ] ] } },
{ "type": "Feature", "properties": { "grid_id": "grid_1_24", "cell_number": 51, "row": 1, "col": 24, "centroid_lat": 5.962045045045044, "centroid_lon": 81.819828568394371, "minlat": 5.917, "maxlat": 6.0070900900900899, "minlon": 81.77435374090723, "maxlon": 81.865303395881526, "area_km2": 100.26554243533272, "cell_type": "ocean" }, "geometry": { "type": "Polygon", "coordinates": [ [ [ 81.865303395881526, 5.917 ], [ 81.865303395881526, 6.00709009009009 ], [ 81.77435374090723, 6.00709009009009 ], [ 81.77435374090723, 5.917 ], [ 81.865303395881526, 5.917 ] ] ] } },
{ "type": "Feature", "properties": { "grid_id": "grid_1_25", "cell_number": 52, "row": 1, "col": 25, "centroid_lat": 5.962045045045044, "centroid_lon": 81.910778223368695, "minlat": 5.917, "maxlat": 6.0070900900900899, "minlon": 81.865303395881526, "maxlon": 81.956253050855821, "area_km2": 100.27033009934237, "cell_type": "ocean" }, "geometry": { "type": "Polygon", "coordinates": [ [ [ 81.956253050855821, 5.917 ], [ 81.956253050855821, 6.00709009009009 ], [ 81.865303395881526, 6.00709009009009 ], [ 81.865303395881526, 5.917 ], [ 81.956253050855821, 5.917 ] ] ] } },
{ "type": "Feature", "properties": { "grid_id": "grid_1_26", "cell_number": 53, "row": 1, "col": 26, "centroid_lat": 5.962045045045044, "centroid_lon": 82.001727878342962, "minlat": 5.917, "maxlat": 6.0070900900900899, "minlon": 81.956253050855821, "maxlon": 82.047202705830117, "area_km2": 100.27562133527887, "cell_type": "ocean" }, "geometry": { "type": "Polygon", "coordinates": [ [ [ 82.047202705830117, 5.917 ], [ 82.047202705830117, 6.00709009009009 ], [ 81.956253050855821, 6.00709009009009 ], [ 81.956253050855821, 5.917 ], [ 82.047202705830117, 5.917 ] ] ] } },
{ "type": "Feature", "properties": { "grid_id": "grid_2_0", "cell_number": 54, "row": 2, "col": 0, "centroid_lat": 6.0521351351351349, "centroid_lon": 79.637036849011366, "minlat": 6.0070900900900899, "maxlat": 6.0971801801801799, "minlon": 79.591562021524211, "maxlon": 79.682511676498507, "area_km2": 100.28543759569629, "cell_type": "ocean" }, "geometry": { "type": "Polygon", "coordinates": [ [ [ 79.682511676498507, 6.00709009009009 ], [ 79.682511676498507, 6.09718018018018 ], [ 79.591562021524211, 6.09718018018018 ], [ 79.591562021524211, 6.00709009009009 ], [ 79.682511676498507, 6.00709009009009 ] ] ] } },
{ "type": "Feature", "properties": { "grid_id": "grid_2_1", "cell_number": 55, "row": 2, "col": 1, "centroid_lat": 6.0521351351351349, "centroid_lon": 79.727986503985662, "minlat": 6.0070900900900899, "maxlat": 6.0971801801801799, "minlon": 79.682511676498507, "maxlon": 79.773461331472802, "area_km2": 100.2781487249126, "cell_type": "ocean" }, "geometry": { "type": "Polygon", "coordinates": [ [ [ 79.773461331472802, 6.00709009009009 ], [ 79.773461331472802, 6.09718018018018 ], [ 79.682511676498507, 6.09718018018018 ], [ 79.682511676498507, 6.00709009009009 ], [ 79.773461331472802, 6.00709009009009 ] ] ] } },
{ "type": "Feature", "properties": { "grid_id": "grid_2_2", "cell_number": 56, "row": 2, "col": 2, "centroid_lat": 6.0521351351351349, "centroid_lon": 79.818936158959943, "minlat": 6.0070900900900899, "maxlat": 6.0971801801801799, "minlon": 79.773461331472802, "maxlon": 79.864410986447098, "area_km2": 100.27136365721897, "cell_type": "ocean" }, "geometry": { "type": "Polygon", "coordinates": [ [ [ 79.864410986447098, 6.00709009009009 ], [ 79.864410986447098, 6.09718018018018 ], [ 79.773461331472802, 6.09718018018018 ], [ 79.773461331472802, 6.00709009009009 ], [ 79.864410986447098, 6.00709009009009 ] ] ] } },
{ "type": "Feature", "properties": { "grid_id": "grid_2_3", "cell_number": 57, "row": 2, "col": 3, "centroid_lat": 6.0521351351351349, "centroid_lon": 79.909885813934224, "minlat": 6.0070900900900899, "maxlat": 6.0971801801801799, "minlon": 79.864410986447083, "maxlon": 79.955360641421379, "area_km2": 100.26508225666559, "cell_type": "ocean" }, "geometry": { "type": "Polygon", "coordinates": [ [ [ 79.955360641421379, 6.00709009009009 ], [ 79.955360641421379, 6.09718018018018 ], [ 79.864410986447083, 6.09718018018018 ], [ 79.864410986447083, 6.00709009009009 ], [ 79.955360641421379, 6.00709009009009 ] ] ] } },
{ "type": "Feature", "properties": { "grid_id": "grid_2_4", "cell_number": 58, "row": 2, "col": 4, "centroid_lat": 6.0521351351351349, "centroid_lon": 80.000835468908519, "minlat": 6.0070900900900899, "maxlat": 6.0971801801801799, "minlon": 79.955360641421379, "maxlon": 80.046310296395674, "area_km2": 100.25930439748311, "cell_type": "ocean" }, "geometry": { "type": "Polygon", "coordinates": [ [ [ 80.046310296395674, 6.00709009009009 ], [ 80.046310296395674, 6.09718018018018 ], [ 79.955360641421379, 6.09718018018018 ], [ 79.955360641421379, 6.00709009009009 ], [ 80.046310296395674, 6.00709009009009 ] ] ] } },
{ "type": "Feature", "properties": { "grid_id": "grid_2_5", "cell_number": 59, "row": 2, "col": 5, "centroid_lat": 6.0521351351351349, "centroid_lon": 80.091785123882829, "minlat": 6.0070900900900899, "maxlat": 6.0971801801801799, "minlon": 80.046310296395674, "maxlon": 80.13725995136997, "area_km2": 100.25402996396114, "cell_type": "ocean" }, "geometry": { "type": "Polygon", "coordinates": [ [ [ 80.13725995136997, 6.00709009009009 ], [ 80.13725995136997, 6.09718018018018 ], [ 80.046310296395674, 6.09718018018018 ], [ 80.046310296395674, 6.00709009009009 ], [ 80.13725995136997, 6.00709009009009 ] ] ] } },
{ "type": "Feature", "properties": { "grid_id": "grid_2_6", "cell_number": 60, "row": 2, "col": 6, "centroid_lat": 6.0521351351351349, "centroid_lon": 80.18273477885711, "minlat": 6.0070900900900899, "maxlat": 6.0971801801801799, "minlon": 80.13725995136997, "maxlon": 80.228209606344265, "area_km2": 100.24925885043353, "cell_type": "ocean" }, "geometry": { "type": "Polygon", "coordinates": [ [ [ 80.228209606344265, 6.00709009009009 ], [ 80.228209606344265, 6.09718018018018 ], [ 80.13725995136997, 6.09718018018018 ], [ 80.13725995136997, 6.00709009009009 ], [ 80.228209606344265, 6.00709009009009 ] ] ] } },
{ "type": "Feature", "properties": { "grid_id": "grid_2_7", "cell_number": 61, "row": 2, "col": 7, "centroid_lat": 6.0521351351351349, "centroid_lon": 80.273684433831406, "minlat": 6.0070900900900899, "maxlat": 6.0971801801801799, "minlon": 80.228209606344265, "maxlon": 80.319159261318561, "area_km2": 100.2449909614068, "cell_type": "coastal" }, "geometry": { "type": "Polygon", "coordinates": [ [ [ 80.319159261318561, 6.00709009009009 ], [ 80.319159261318561, 6.09718018018018 ], [ 80.228209606344265, 6.09718018018018 ], [ 80.228209606344265, 6.00709009009009 ], [ 80.319159261318561, 6.00709009009009 ] ] ] } },
{ "type": "Feature", "properties": { "grid_id": "grid_2_8", "cell_number": 62, "row": 2, "col": 8, "centroid_lat": 6.0521351351351349, "centroid_lon": 80.364634088805687, "minlat": 6.0070900900900899, "maxlat": 6.0971801801801799, "minlon": 80.319159261318546, "maxlon": 80.410108916292842, "area_km2": 100.24122621142615, "cell_type": "coastal" }, "geometry": { "type": "Polygon", "coordinates": [ [ [ 80.410108916292842, 6.00709009009009 ], [ 80.410108916292842, 6.09718018018018 ], [ 80.319159261318546, 6.09718018018018 ], [ 80.319159261318546, 6.00709009009009 ], [ 80.410108916292842, 6.00709009009009 ] ] ] } },
{ "type": "Feature", "properties": { "grid_id": "grid_2_9", "cell_number": 63, "row": 2, "col": 9, "centroid_lat": 6.0521351351351349, "centroid_lon": 80.455583743779982, "minlat": 6.0070900900900899, "maxlat": 6.0971801801801799, "minlon": 80.410108916292842, "maxlon": 80.501058571267137, "area_km2": 100.23796452507479, "cell_type": "coastal" }, "geometry": { "type": "Polygon", "coordinates": [ [ [ 80.501058571267137, 6.00709009009009 ], [ 80.501058571267137, 6.09718018018018 ], [ 80.410108916292842, 6.09718018018018 ], [ 80.410108916292842, 6.00709009009009 ], [ 80.501058571267137, 6.00709009009009 ] ] ] } },
{ "type": "Feature", "properties": { "grid_id": "grid_2_10", "cell_number": 64, "row": 2, "col": 10, "centroid_lat": 6.0521351351351349, "centroid_lon": 80.546533398754292, "minlat": 6.0070900900900899, "maxlat": 6.0971801801801799, "minlon": 80.501058571267137, "maxlon": 80.592008226241433, "area_km2": 100.23520583709441, "cell_type": "coastal" }, "geometry": { "type": "Polygon", "coordinates": [ [ [ 80.592008226241433, 6.00709009009009 ], [ 80.592008226241433, 6.09718018018018 ], [ 80.501058571267137, 6.09718018018018 ], [ 80.501058571267137, 6.00709009009009 ], [ 80.592008226241433, 6.00709009009009 ] ] ] } },
{ "type": "Feature", "properties": { "grid_id": "grid_2_11", "cell_number": 65, "row": 2, "col": 11, "centroid_lat": 6.0521351351351349, "centroid_lon": 80.637483053728573, "minlat": 6.0070900900900899, "maxlat": 6.0971801801801799, "minlon": 80.592008226241433, "maxlon": 80.682957881215728, "area_km2": 100.2329500922569, "cell_type": "coastal" }, "geometry": { "type": "Polygon", "coordinates": [ [ [ 80.682957881215728, 6.00709009009009 ], [ 80.682957881215728, 6.09718018018018 ], [ 80.592008226241433, 6.09718018018018 ], [ 80.592008226241433, 6.00709009009009 ], [ 80.682957881215728, 6.00709009009009 ] ] ] } },
{ "type": "Feature", "properties": { "grid_id": "grid_2_12", "cell_number": 66, "row": 2, "col": 12, "centroid_lat": 6.0521351351351349, "centroid_lon": 80.728432708702854, "minlat": 6.0070900900900899, "maxlat": 6.0971801801801799, "minlon": 80.682957881215714, "maxlon": 80.773907536190009, "area_km2": 100.23119724536502, "cell_type": "coastal" }, "geometry": { "type": "Polygon", "coordinates": [ [ [ 80.773907536190009, 6.00709009009009 ], [ 80.773907536190009, 6.09718018018018 ], [ 80.682957881215714, 6.09718018018018 ], [ 80.682957881215714, 6.00709009009009 ], [ 80.773907536190009, 6.00709009009009 ] ] ] } },
{ "type": "Feature", "properties": { "grid_id": "grid_2_13", "cell_number": 67, "row": 2, "col": 13, "centroid_lat": 6.0521351351351349, "centroid_lon": 80.819382363677164, "minlat": 6.0070900900900899, "maxlat": 6.0971801801801799, "minlon": 80.773907536190009, "maxlon": 80.864857191164305, "area_km2": 100.22994726137242, "cell_type": "coastal" }, "geometry": { "type": "Polygon", "coordinates": [ [ [ 80.864857191164305, 6.00709009009009 ], [ 80.864857191164305, 6.09718018018018 ], [ 80.773907536190009, 6.09718018018018 ], [ 80.773907536190009, 6.00709009009009 ], [ 80.864857191164305, 6.00709009009009 ] ] ] } },
{ "type": "Feature", "properties": { "grid_id": "grid_2_14", "cell_number": 68, "row": 2, "col": 14, "centroid_lat": 6.0521351351351349, "centroid_lon": 80.910332018651459, "minlat": 6.0070900900900899, "maxlat": 6.0971801801801799, "minlon": 80.864857191164305, "maxlon": 80.9558068461386, "area_km2": 100.22920011525663, "cell_type": "ocean" }, "geometry": { "type": "Polygon", "coordinates": [ [ [ 80.9558068461386, 6.00709009009009 ], [ 80.9558068461386, 6.09718018018018 ], [ 80.864857191164305, 6.09718018018018 ], [ 80.864857191164305, 6.00709009009009 ], [ 80.9558068461386, 6.00709009009009 ] ] ] } },
{ "type": "Feature", "properties": { "grid_id": "grid_2_15", "cell_number": 69, "row": 2, "col": 15, "centroid_lat": 6.0521351351351349, "centroid_lon": 81.001281673625741, "minlat": 6.0070900900900899, "maxlat": 6.0971801801801799, "minlon": 80.9558068461386, "maxlon": 81.046756501112895, "area_km2": 100.22895579201889, "cell_type": "ocean" }, "geometry": { "type": "Polygon", "coordinates": [ [ [ 81.046756501112895, 6.00709009009009 ], [ 81.046756501112895, 6.09718018018018 ], [ 80.9558068461386, 6.09718018018018 ], [ 80.9558068461386, 6.00709009009009 ], [ 81.046756501112895, 6.00709009009009 ] ] ] } },
{ "type": "Feature", "properties": { "grid_id": "grid_2_16", "cell_number": 70, "row": 2, "col": 16, "centroid_lat": 6.0521351351351349, "centroid_lon": 81.09223132860005, "minlat": 6.0070900900900899, "maxlat": 6.0971801801801799, "minlon": 81.046756501112895, "maxlon": 81.137706156087191, "area_km2": 100.229214286812, "cell_type": "ocean" }, "geometry": { "type": "Polygon", "coordinates": [ [ [ 81.137706156087191, 6.00709009009009 ], [ 81.137706156087191, 6.09718018018018 ], [ 81.046756501112895, 6.09718018018018 ], [ 81.046756501112895, 6.00709009009009 ], [ 81.137706156087191, 6.00709009009009 ] ] ] } },
{ "type": "Feature", "properties": { "grid_id": "grid_2_17", "cell_number": 71, "row": 2, "col": 17, "centroid_lat": 6.0521351351351349, "centroid_lon": 81.183180983574317, "minlat": 6.0070900900900899, "maxlat": 6.0971801801801799, "minlon": 81.137706156087177, "maxlon": 81.228655811061472, "area_km2": 100.22997560480898, "cell_type": "ocean" }, "geometry": { "type": "Polygon", "coordinates": [ [ [ 81.228655811061472, 6.00709009009009 ], [ 81.228655811061472, 6.09718018018018 ], [ 81.137706156087177, 6.09718018018018 ], [ 81.137706156087177, 6.00709009009009 ], [ 81.228655811061472, 6.00709009009009 ] ] ] } },
{ "type": "Feature", "properties": { "grid_id": "grid_2_18", "cell_number": 72, "row": 2, "col": 18, "centroid_lat": 6.0521351351351349, "centroid_lon": 81.274130638548613, "minlat": 6.0070900900900899, "maxlat": 6.0971801801801799, "minlon": 81.228655811061472, "maxlon": 81.319605466035767, "area_km2": 100.23123976120735, "cell_type": "ocean" }, "geometry": { "type": "Polygon", "coordinates": [ [ [ 81.319605466035767, 6.00709009009009 ], [ 81.319605466035767, 6.09718018018018 ], [ 81.228655811061472, 6.09718018018018 ], [ 81.228655811061472, 6.00709009009009 ], [ 81.319605466035767, 6.00709009009009 ] ] ] } },
{ "type": "Feature", "properties": { "grid_id": "grid_2_19", "cell_number": 73, "row": 2, "col": 19, "centroid_lat": 6.0521351351351349, "centroid_lon": 81.365080293522922, "minlat": 6.0070900900900899, "maxlat": 6.0971801801801799, "minlon": 81.319605466035767, "maxlon": 81.410555121010063, "area_km2": 100.2330067813574, "cell_type": "ocean" }, "geometry": { "type": "Polygon", "coordinates": [ [ [ 81.410555121010063, 6.00709009009009 ], [ 81.410555121010063, 6.09718018018018 ], [ 81.319605466035767, 6.09718018018018 ], [ 81.319605466035767, 6.00709009009009 ], [ 81.410555121010063, 6.00709009009009 ] ] ] } },
{ "type": "Feature", "properties": { "grid_id": "grid_2_20", "cell_number": 74, "row": 2, "col": 20, "centroid_lat": 6.0521351351351349, "centroid_lon": 81.456029948497232, "minlat": 6.0070900900900899, "maxlat": 6.0971801801801799, "minlon": 81.410555121010063, "maxlon": 81.501504775984358, "area_km2": 100.23527670062684, "cell_type": "ocean" }, "geometry": { "type": "Polygon", "coordinates": [ [ [ 81.501504775984358, 6.00709009009009 ], [ 81.501504775984358, 6.09718018018018 ], [ 81.410555121010063, 6.09718018018018 ], [ 81.410555121010063, 6.00709009009009 ], [ 81.501504775984358, 6.00709009009009 ] ] ] } },
{ "type": "Feature", "properties": { "grid_id": "grid_2_21", "cell_number": 75, "row": 2, "col": 21, "centroid_lat": 6.0521351351351349, "centroid_lon": 81.546979603471499, "minlat": 6.0070900900900899, "maxlat": 6.0971801801801799, "minlon": 81.501504775984358, "maxlon": 81.592454430958654, "area_km2": 100.23804956441826, "cell_type": "ocean" }, "geometry": { "type": "Polygon", "coordinates": [ [ [ 81.592454430958654, 6.00709009009009 ], [ 81.592454430958654, 6.09718018018018 ], [ 81.501504775984358, 6.09718018018018 ], [ 81.501504775984358, 6.00709009009009 ], [ 81.592454430958654, 6.00709009009009 ] ] ] } },
{ "type": "Feature", "properties": { "grid_id": "grid_2_22", "cell_number": 76, "row": 2, "col": 22, "centroid_lat": 6.0521351351351349, "centroid_lon": 81.63792925844578, "minlat": 6.0070900900900899, "maxlat": 6.0971801801801799, "minlon": 81.592454430958639, "maxlon": 81.683404085932935, "area_km2": 100.24132542828289, "cell_type": "ocean" }, "geometry": { "type": "Polygon", "coordinates": [ [ [ 81.683404085932935, 6.00709009009009 ], [ 81.683404085932935, 6.09718018018018 ], [ 81.592454430958639, 6.09718018018018 ], [ 81.592454430958639, 6.00709009009009 ], [ 81.683404085932935, 6.00709009009009 ] ] ] } },
{ "type": "Feature", "properties": { "grid_id": "grid_2_23", "cell_number": 77, "row": 2, "col": 23, "centroid_lat": 6.0521351351351349, "centroid_lon": 81.72887891342009, "minlat": 6.0070900900900899, "maxlat": 6.0971801801801799, "minlon": 81.683404085932935, "maxlon": 81.77435374090723, "area_km2": 100.24510435780587, "cell_type": "ocean" }, "geometry": { "type": "Polygon", "coordinates": [ [ [ 81.77435374090723, 6.00709009009009 ], [ 81.77435374090723, 6.09718018018018 ], [ 81.683404085932935, 6.09718018018018 ], [ 81.683404085932935, 6.00709009009009 ], [ 81.77435374090723, 6.00709009009009 ] ] ] } },
{ "type": "Feature", "properties": { "grid_id": "grid_2_24", "cell_number": 78, "row": 2, "col": 24, "centroid_lat": 6.0521351351351349, "centroid_lon": 81.819828568394371, "minlat": 6.0070900900900899, "maxlat": 6.0971801801801799, "minlon": 81.77435374090723, "maxlon": 81.865303395881526, "area_km2": 100.2493864286035, "cell_type": "ocean" }, "geometry": { "type": "Polygon", "coordinates": [ [ [ 81.865303395881526, 6.00709009009009 ], [ 81.865303395881526, 6.09718018018018 ], [ 81.77435374090723, 6.09718018018018 ], [ 81.77435374090723, 6.00709009009009 ], [ 81.865303395881526, 6.00709009009009 ] ] ] } },
{ "type": "Feature", "properties": { "grid_id": "grid_2_25", "cell_number": 79, "row": 2, "col": 25, "centroid_lat": 6.0521351351351349, "centroid_lon": 81.910778223368695, "minlat": 6.0070900900900899, "maxlat": 6.0971801801801799, "minlon": 81.865303395881526, "maxlon": 81.956253050855821, "area_km2": 100.25417172645632, "cell_type": "ocean" }, "geometry": { "type": "Polygon", "coordinates": [ [ [ 81.956253050855821, 6.00709009009009 ], [ 81.956253050855821, 6.09718018018018 ], [ 81.865303395881526, 6.09718018018018 ], [ 81.865303395881526, 6.00709009009009 ], [ 81.956253050855821, 6.00709009009009 ] ] ] } },
{ "type": "Feature", "properties": { "grid_id": "grid_2_26", "cell_number": 80, "row": 2, "col": 26, "centroid_lat": 6.0521351351351349, "centroid_lon": 82.001727878342962, "minlat": 6.0070900900900899, "maxlat": 6.0971801801801799, "minlon": 81.956253050855821, "maxlon": 82.047202705830117, "area_km2": 100.25946034718287, "cell_type": "ocean" }, "geometry": { "type": "Polygon", "coordinates": [ [ [ 82.047202705830117, 6.00709009009009 ], [ 82.047202705830117, 6.09718018018018 ], [ 81.956253050855821, 6.09718018018018 ], [ 81.956253050855821, 6.00709009009009 ], [ 82.047202705830117, 6.00709009009009 ] ] ] } },
{ "type": "Feature", "properties": { "grid_id": "grid_3_0", "cell_number": 81, "row": 3, "col": 0, "centroid_lat": 6.142225225225225, "centroid_lon": 79.637036849011366, "minlat": 6.0971801801801799, "maxlat": 6.18727027027027, "minlon": 79.591562021524211, "maxlon": 79.682511676498507, "area_km2": 100.26902189430552, "cell_type": "ocean" }, "geometry": { "type": "Polygon", "coordinates": [ [ [ 79.682511676498507, 6.09718018018018 ], [ 79.682511676498507, 6.18727027027027 ], [ 79.591562021524211, 6.18727027027027 ], [ 79.591562021524211, 6.09718018018018 ], [ 79.682511676498507, 6.09718018018018 ] ] ] } },
{ "type": "Feature", "properties": { "grid_id": "grid_3_1", "cell_number": 82, "row": 3, "col": 1, "centroid_lat": 6.142225225225225, "centroid_lon": 79.727986503985662, "minlat": 6.0971801801801799, "maxlat": 6.18727027027027, "minlon": 79.682511676498507, "maxlon": 79.773461331472802, "area_km2": 100.26173668173912, "cell_type": "ocean" }, "geometry": { "type": "Polygon", "coordinates": [ [ [ 79.773461331472802, 6.09718018018018 ], [ 79.773461331472802, 6.18727027027027 ], [ 79.682511676498507, 6.18727027027027 ], [ 79.682511676498507, 6.09718018018018 ], [ 79.773461331472802, 6.09718018018018 ] ] ] } },
{ "type": "Feature", "properties": { "grid_id": "grid_3_2", "cell_number": 83, "row": 3, "col": 2, "centroid_lat": 6.142225225225225, "centroid_lon": 79.818936158959943, "minlat": 6.0971801801801799, "maxlat": 6.18727027027027, "minlon": 79.773461331472802, "maxlon": 79.864410986447098, "area_km2": 100.25495501908402, "cell_type": "ocean" }, "geometry": { "type": "Polygon", "coordinates": [ [ [ 79.864410986447098, 6.09718018018018 ], [ 79.864410986447098, 6.18727027027027 ], [ 79.773461331472802, 6.18727027027027 ], [ 79.773461331472802, 6.09718018018018 ], [ 79.864410986447098, 6.09718018018018 ] ] ] } },
{ "type": "Feature", "properties": { "grid_id": "grid_3_3", "cell_number": 84, "row": 3, "col": 3, "centroid_lat": 6.142225225225225, "centroid_lon": 79.909885813934224, "minlat": 6.0971801801801799, "maxlat": 6.18727027027027, "minlon": 79.864410986447083, "maxlon": 79.955360641421379, "area_km2": 100.24867677052538, "cell_type": "ocean" }, "geometry": { "type": "Polygon", "coordinates": [ [ [ 79.955360641421379, 6.09718018018018 ], [ 79.955360641421379, 6.18727027027027 ], [ 79.864410986447083, 6.18727027027027 ], [ 79.864410986447083, 6.09718018018018 ], [ 79.955360641421379, 6.09718018018018 ] ] ] } },
{ "type": "Feature", "properties": { "grid_id": "grid_3_4", "cell_number": 85, "row": 3, "col": 4, "centroid_lat": 6.142225225225225, "centroid_lon": 80.000835468908519, "minlat": 6.0971801801801799, "maxlat": 6.18727027027027, "minlon": 79.955360641421379, "maxlon": 80.046310296395674, "area_km2": 100.24290181042547, "cell_type": "ocean" }, "geometry": { "type": "Polygon", "coordinates": [ [ [ 80.046310296395674, 6.09718018018018 ], [ 80.046310296395674, 6.18727027027027 ], [ 79.955360641421379, 6.18727027027027 ], [ 79.955360641421379, 6.09718018018018 ], [ 80.046310296395674, 6.09718018018018 ] ] ] } },
{ "type": "Feature", "properties": { "grid_id": "grid_3_5", "cell_number": 86, "row": 3, "col": 5, "centroid_lat": 6.142225225225225, "centroid_lon": 80.091785123882829, "minlat": 6.0971801801801799, "maxlat": 6.18727027027027, "minlon": 80.046310296395674, "maxlon": 80.13725995136997, "area_km2": 100.2376300231878, "cell_type": "ocean" }, "geometry": { "type": "Polygon", "coordinates": [ [ [ 80.13725995136997, 6.09718018018018 ], [ 80.13725995136997, 6.18727027027027 ], [ 80.046310296395674, 6.18727027027027 ], [ 80.046310296395674, 6.09718018018018 ], [ 80.13725995136997, 6.09718018018018 ] ] ] } },
{ "type": "Feature", "properties": { "grid_id": "grid_3_6", "cell_number": 87, "row": 3, "col": 6, "centroid_lat": 6.142225225225225, "centroid_lon": 80.18273477885711, "minlat": 6.0971801801801799, "maxlat": 6.18727027027027, "minlon": 80.13725995136997, "maxlon": 80.228209606344265, "area_km2": 100.2328613032554, "cell_type": "coastal" }, "geometry": { "type": "Polygon", "coordinates": [ [ [ 80.228209606344265, 6.09718018018018 ], [ 80.228209606344265, 6.18727027027027 ], [ 80.13725995136997, 6.18727027027027 ], [ 80.13725995136997, 6.09718018018018 ], [ 80.228209606344265, 6.09718018018018 ] ] ] } },
{ "type": "Feature", "properties": { "grid_id": "grid_3_7", "cell_number": 88, "row": 3, "col": 7, "centroid_lat": 6.142225225225225, "centroid_lon": 80.273684433831406, "minlat": 6.0971801801801799, "maxlat": 6.18727027027027, "minlon": 80.228209606344265, "maxlon": 80.319159261318561, "area_km2": 100.22859555523266, "cell_type": "coastal" }, "geometry": { "type": "Polygon", "coordinates": [ [ [ 80.319159261318561, 6.09718018018018 ], [ 80.319159261318561, 6.18727027027027 ], [ 80.228209606344265, 6.18727027027027 ], [ 80.228209606344265, 6.09718018018018 ], [ 80.319159261318561, 6.09718018018018 ] ] ] } },
{ "type": "Feature", "properties": { "grid_id": "grid_3_8", "cell_number": 89, "row": 3, "col": 8, "centroid_lat": 6.142225225225225, "centroid_lon": 80.364634088805687, "minlat": 6.0971801801801799, "maxlat": 6.18727027027027, "minlon": 80.319159261318546, "maxlon": 80.410108916292842, "area_km2": 100.22483269375077, "cell_type": "land" }, "geometry": { "type": "Polygon", "coordinates": [ [ [ 80.410108916292842, 6.09718018018018 ], [ 80.410108916292842, 6.18727027027027 ], [ 80.319159261318546, 6.18727027027027 ], [ 80.319159261318546, 6.09718018018018 ], [ 80.410108916292842, 6.09718018018018 ] ] ] } },
{ "type": "Feature", "properties": { "grid_id": "grid_3_9", "cell_number": 90, "row": 3, "col": 9, "centroid_lat": 6.142225225225225, "centroid_lon": 80.455583743779982, "minlat": 6.0971801801801799, "maxlat": 6.18727027027027, "minlon": 80.410108916292842, "maxlon": 80.501058571267137, "area_km2": 100.22157264346981, "cell_type": "land" }, "geometry": { "type": "Polygon", "coordinates": [ [ [ 80.501058571267137, 6.09718018018018 ], [ 80.501058571267137, 6.18727027027027 ], [ 80.410108916292842, 6.18727027027027 ], [ 80.410108916292842, 6.09718018018018 ], [ 80.501058571267137, 6.09718018018018 ] ] ] } },
{ "type": "Feature", "properties": { "grid_id": "grid_3_10", "cell_number": 91, "row": 3, "col": 10, "centroid_lat": 6.142225225225225, "centroid_lon": 80.546533398754292, "minlat": 6.0971801801801799, "maxlat": 6.18727027027027, "minlon": 80.501058571267137, "maxlon": 80.592008226241433, "area_km2": 100.21881533919733, "cell_type": "land" }, "geometry": { "type": "Polygon", "coordinates": [ [ [ 80.592008226241433, 6.09718018018018 ], [ 80.592008226241433, 6.18727027027027 ], [ 80.501058571267137, 6.18727027027027 ], [ 80.501058571267137, 6.09718018018018 ], [ 80.592008226241433, 6.09718018018018 ] ] ] } },
{ "type": "Feature", "properties": { "grid_id": "grid_3_11", "cell_number": 92, "row": 3, "col": 11, "centroid_lat": 6.142225225225225, "centroid_lon": 80.637483053728573, "minlat": 6.0971801801801799, "maxlat": 6.18727027027027, "minlon": 80.592008226241433, "maxlon": 80.682957881215728, "area_km2": 100.21656072576363, "cell_type": "land" }, "geometry": { "type": "Polygon", "coordinates": [ [ [ 80.682957881215728, 6.09718018018018 ], [ 80.682957881215728, 6.18727027027027 ], [ 80.592008226241433, 6.18727027027027 ], [ 80.592008226241433, 6.09718018018018 ], [ 80.682957881215728, 6.09718018018018 ] ] ] } },
{ "type": "Feature", "properties": { "grid_id": "grid_3_12", "cell_number": 93, "row": 3, "col": 12, "centroid_lat": 6.142225225225225, "centroid_lon": 80.728432708702854, "minlat": 6.0971801801801799, "maxlat": 6.18727027027027, "minlon": 80.682957881215714, "maxlon": 80.773907536190009, "area_km2": 100.21480875801541, "cell_type": "land" }, "geometry": { "type": "Polygon", "coordinates": [ [ [ 80.773907536190009, 6.09718018018018 ], [ 80.773907536190009, 6.18727027027027 ], [ 80.682957881215714, 6.18727027027027 ], [ 80.682957881215714, 6.09718018018018 ], [ 80.773907536190009, 6.09718018018018 ] ] ] } },
{ "type": "Feature", "properties": { "grid_id": "grid_3_13", "cell_number": 94, "row": 3, "col": 13, "centroid_lat": 6.142225225225225, "centroid_lon": 80.819382363677164, "minlat": 6.0971801801801799, "maxlat": 6.18727027027027, "minlon": 80.773907536190009, "maxlon": 80.864857191164305, "area_km2": 100.21355940094075, "cell_type": "coastal" }, "geometry": { "type": "Polygon", "coordinates": [ [ [ 80.864857191164305, 6.09718018018018 ], [ 80.864857191164305, 6.18727027027027 ], [ 80.773907536190009, 6.18727027027027 ], [ 80.773907536190009, 6.09718018018018 ], [ 80.864857191164305, 6.09718018018018 ] ] ] } },
{ "type": "Feature", "properties": { "grid_id": "grid_3_14", "cell_number": 95, "row": 3, "col": 14, "centroid_lat": 6.142225225225225, "centroid_lon": 80.910332018651459, "minlat": 6.0971801801801799, "maxlat": 6.18727027027027, "minlon": 80.864857191164305, "maxlon": 80.9558068461386, "area_km2": 100.21281262954332, "cell_type": "coastal" }, "geometry": { "type": "Polygon", "coordinates": [ [ [ 80.9558068461386, 6.09718018018018 ], [ 80.9558068461386, 6.18727027027027 ], [ 80.864857191164305, 6.18727027027027 ], [ 80.864857191164305, 6.09718018018018 ], [ 80.9558068461386, 6.09718018018018 ] ] ] } },
{ "type": "Feature", "properties": { "grid_id": "grid_3_15", "cell_number": 96, "row": 3, "col": 15, "centroid_lat": 6.142225225225225, "centroid_lon": 81.001281673625741, "minlat": 6.0971801801801799, "maxlat": 6.18727027027027, "minlon": 80.9558068461386, "maxlon": 81.046756501112895, "area_km2": 100.21256842884124, "cell_type": "coastal" }, "geometry": { "type": "Polygon", "coordinates": [ [ [ 81.046756501112895, 6.09718018018018 ], [ 81.046756501112895, 6.18727027027027 ], [ 80.9558068461386, 6.18727027027027 ], [ 80.9558068461386, 6.09718018018018 ], [ 81.046756501112895, 6.09718018018018 ] ] ] } },
{ "type": "Feature", "properties": { "grid_id": "grid_3_16", "cell_number": 97, "row": 3, "col": 16, "centroid_lat": 6.142225225225225, "centroid_lon": 81.09223132860005, "minlat": 6.0971801801801799, "maxlat": 6.18727027027027, "minlon": 81.046756501112895, "maxlon": 81.137706156087191, "area_km2": 100.21282679399093, "cell_type": "coastal" }, "geometry": { "type": "Polygon", "coordinates": [ [ [ 81.137706156087191, 6.09718018018018 ], [ 81.137706156087191, 6.18727027027027 ], [ 81.046756501112895, 6.18727027027027 ], [ 81.046756501112895, 6.09718018018018 ], [ 81.137706156087191, 6.09718018018018 ] ] ] } },
{ "type": "Feature", "properties": { "grid_id": "grid_3_17", "cell_number": 98, "row": 3, "col": 17, "centroid_lat": 6.142225225225225, "centroid_lon": 81.183180983574317, "minlat": 6.0971801801801799, "maxlat": 6.18727027027027, "minlon": 81.137706156087177, "maxlon": 81.228655811061472, "area_km2": 100.21358773016104, "cell_type": "coastal" }, "geometry": { "type": "Polygon", "coordinates": [ [ [ 81.228655811061472, 6.09718018018018 ], [ 81.228655811061472, 6.18727027027027 ], [ 81.137706156087177, 6.18727027027027 ], [ 81.137706156087177, 6.09718018018018 ], [ 81.228655811061472, 6.09718018018018 ] ] ] } },
{ "type": "Feature", "properties": { "grid_id": "grid_3_18", "cell_number": 99, "row": 3, "col": 18, "centroid_lat": 6.142225225225225, "centroid_lon": 81.274130638548613, "minlat": 6.0971801801801799, "maxlat": 6.18727027027027, "minlon": 81.228655811061472, "maxlon": 81.319605466035767, "area_km2": 100.21485125253332, "cell_type": "ocean" }, "geometry": { "type": "Polygon", "coordinates": [ [ [ 81.319605466035767, 6.09718018018018 ], [ 81.319605466035767, 6.18727027027027 ], [ 81.228655811061472, 6.18727027027027 ], [ 81.228655811061472, 6.09718018018018 ], [ 81.319605466035767, 6.09718018018018 ] ] ] } },
{ "type": "Feature", "properties": { "grid_id": "grid_3_19", "cell_number": 100, "row": 3, "col": 19, "centroid_lat": 6.142225225225225, "centroid_lon": 81.365080293522922, "minlat": 6.0971801801801799, "maxlat": 6.18727027027027, "minlon": 81.319605466035767, "maxlon": 81.410555121010063, "area_km2": 100.21661738643006, "cell_type": "ocean" }, "geometry": { "type": "Polygon", "coordinates": [ [ [ 81.410555121010063, 6.09718018018018 ], [ 81.410555121010063, 6.18727027027027 ], [ 81.319605466035767, 6.18727027027027 ], [ 81.319605466035767, 6.09718018018018 ], [ 81.410555121010063, 6.09718018018018 ] ] ] } },
{ "type": "Feature", "properties": { "grid_id": "grid_3_20", "cell_number": 101, "row": 3, "col": 20, "centroid_lat": 6.142225225225225, "centroid_lon": 81.456029948497232, "minlat": 6.0971801801801799, "maxlat": 6.18727027027027, "minlon": 81.410555121010063, "maxlon": 81.501504775984358, "area_km2": 100.21888616718739, "cell_type": "ocean" }, "geometry": { "type": "Polygon", "coordinates": [ [ [ 81.501504775984358, 6.09718018018018 ], [ 81.501504775984358, 6.18727027027027 ], [ 81.410555121010063, 6.18727027027027 ], [ 81.410555121010063, 6.09718018018018 ], [ 81.501504775984358, 6.09718018018018 ] ] ] } },
{ "type": "Feature", "properties": { "grid_id": "grid_3_21", "cell_number": 102, "row": 3, "col": 21, "centroid_lat": 6.142225225225225, "centroid_lon": 81.546979603471499, "minlat": 6.0971801801801799, "maxlat": 6.18727027027027, "minlon": 81.501504775984358, "maxlon": 81.592454430958654, "area_km2": 100.22165764015888, "cell_type": "ocean" }, "geometry": { "type": "Polygon", "coordinates": [ [ [ 81.592454430958654, 6.09718018018018 ], [ 81.592454430958654, 6.18727027027027 ], [ 81.501504775984358, 6.18727027027027 ], [ 81.501504775984358, 6.09718018018018 ], [ 81.592454430958654, 6.09718018018018 ] ] ] } },
{ "type": "Feature", "properties": { "grid_id": "grid_3_22", "cell_number": 103, "row": 3, "col": 22, "centroid_lat": 6.142225225225225, "centroid_lon": 81.63792925844578, "minlat": 6.0971801801801799, "maxlat": 6.18727027027027, "minlon": 81.592454430958639, "maxlon": 81.683404085932935, "area_km2": 100.22493186083993, "cell_type": "ocean" }, "geometry": { "type": "Polygon", "coordinates": [ [ [ 81.683404085932935, 6.09718018018018 ], [ 81.683404085932935, 6.18727027027027 ], [ 81.592454430958639, 6.18727027027027 ], [ 81.592454430958639, 6.09718018018018 ], [ 81.683404085932935, 6.09718018018018 ] ] ] } },
{ "type": "Feature", "properties": { "grid_id": "grid_3_23", "cell_number": 104, "row": 3, "col": 23, "centroid_lat": 6.142225225225225, "centroid_lon": 81.72887891342009, "minlat": 6.0971801801801799, "maxlat": 6.18727027027027, "minlon": 81.683404085932935, "maxlon": 81.77435374090723, "area_km2": 100.22870889474707, "cell_type": "ocean" }, "geometry": { "type": "Polygon", "coordinates": [ [ [ 81.77435374090723, 6.09718018018018 ], [ 81.77435374090723, 6.18727027027027 ], [ 81.683404085932935, 6.18727027027027 ], [ 81.683404085932935, 6.09718018018018 ], [ 81.77435374090723, 6.09718018018018 ] ] ] } },
{ "type": "Feature", "properties": { "grid_id": "grid_3_24", "cell_number": 105, "row": 3, "col": 24, "centroid_lat": 6.142225225225225, "centroid_lon": 81.819828568394371, "minlat": 6.0971801801801799, "maxlat": 6.18727027027027, "minlon": 81.77435374090723, "maxlon": 81.865303395881526, "area_km2": 100.23298881742173, "cell_type": "ocean" }, "geometry": { "type": "Polygon", "coordinates": [ [ [ 81.865303395881526, 6.09718018018018 ], [ 81.865303395881526, 6.18727027027027 ], [ 81.77435374090723, 6.18727027027027 ], [ 81.77435374090723, 6.09718018018018 ], [ 81.865303395881526, 6.09718018018018 ] ] ] } },
{ "type": "Feature", "properties": { "grid_id": "grid_3_25", "cell_number": 106, "row": 3, "col": 25, "centroid_lat": 6.142225225225225, "centroid_lon": 81.910778223368695, "minlat": 6.0971801801801799, "maxlat": 6.18727027027027, "minlon": 81.865303395881526, "maxlon": 81.956253050855821, "area_km2": 100.23777171455863, "cell_type": "ocean" }, "geometry": { "type": "Polygon", "coordinates": [ [ [ 81.956253050855821, 6.09718018018018 ], [ 81.956253050855821, 6.18727027027027 ], [ 81.865303395881526, 6.18727027027027 ], [ 81.865303395881526, 6.09718018018018 ], [ 81.956253050855821, 6.09718018018018 ] ] ] } },
{ "type": "Feature", "properties": { "grid_id": "grid_3_26", "cell_number": 107, "row": 3, "col": 26, "centroid_lat": 6.142225225225225, "centroid_lon": 82.001727878342962, "minlat": 6.0971801801801799, "maxlat": 6.18727027027027, "minlon": 81.956253050855821, "maxlon": 82.047202705830117, "area_km2": 100.24305768188017, "cell_type": "ocean" }, "geometry": { "type": "Polygon", "coordinates": [ [ [ 82.047202705830117, 6.09718018018018 ], [ 82.047202705830117, 6.18727027027027 ], [ 81.956253050855821, 6.18727027027027 ], [ 81.956253050855821, 6.09718018018018 ], [ 82.047202705830117, 6.09718018018018 ] ] ] } },
{ "type": "Feature", "properties": { "grid_id": "grid_4_0", "cell_number": 108, "row": 4, "col": 0, "centroid_lat": 6.232315315315315, "centroid_lon": 79.637036849011366, "minlat": 6.18727027027027, "maxlat": 6.27736036036036, "minlon": 79.591562021524211, "maxlon": 79.682511676498507, "area_km2": 100.25236435929197, "cell_type": "ocean" }, "geometry": { "type": "Polygon", "coordinates": [ [ [ 79.682511676498507, 6.18727027027027 ], [ 79.682511676498507, 6.27736036036036 ], [ 79.591562021524211, 6.27736036036036 ], [ 79.591562021524211, 6.18727027027027 ], [ 79.682511676498507, 6.18727027027027 ] ] ] } },
{ "type": "Feature", "properties": { "grid_id": "grid_4_1", "cell_number": 109, "row": 4, "col": 1, "centroid_lat": 6.232315315315315, "centroid_lon": 79.727986503985662, "minlat": 6.18727027027027, "maxlat": 6.27736036036036, "minlon": 79.682511676498507, "maxlon": 79.773461331472802, "area_km2": 100.24508285754376, "cell_type": "ocean" }, "geometry": { "type": "Polygon", "coordinates": [ [ [ 79.773461331472802, 6.18727027027027 ], [ 79.773461331472802, 6.27736036036036 ], [ 79.682511676498507, 6.27736036036036 ], [ 79.682511676498507, 6.18727027027027 ], [ 79.773461331472802, 6.18727027027027 ] ] ] } },
{ "type": "Feature", "properties": { "grid_id": "grid_4_2", "cell_number": 110, "row": 4, "col": 2, "centroid_lat": 6.232315315315315, "centroid_lon": 79.818936158959943, "minlat": 6.18727027027027, "maxlat": 6.27736036036036, "minlon": 79.773461331472802, "maxlon": 79.864410986447098, "area_km2": 100.23830464888451, "cell_type": "ocean" }, "geometry": { "type": "Polygon", "coordinates": [ [ [ 79.864410986447098, 6.18727027027027 ], [ 79.864410986447098, 6.27736036036036 ], [ 79.773461331472802, 6.27736036036036 ], [ 79.773461331472802, 6.18727027027027 ], [ 79.864410986447098, 6.18727027027027 ] ] ] } },
{ "type": "Feature", "properties": { "grid_id": "grid_4_3", "cell_number": 111, "row": 4, "col": 3, "centroid_lat": 6.232315315315315, "centroid_lon": 79.909885813934224, "minlat": 6.18727027027027, "maxlat": 6.27736036036036, "minlon": 79.864410986447083, "maxlon": 79.955360641421379, "area_km2": 100.23202959764188, "cell_type": "ocean" }, "geometry": { "type": "Polygon", "coordinates": [ [ [ 79.955360641421379, 6.18727027027027 ], [ 79.955360641421379, 6.27736036036036 ], [ 79.864410986447083, 6.27736036036036 ], [ 79.864410986447083, 6.18727027027027 ], [ 79.955360641421379, 6.18727027027027 ] ] ] } },
{ "type": "Feature", "properties": { "grid_id": "grid_4_4", "cell_number": 112, "row": 4, "col": 4, "centroid_lat": 6.232315315315315, "centroid_lon": 80.000835468908519, "minlat": 6.18727027027027, "maxlat": 6.27736036036036, "minlon": 79.955360641421379, "maxlon": 80.046310296395674, "area_km2": 100.22625757830852, "cell_type": "ocean" }, "geometry": { "type": "Polygon", "coordinates": [ [ [ 80.046310296395674, 6.18727027027027 ], [ 80.046310296395674, 6.27736036036036 ], [ 79.955360641421379, 6.27736036036036 ], [ 79.955360641421379, 6.18727027027027 ], [ 80.046310296395674, 6.18727027027027 ] ] ] } },
{ "type": "Feature", "properties": { "grid_id": "grid_4_5", "cell_number": 113, "row": 4, "col": 5, "centroid_lat": 6.232315315315315, "centroid_lon": 80.091785123882829, "minlat": 6.18727027027027, "maxlat": 6.27736036036036, "minlon": 80.046310296395674, "maxlon": 80.13725995136997, "area_km2": 100.22098847540659, "cell_type": "ocean" }, "geometry": { "type": "Polygon", "coordinates": [ [ [ 80.13725995136997, 6.18727027027027 ], [ 80.13725995136997, 6.27736036036036 ], [ 80.046310296395674, 6.27736036036036 ], [ 80.046310296395674, 6.18727027027027 ], [ 80.13725995136997, 6.18727027027027 ] ] ] } },
{ "type": "Feature", "properties": { "grid_id": "grid_4_6", "cell_number": 114, "row": 4, "col": 6, "centroid_lat": 6.232315315315315, "centroid_lon": 80.18273477885711, "minlat": 6.18727027027027, "maxlat": 6.27736036036036, "minlon": 80.13725995136997, "maxlon": 80.228209606344265, "area_km2": 100.21622218348726, "cell_type": "coastal" }, "geometry": { "type": "Polygon", "coordinates": [ [ [ 80.228209606344265, 6.18727027027027 ], [ 80.228209606344265, 6.27736036036036 ], [ 80.13725995136997, 6.27736036036036 ], [ 80.13725995136997, 6.18727027027027 ], [ 80.228209606344265, 6.18727027027027 ] ] ] } },
{ "type": "Feature", "properties": { "grid_id": "grid_4_7", "cell_number": 115, "row": 4, "col": 7, "centroid_lat": 6.232315315315315, "centroid_lon": 80.273684433831406, "minlat": 6.18727027027027, "maxlat": 6.27736036036036, "minlon": 80.228209606344265, "maxlon": 80.319159261318561, "area_km2": 100.21195860725346, "cell_type": "land" }, "geometry": { "type": "Polygon", "coordinates": [ [ [ 80.319159261318561, 6.18727027027027 ], [ 80.319159261318561, 6.27736036036036 ], [ 80.228209606344265, 6.27736036036036 ], [ 80.228209606344265, 6.18727027027027 ], [ 80.319159261318561, 6.18727027027027 ] ] ] } },
{ "type": "Feature", "properties": { "grid_id": "grid_4_8", "cell_number": 116, "row": 4, "col": 8, "centroid_lat": 6.232315315315315, "centroid_lon": 80.364634088805687, "minlat": 6.18727027027027, "maxlat": 6.27736036036036, "minlon": 80.319159261318546, "maxlon": 80.410108916292842, "area_km2": 100.2081976614248, "cell_type": "land" }, "geometry": { "type": "Polygon", "coordinates": [ [ [ 80.410108916292842, 6.18727027027027 ], [ 80.410108916292842, 6.27736036036036 ], [ 80.319159261318546, 6.27736036036036 ], [ 80.319159261318546, 6.18727027027027 ], [ 80.410108916292842, 6.18727027027027 ] ] ] } },
{ "type": "Feature", "properties": { "grid_id": "grid_4_9", "cell_number": 117, "row": 4, "col": 9, "centroid_lat": 6.232315315315315, "centroid_lon": 80.455583743779982, "minlat": 6.18727027027027, "maxlat": 6.27736036036036, "minlon": 80.410108916292842, "maxlon": 80.501058571267137, "area_km2": 100.20493927073791, "cell_type": "land" }, "geometry": { "type": "Polygon", "coordinates": [ [ [ 80.501058571267137, 6.18727027027027 ], [ 80.501058571267137, 6.27736036036036 ], [ 80.410108916292842, 6.27736036036036 ], [ 80.410108916292842, 6.18727027027027 ], [ 80.501058571267137, 6.18727027027027 ] ] ] } },
{ "type": "Feature", "properties": { "grid_id": "grid_4_10", "cell_number": 118, "row": 4, "col": 10, "centroid_lat": 6.232315315315315, "centroid_lon": 80.546533398754292, "minlat": 6.18727027027027, "maxlat": 6.27736036036036, "minlon": 80.501058571267137, "maxlon": 80.592008226241433, "area_km2": 100.20218337007047, "cell_type": "land" }, "geometry": { "type": "Polygon", "coordinates": [ [ [ 80.592008226241433, 6.18727027027027 ], [ 80.592008226241433, 6.27736036036036 ], [ 80.501058571267137, 6.27736036036036 ], [ 80.501058571267137, 6.18727027027027 ], [ 80.592008226241433, 6.18727027027027 ] ] ] } },
{ "type": "Feature", "properties": { "grid_id": "grid_4_11", "cell_number": 119, "row": 4, "col": 11, "centroid_lat": 6.232315315315315, "centroid_lon": 80.637483053728573, "minlat": 6.18727027027027, "maxlat": 6.27736036036036, "minlon": 80.592008226241433, "maxlon": 80.682957881215728, "area_km2": 100.19992990430835, "cell_type": "land" }, "geometry": { "type": "Polygon", "coordinates": [ [ [ 80.682957881215728, 6.18727027027027 ], [ 80.682957881215728, 6.27736036036036 ], [ 80.592008226241433, 6.27736036036036 ], [ 80.592008226241433, 6.18727027027027 ], [ 80.682957881215728, 6.18727027027027 ] ] ] } },
{ "type": "Feature", "properties": { "grid_id": "grid_4_12", "cell_number": 120, "row": 4, "col": 12, "centroid_lat": 6.232315315315315, "centroid_lon": 80.728432708702854, "minlat": 6.18727027027027, "maxlat": 6.27736036036036, "minlon": 80.682957881215714, "maxlon": 80.773907536190009, "area_km2": 100.19817882834296, "cell_type": "land" }, "geometry": { "type": "Polygon", "coordinates": [ [ [ 80.773907536190009, 6.18727027027027 ], [ 80.773907536190009, 6.27736036036036 ], [ 80.682957881215714, 6.27736036036036 ], [ 80.682957881215714, 6.18727027027027 ], [ 80.773907536190009, 6.18727027027027 ] ] ] } },
{ "type": "Feature", "properties": { "grid_id": "grid_4_13", "cell_number": 121, "row": 4, "col": 13, "centroid_lat": 6.232315315315315, "centroid_lon": 80.819382363677164, "minlat": 6.18727027027027, "maxlat": 6.27736036036036, "minlon": 80.773907536190009, "maxlon": 80.864857191164305, "area_km2": 100.19693010719995, "cell_type": "land" }, "geometry": { "type": "Polygon", "coordinates": [ [ [ 80.864857191164305, 6.18727027027027 ], [ 80.864857191164305, 6.27736036036036 ], [ 80.773907536190009, 6.27736036036036 ], [ 80.773907536190009, 6.18727027027027 ], [ 80.864857191164305, 6.18727027027027 ] ] ] } },
{ "type": "Feature", "properties": { "grid_id": "grid_4_14", "cell_number": 122, "row": 4, "col": 14, "centroid_lat": 6.232315315315315, "centroid_lon": 80.910332018651459, "minlat": 6.18727027027027, "maxlat": 6.27736036036036, "minlon": 80.864857191164305, "maxlon": 80.9558068461386, "area_km2": 100.19618371591019, "cell_type": "land" }, "geometry": { "type": "Polygon", "coordinates": [ [ [ 80.9558068461386, 6.18727027027027 ], [ 80.9558068461386, 6.27736036036036 ], [ 80.864857191164305, 6.27736036036036 ], [ 80.864857191164305, 6.18727027027027 ], [ 80.9558068461386, 6.18727027027027 ] ] ] } },
{ "type": "Feature", "properties": { "grid_id": "grid_4_15", "cell_number": 123, "row": 4, "col": 15, "centroid_lat": 6.232315315315315, "centroid_lon": 81.001281673625741, "minlat": 6.18727027027027, "maxlat": 6.27736036036036, "minlon": 80.9558068461386, "maxlon": 81.046756501112895, "area_km2": 100.19593963950636, "cell_type": "land" }, "geometry": { "type": "Polygon", "coordinates": [ [ [ 81.046756501112895, 6.18727027027027 ], [ 81.046756501112895, 6.27736036036036 ], [ 80.9558068461386, 6.27736036036036 ], [ 80.9558068461386, 6.18727027027027 ], [ 81.046756501112895, 6.18727027027027 ] ] ] } },
{ "type": "Feature", "properties": { "grid_id": "grid_4_16", "cell_number": 124, "row": 4, "col": 16, "centroid_lat": 6.232315315315315, "centroid_lon": 81.09223132860005, "minlat": 6.18727027027027, "maxlat": 6.27736036036036, "minlon": 81.046756501112895, "maxlon": 81.137706156087191, "area_km2": 100.19619787314903, "cell_type": "land" }, "geometry": { "type": "Polygon", "coordinates": [ [ [ 81.137706156087191, 6.18727027027027 ], [ 81.137706156087191, 6.27736036036036 ], [ 81.046756501112895, 6.27736036036036 ], [ 81.046756501112895, 6.18727027027027 ], [ 81.137706156087191, 6.18727027027027 ] ] ] } },
{ "type": "Feature", "properties": { "grid_id": "grid_4_17", "cell_number": 125, "row": 4, "col": 17, "centroid_lat": 6.232315315315315, "centroid_lon": 81.183180983574317, "minlat": 6.18727027027027, "maxlat": 6.27736036036036, "minlon": 81.137706156087177, "maxlon": 81.228655811061472, "area_km2": 100.19695842200156, "cell_type": "coastal" }, "geometry": { "type": "Polygon", "coordinates": [ [ [ 81.228655811061472, 6.18727027027027 ], [ 81.228655811061472, 6.27736036036036 ], [ 81.137706156087177, 6.27736036036036 ], [ 81.137706156087177, 6.18727027027027 ], [ 81.228655811061472, 6.18727027027027 ] ] ] } },
{ "type": "Feature", "properties": { "grid_id": "grid_4_18", "cell_number": 126, "row": 4, "col": 18, "centroid_lat": 6.232315315315315, "centroid_lon": 81.274130638548613, "minlat": 6.18727027027027, "maxlat": 6.27736036036036, "minlon": 81.228655811061472, "maxlon": 81.319605466035767, "area_km2": 100.19822130123096, "cell_type": "coastal" }, "geometry": { "type": "Polygon", "coordinates": [ [ [ 81.319605466035767, 6.18727027027027 ], [ 81.319605466035767, 6.27736036036036 ], [ 81.228655811061472, 6.27736036036036 ], [ 81.228655811061472, 6.18727027027027 ], [ 81.319605466035767, 6.18727027027027 ] ] ] } },
{ "type": "Feature", "properties": { "grid_id": "grid_4_19", "cell_number": 127, "row": 4, "col": 19, "centroid_lat": 6.232315315315315, "centroid_lon": 81.365080293522922, "minlat": 6.18727027027027, "maxlat": 6.27736036036036, "minlon": 81.319605466035767, "maxlon": 81.410555121010063, "area_km2": 100.19998653613381, "cell_type": "coastal" }, "geometry": { "type": "Polygon", "coordinates": [ [ [ 81.410555121010063, 6.18727027027027 ], [ 81.410555121010063, 6.27736036036036 ], [ 81.319605466035767, 6.27736036036036 ], [ 81.319605466035767, 6.18727027027027 ], [ 81.410555121010063, 6.18727027027027 ] ] ] } },
{ "type": "Feature", "properties": { "grid_id": "grid_4_20", "cell_number": 128, "row": 4, "col": 20, "centroid_lat": 6.232315315315315, "centroid_lon": 81.456029948497232, "minlat": 6.18727027027027, "maxlat": 6.27736036036036, "minlon": 81.410555121010063, "maxlon": 81.501504775984358, "area_km2": 100.2022541620079, "cell_type": "ocean" }, "geometry": { "type": "Polygon", "coordinates": [ [ [ 81.501504775984358, 6.18727027027027 ], [ 81.501504775984358, 6.27736036036036 ], [ 81.410555121010063, 6.27736036036036 ], [ 81.410555121010063, 6.18727027027027 ], [ 81.501504775984358, 6.18727027027027 ] ] ] } },
{ "type": "Feature", "properties": { "grid_id": "grid_4_21", "cell_number": 129, "row": 4, "col": 21, "centroid_lat": 6.232315315315315, "centroid_lon": 81.546979603471499, "minlat": 6.18727027027027, "maxlat": 6.27736036036036, "minlon": 81.501504775984358, "maxlon": 81.592454430958654, "area_km2": 100.20502422415888, "cell_type": "ocean" }, "geometry": { "type": "Polygon", "coordinates": [ [ [ 81.592454430958654, 6.18727027027027 ], [ 81.592454430958654, 6.27736036036036 ], [ 81.501504775984358, 6.27736036036036 ], [ 81.501504775984358, 6.18727027027027 ], [ 81.592454430958654, 6.18727027027027 ] ] ] } },
{ "type": "Feature", "properties": { "grid_id": "grid_4_22", "cell_number": 130, "row": 4, "col": 22, "centroid_lat": 6.232315315315315, "centroid_lon": 81.63792925844578, "minlat": 6.18727027027027, "maxlat": 6.27736036036036, "minlon": 81.592454430958639, "maxlon": 81.683404085932935, "area_km2": 100.20829677802786, "cell_type": "ocean" }, "geometry": { "type": "Polygon", "coordinates": [ [ [ 81.683404085932935, 6.18727027027027 ], [ 81.683404085932935, 6.27736036036036 ], [ 81.592454430958639, 6.27736036036036 ], [ 81.592454430958639, 6.18727027027027 ], [ 81.683404085932935, 6.18727027027027 ] ] ] } },
{ "type": "Feature", "properties": { "grid_id": "grid_4_23", "cell_number": 131, "row": 4, "col": 23, "centroid_lat": 6.232315315315315, "centroid_lon": 81.72887891342009, "minlat": 6.18727027027027, "maxlat": 6.27736036036036, "minlon": 81.683404085932935, "maxlon": 81.77435374090723, "area_km2": 100.21207188906628, "cell_type": "ocean" }, "geometry": { "type": "Polygon", "coordinates": [ [ [ 81.77435374090723, 6.18727027027027 ], [ 81.77435374090723, 6.27736036036036 ], [ 81.683404085932935, 6.27736036036036 ], [ 81.683404085932935, 6.18727027027027 ], [ 81.77435374090723, 6.18727027027027 ] ] ] } },
{ "type": "Feature", "properties": { "grid_id": "grid_4_24", "cell_number": 132, "row": 4, "col": 24, "centroid_lat": 6.232315315315315, "centroid_lon": 81.819828568394371, "minlat": 6.18727027027027, "maxlat": 6.27736036036036, "minlon": 81.77435374090723, "maxlon": 81.865303395881526, "area_km2": 100.21634963273233, "cell_type": "ocean" }, "geometry": { "type": "Polygon", "coordinates": [ [ [ 81.865303395881526, 6.18727027027027 ], [ 81.865303395881526, 6.27736036036036 ], [ 81.77435374090723, 6.27736036036036 ], [ 81.77435374090723, 6.18727027027027 ], [ 81.865303395881526, 6.18727027027027 ] ] ] } },
{ "type": "Feature", "properties": { "grid_id": "grid_4_25", "cell_number": 133, "row": 4, "col": 25, "centroid_lat": 6.232315315315315, "centroid_lon": 81.910778223368695, "minlat": 6.18727027027027, "maxlat": 6.27736036036036, "minlon": 81.865303395881526, "maxlon": 81.956253050855821, "area_km2": 100.2211300946326, "cell_type": "ocean" }, "geometry": { "type": "Polygon", "coordinates": [ [ [ 81.956253050855821, 6.18727027027027 ], [ 81.956253050855821, 6.27736036036036 ], [ 81.865303395881526, 6.27736036036036 ], [ 81.865303395881526, 6.18727027027027 ], [ 81.956253050855821, 6.18727027027027 ] ] ] } },
{ "type": "Feature", "properties": { "grid_id": "grid_4_26", "cell_number": 134, "row": 4, "col": 26, "centroid_lat": 6.232315315315315, "centroid_lon": 82.001727878342962, "minlat": 6.18727027027027, "maxlat": 6.27736036036036, "minlon": 81.956253050855821, "maxlon": 82.047202705830117, "area_km2": 100.22641337038972, "cell_type": "ocean" }, "geometry": { "type": "Polygon", "coordinates": [ [ [ 82.047202705830117, 6.18727027027027 ], [ 82.047202705830117, 6.27736036036036 ], [ 81.956253050855821, 6.27736036036036 ], [ 81.956253050855821, 6.18727027027027 ], [ 82.047202705830117, 6.18727027027027 ] ] ] } },
{ "type": "Feature", "properties": { "grid_id": "grid_5_0", "cell_number": 135, "row": 5, "col": 0, "centroid_lat": 6.3224054054054051, "centroid_lon": 79.637036849011366, "minlat": 6.27736036036036, "maxlat": 6.3674504504504501, "minlon": 79.591562021524211, "maxlon": 79.682511676498507, "area_km2": 100.2354650223668, "cell_type": "ocean" }, "geometry": { "type": "Polygon", "coordinates": [ [ [ 79.682511676498507, 6.27736036036036 ], [ 79.682511676498507, 6.36745045045045 ], [ 79.591562021524211, 6.36745045045045 ], [ 79.591562021524211, 6.27736036036036 ], [ 79.682511676498507, 6.27736036036036 ] ] ] } },
{ "type": "Feature", "properties": { "grid_id": "grid_5_1", "cell_number": 136, "row": 5, "col": 1, "centroid_lat": 6.3224054054054051, "centroid_lon": 79.727986503985662, "minlat": 6.27736036036036, "maxlat": 6.3674504504504501, "minlon": 79.682511676498507, "maxlon": 79.773461331472802, "area_km2": 100.22818728397014, "cell_type": "ocean" }, "geometry": { "type": "Polygon", "coordinates": [ [ [ 79.773461331472802, 6.27736036036036 ], [ 79.773461331472802, 6.36745045045045 ], [ 79.682511676498507, 6.36745045045045 ], [ 79.682511676498507, 6.27736036036036 ], [ 79.773461331472802, 6.27736036036036 ] ] ] } },
{ "type": "Feature", "properties": { "grid_id": "grid_5_2", "cell_number": 137, "row": 5, "col": 2, "centroid_lat": 6.3224054054054051, "centroid_lon": 79.818936158959943, "minlat": 6.27736036036036, "maxlat": 6.3674504504504501, "minlon": 79.773461331472802, "maxlon": 79.864410986447098, "area_km2": 100.22141257820955, "cell_type": "ocean" }, "geometry": { "type": "Polygon", "coordinates": [ [ [ 79.864410986447098, 6.27736036036036 ], [ 79.864410986447098, 6.36745045045045 ], [ 79.773461331472802, 6.36745045045045 ], [ 79.773461331472802, 6.27736036036036 ], [ 79.864410986447098, 6.27736036036036 ] ] ] } },
{ "type": "Feature", "properties": { "grid_id": "grid_5_3", "cell_number": 138, "row": 5, "col": 3, "centroid_lat": 6.3224054054054051, "centroid_lon": 79.909885813934224, "minlat": 6.27736036036036, "maxlat": 6.3674504504504501, "minlon": 79.864410986447083, "maxlon": 79.955360641421379, "area_km2": 100.21514076955246, "cell_type": "ocean" }, "geometry": { "type": "Polygon", "coordinates": [ [ [ 79.955360641421379, 6.27736036036036 ], [ 79.955360641421379, 6.36745045045045 ], [ 79.864410986447083, 6.36745045045045 ], [ 79.864410986447083, 6.27736036036036 ], [ 79.955360641421379, 6.27736036036036 ] ] ] } },
{ "type": "Feature", "properties": { "grid_id": "grid_5_4", "cell_number": 139, "row": 5, "col": 4, "centroid_lat": 6.3224054054054051, "centroid_lon": 80.000835468908519, "minlat": 6.27736036036036, "maxlat": 6.3674504504504501, "minlon": 79.955360641421379, "maxlon": 80.046310296395674, "area_km2": 100.20937173261893, "cell_type": "ocean" }, "geometry": { "type": "Polygon", "coordinates": [ [ [ 80.046310296395674, 6.27736036036036 ], [ 80.046310296395674, 6.36745045045045 ], [ 79.955360641421379, 6.36745045045045 ], [ 79.955360641421379, 6.27736036036036 ], [ 80.046310296395674, 6.27736036036036 ] ] ] } },
{ "type": "Feature", "properties": { "grid_id": "grid_5_5", "cell_number": 140, "row": 5, "col": 5, "centroid_lat": 6.3224054054054051, "centroid_lon": 80.091785123882829, "minlat": 6.27736036036036, "maxlat": 6.3674504504504501, "minlon": 80.046310296395674, "maxlon": 80.13725995136997, "area_km2": 100.20410535205549, "cell_type": "coastal" }, "geometry": { "type": "Polygon", "coordinates": [ [ [ 80.13725995136997, 6.27736036036036 ], [ 80.13725995136997, 6.36745045045045 ], [ 80.046310296395674, 6.36745045045045 ], [ 80.046310296395674, 6.27736036036036 ], [ 80.13725995136997, 6.27736036036036 ] ] ] } },
{ "type": "Feature", "properties": { "grid_id": "grid_5_6", "cell_number": 141, "row": 5, "col": 6, "centroid_lat": 6.3224054054054051, "centroid_lon": 80.18273477885711, "minlat": 6.27736036036036, "maxlat": 6.3674504504504501, "minlon": 80.13725995136997, "maxlon": 80.228209606344265, "area_km2": 100.19934152252537, "cell_type": "coastal" }, "geometry": { "type": "Polygon", "coordinates": [ [ [ 80.228209606344265, 6.27736036036036 ], [ 80.228209606344265, 6.36745045045045 ], [ 80.13725995136997, 6.36745045045045 ], [ 80.13725995136997, 6.27736036036036 ], [ 80.228209606344265, 6.27736036036036 ] ] ] } },
{ "type": "Feature", "properties": { "grid_id": "grid_5_7", "cell_number": 142, "row": 5, "col": 7, "centroid_lat": 6.3224054054054051, "centroid_lon": 80.273684433831406, "minlat": 6.27736036036036, "maxlat": 6.3674504504504501, "minlon": 80.228209606344265, "maxlon": 80.319159261318561, "area_km2": 100.19508014882702, "cell_type": "land" }, "geometry": { "type": "Polygon", "coordinates": [ [ [ 80.319159261318561, 6.27736036036036 ], [ 80.319159261318561, 6.36745045045045 ], [ 80.228209606344265, 6.36745045045045 ], [ 80.228209606344265, 6.27736036036036 ], [ 80.319159261318561, 6.27736036036036 ] ] ] } },
{ "type": "Feature", "properties": { "grid_id": "grid_5_8", "cell_number": 143, "row": 5, "col": 8, "centroid_lat": 6.3224054054054051, "centroid_lon": 80.364634088805687, "minlat": 6.27736036036036, "maxlat": 6.3674504504504501, "minlon": 80.319159261318546, "maxlon": 80.410108916292842, "area_km2": 100.1913211457738, "cell_type": "land" }, "geometry": { "type": "Polygon", "coordinates": [ [ [ 80.410108916292842, 6.27736036036036 ], [ 80.410108916292842, 6.36745045045045 ], [ 80.319159261318546, 6.36745045045045 ], [ 80.319159261318546, 6.27736036036036 ], [ 80.410108916292842, 6.27736036036036 ] ] ] } },
{ "type": "Feature", "properties": { "grid_id": "grid_5_9", "cell_number": 144, "row": 5, "col": 9, "centroid_lat": 6.3224054054054051, "centroid_lon": 80.455583743779982, "minlat": 6.27736036036036, "maxlat": 6.3674504504504501, "minlon": 80.410108916292842, "maxlon": 80.501058571267137, "area_km2": 100.1880644381805, "cell_type": "land" }, "geometry": { "type": "Polygon", "coordinates": [ [ [ 80.501058571267137, 6.27736036036036 ], [ 80.501058571267137, 6.36745045045045 ], [ 80.410108916292842, 6.36745045045045 ], [ 80.410108916292842, 6.27736036036036 ], [ 80.501058571267137, 6.27736036036036 ] ] ] } },
{ "type": "Feature", "properties": { "grid_id": "grid_5_10", "cell_number": 145, "row": 5, "col": 10, "centroid_lat": 6.3224054054054051, "centroid_lon": 80.546533398754292, "minlat": 6.27736036036036, "maxlat": 6.3674504504504501, "minlon": 80.501058571267137, "maxlon": 80.592008226241433, "area_km2": 100.18530996098967, "cell_type": "land" }, "geometry": { "type": "Polygon", "coordinates": [ [ [ 80.592008226241433, 6.27736036036036 ], [ 80.592008226241433, 6.36745045045045 ], [ 80.501058571267137, 6.36745045045045 ], [ 80.501058571267137, 6.27736036036036 ], [ 80.592008226241433, 6.27736036036036 ] ] ] } },
{ "type": "Feature", "properties": { "grid_id": "grid_5_11", "cell_number": 146, "row": 5, "col": 11, "centroid_lat": 6.3224054054054051, "centroid_lon": 80.637483053728573, "minlat": 6.27736036036036, "maxlat": 6.3674504504504501, "minlon": 80.592008226241433, "maxlon": 80.682957881215728, "area_km2": 100.18305765914648, "cell_type": "land" }, "geometry": { "type": "Polygon", "coordinates": [ [ [ 80.682957881215728, 6.27736036036036 ], [ 80.682957881215728, 6.36745045045045 ], [ 80.592008226241433, 6.36745045045045 ], [ 80.592008226241433, 6.27736036036036 ], [ 80.682957881215728, 6.27736036036036 ] ] ] } },
{ "type": "Feature", "properties": { "grid_id": "grid_5_12", "cell_number": 147, "row": 5, "col": 12, "centroid_lat": 6.3224054054054051, "centroid_lon": 80.728432708702854, "minlat": 6.27736036036036, "maxlat": 6.3674504504504501, "minlon": 80.682957881215714, "maxlon": 80.773907536190009, "area_km2": 100.1813074875907, "cell_type": "land" }, "geometry": { "type": "Polygon", "coordinates": [ [ [ 80.773907536190009, 6.27736036036036 ], [ 80.773907536190009, 6.36745045045045 ], [ 80.682957881215714, 6.36745045045045 ], [ 80.682957881215714, 6.27736036036036 ], [ 80.773907536190009, 6.27736036036036 ] ] ] } },
{ "type": "Feature", "properties": { "grid_id": "grid_5_13", "cell_number": 148, "row": 5, "col": 13, "centroid_lat": 6.3224054054054051, "centroid_lon": 80.819382363677164, "minlat": 6.27736036036036, "maxlat": 6.3674504504504501, "minlon": 80.773907536190009, "maxlon": 80.864857191164305, "area_km2": 100.18005941138571, "cell_type": "land" }, "geometry": { "type": "Polygon", "coordinates": [ [ [ 80.864857191164305, 6.27736036036036 ], [ 80.864857191164305, 6.36745045045045 ], [ 80.773907536190009, 6.36745045045045 ], [ 80.773907536190009, 6.27736036036036 ], [ 80.864857191164305, 6.27736036036036 ] ] ] } },
{ "type": "Feature", "properties": { "grid_id": "grid_5_14", "cell_number": 149, "row": 5, "col": 14, "centroid_lat": 6.3224054054054051, "centroid_lon": 80.910332018651459, "minlat": 6.27736036036036, "maxlat": 6.3674504504504501, "minlon": 80.864857191164305, "maxlon": 80.9558068461386, "area_km2": 100.1793134055855, "cell_type": "land" }, "geometry": { "type": "Polygon", "coordinates": [ [ [ 80.9558068461386, 6.27736036036036 ], [ 80.9558068461386, 6.36745045045045 ], [ 80.864857191164305, 6.36745045045045 ], [ 80.864857191164305, 6.27736036036036 ], [ 80.9558068461386, 6.27736036036036 ] ] ] } },
{ "type": "Feature", "properties": { "grid_id": "grid_5_15", "cell_number": 150, "row": 5, "col": 15, "centroid_lat": 6.3224054054054051, "centroid_lon": 81.001281673625741, "minlat": 6.27736036036036, "maxlat": 6.3674504504504501, "minlon": 80.9558068461386, "maxlon": 81.046756501112895, "area_km2": 100.17906945523825, "cell_type": "land" }, "geometry": { "type": "Polygon", "coordinates": [ [ [ 81.046756501112895, 6.27736036036036 ], [ 81.046756501112895, 6.36745045045045 ], [ 80.9558068461386, 6.36745045045045 ], [ 80.9558068461386, 6.27736036036036 ], [ 81.046756501112895, 6.27736036036036 ] ] ] } },
{ "type": "Feature", "properties": { "grid_id": "grid_5_16", "cell_number": 151, "row": 5, "col": 16, "centroid_lat": 6.3224054054054051, "centroid_lon": 81.09223132860005, "minlat": 6.27736036036036, "maxlat": 6.3674504504504501, "minlon": 81.046756501112895, "maxlon": 81.137706156087191, "area_km2": 100.17932755551148, "cell_type": "land" }, "geometry": { "type": "Polygon", "coordinates": [ [ [ 81.137706156087191, 6.27736036036036 ], [ 81.137706156087191, 6.36745045045045 ], [ 81.046756501112895, 6.36745045045045 ], [ 81.046756501112895, 6.27736036036036 ], [ 81.137706156087191, 6.27736036036036 ] ] ] } },
{ "type": "Feature", "properties": { "grid_id": "grid_5_17", "cell_number": 152, "row": 5, "col": 17, "centroid_lat": 6.3224054054054051, "centroid_lon": 81.183180983574317, "minlat": 6.27736036036036, "maxlat": 6.3674504504504501, "minlon": 81.137706156087177, "maxlon": 81.228655811061472, "area_km2": 100.1800877115635, "cell_type": "land" }, "geometry": { "type": "Polygon", "coordinates": [ [ [ 81.228655811061472, 6.27736036036036 ], [ 81.228655811061472, 6.36745045045045 ], [ 81.137706156087177, 6.36745045045045 ], [ 81.137706156087177, 6.27736036036036 ], [ 81.228655811061472, 6.27736036036036 ] ] ] } },
{ "type": "Feature", "properties": { "grid_id": "grid_5_18", "cell_number": 153, "row": 5, "col": 18, "centroid_lat": 6.3224054054054051, "centroid_lon": 81.274130638548613, "minlat": 6.27736036036036, "maxlat": 6.3674504504504501, "minlon": 81.228655811061472, "maxlon": 81.319605466035767, "area_km2": 100.18134993854311, "cell_type": "land" }, "geometry": { "type": "Polygon", "coordinates": [ [ [ 81.319605466035767, 6.27736036036036 ], [ 81.319605466035767, 6.36745045045045 ], [ 81.228655811061472, 6.36745045045045 ], [ 81.228655811061472, 6.27736036036036 ], [ 81.319605466035767, 6.27736036036036 ] ] ] } },
{ "type": "Feature", "properties": { "grid_id": "grid_5_19", "cell_number": 154, "row": 5, "col": 19, "centroid_lat": 6.3224054054054051, "centroid_lon": 81.365080293522922, "minlat": 6.27736036036036, "maxlat": 6.3674504504504501, "minlon": 81.319605466035767, "maxlon": 81.410555121010063, "area_km2": 100.18311426172215, "cell_type": "coastal" }, "geometry": { "type": "Polygon", "coordinates": [ [ [ 81.410555121010063, 6.27736036036036 ], [ 81.410555121010063, 6.36745045045045 ], [ 81.319605466035767, 6.36745045045045 ], [ 81.319605466035767, 6.27736036036036 ], [ 81.410555121010063, 6.27736036036036 ] ] ] } },
{ "type": "Feature", "properties": { "grid_id": "grid_5_20", "cell_number": 155, "row": 5, "col": 20, "centroid_lat": 6.3224054054054051, "centroid_lon": 81.456029948497232, "minlat": 6.27736036036036, "maxlat": 6.3674504504504501, "minlon": 81.410555121010063, "maxlon": 81.501504775984358, "area_km2": 100.18538071636191, "cell_type": "coastal" }, "geometry": { "type": "Polygon", "coordinates": [ [ [ 81.501504775984358, 6.27736036036036 ], [ 81.501504775984358, 6.36745045045045 ], [ 81.410555121010063, 6.36745045045045 ], [ 81.410555121010063, 6.27736036036036 ], [ 81.501504775984358, 6.27736036036036 ] ] ] } },
{ "type": "Feature", "properties": { "grid_id": "grid_5_21", "cell_number": 156, "row": 5, "col": 21, "centroid_lat": 6.3224054054054051, "centroid_lon": 81.546979603471499, "minlat": 6.27736036036036, "maxlat": 6.3674504504504501, "minlon": 81.501504775984358, "maxlon": 81.592454430958654, "area_km2": 100.18814934772206, "cell_type": "ocean" }, "geometry": { "type": "Polygon", "coordinates": [ [ [ 81.592454430958654, 6.27736036036036 ], [ 81.592454430958654, 6.36745045045045 ], [ 81.501504775984358, 6.36745045045045 ], [ 81.501504775984358, 6.27736036036036 ], [ 81.592454430958654, 6.27736036036036 ] ] ] } },
{ "type": "Feature", "properties": { "grid_id": "grid_5_22", "cell_number": 157, "row": 5, "col": 22, "centroid_lat": 6.3224054054054051, "centroid_lon": 81.63792925844578, "minlat": 6.27736036036036, "maxlat": 6.3674504504504501, "minlon": 81.592454430958639, "maxlon": 81.683404085932935, "area_km2": 100.19142021118071, "cell_type": "ocean" }, "geometry": { "type": "Polygon", "coordinates": [ [ [ 81.683404085932935, 6.27736036036036 ], [ 81.683404085932935, 6.36745045045045 ], [ 81.592454430958639, 6.36745045045045 ], [ 81.592454430958639, 6.27736036036036 ], [ 81.683404085932935, 6.27736036036036 ] ] ] } },
{ "type": "Feature", "properties": { "grid_id": "grid_5_23", "cell_number": 158, "row": 5, "col": 23, "centroid_lat": 6.3224054054054051, "centroid_lon": 81.72887891342009, "minlat": 6.27736036036036, "maxlat": 6.3674504504504501, "minlon": 81.683404085932935, "maxlon": 81.77435374090723, "area_km2": 100.19519337212211, "cell_type": "ocean" }, "geometry": { "type": "Polygon", "coordinates": [ [ [ 81.77435374090723, 6.27736036036036 ], [ 81.77435374090723, 6.36745045045045 ], [ 81.683404085932935, 6.36745045045045 ], [ 81.683404085932935, 6.27736036036036 ], [ 81.77435374090723, 6.27736036036036 ] ] ] } },
{ "type": "Feature", "properties": { "grid_id": "grid_5_24", "cell_number": 159, "row": 5, "col": 24, "centroid_lat": 6.3224054054054051, "centroid_lon": 81.819828568394371, "minlat": 6.27736036036036, "maxlat": 6.3674504504504501, "minlon": 81.77435374090723, "maxlon": 81.865303395881526, "area_km2": 100.1994689059284, "cell_type": "ocean" }, "geometry": { "type": "Polygon", "coordinates": [ [ [ 81.865303395881526, 6.27736036036036 ], [ 81.865303395881526, 6.36745045045045 ], [ 81.77435374090723, 6.36745045045045 ], [ 81.77435374090723, 6.27736036036036 ], [ 81.865303395881526, 6.27736036036036 ] ] ] } },
{ "type": "Feature", "properties": { "grid_id": "grid_5_25", "cell_number": 160, "row": 5, "col": 25, "centroid_lat": 6.3224054054054051, "centroid_lon": 81.910778223368695, "minlat": 6.27736036036036, "maxlat": 6.3674504504504501, "minlon": 81.865303395881526, "maxlon": 81.956253050855821, "area_km2": 100.20424689811551, "cell_type": "ocean" }, "geometry": { "type": "Polygon", "coordinates": [ [ [ 81.956253050855821, 6.27736036036036 ], [ 81.956253050855821, 6.36745045045045 ], [ 81.865303395881526, 6.36745045045045 ], [ 81.865303395881526, 6.27736036036036 ], [ 81.956253050855821, 6.27736036036036 ] ] ] } },
{ "type": "Feature", "properties": { "grid_id": "grid_5_26", "cell_number": 161, "row": 5, "col": 26, "centroid_lat": 6.3224054054054051, "centroid_lon": 82.001727878342962, "minlat": 6.27736036036036, "maxlat": 6.3674504504504501, "minlon": 81.956253050855821, "maxlon": 82.047202705830117, "area_km2": 100.20952744420637, "cell_type": "ocean" }, "geometry": { "type": "Polygon", "coordinates": [ [ [ 82.047202705830117, 6.27736036036036 ], [ 82.047202705830117, 6.36745045045045 ], [ 81.956253050855821, 6.36745045045045 ], [ 81.956253050855821, 6.27736036036036 ], [ 82.047202705830117, 6.27736036036036 ] ] ] } },
{ "type": "Feature", "properties": { "grid_id": "grid_6_0", "cell_number": 162, "row": 6, "col": 0, "centroid_lat": 6.412495495495496, "centroid_lon": 79.637036849011366, "minlat": 6.3674504504504501, "maxlat": 6.4575405405405402, "minlon": 79.591562021524211, "maxlon": 79.682511676498507, "area_km2": 100.21832391571397, "cell_type": "ocean" }, "geometry": { "type": "Polygon", "coordinates": [ [ [ 79.682511676498507, 6.36745045045045 ], [ 79.682511676498507, 6.45754054054054 ], [ 79.591562021524211, 6.45754054054054 ], [ 79.591562021524211, 6.36745045045045 ], [ 79.682511676498507, 6.36745045045045 ] ] ] } },
{ "type": "Feature", "properties": { "grid_id": "grid_6_1", "cell_number": 163, "row": 6, "col": 1, "centroid_lat": 6.412495495495496, "centroid_lon": 79.727986503985662, "minlat": 6.3674504504504501, "maxlat": 6.4575405405405402, "minlon": 79.682511676498507, "maxlon": 79.773461331472802, "area_km2": 100.21104999314242, "cell_type": "ocean" }, "geometry": { "type": "Polygon", "coordinates": [ [ [ 79.773461331472802, 6.36745045045045 ], [ 79.773461331472802, 6.45754054054054 ], [ 79.682511676498507, 6.45754054054054 ], [ 79.682511676498507, 6.36745045045045 ], [ 79.773461331472802, 6.36745045045045 ] ] ] } },
{ "type": "Feature", "properties": { "grid_id": "grid_6_2", "cell_number": 164, "row": 6, "col": 2, "centroid_lat": 6.412495495495496, "centroid_lon": 79.818936158959943, "minlat": 6.3674504504504501, "maxlat": 6.4575405405405402, "minlon": 79.773461331472802, "maxlon": 79.864410986447098, "area_km2": 100.20427883911917, "cell_type": "ocean" }, "geometry": { "type": "Polygon", "coordinates": [ [ [ 79.864410986447098, 6.36745045045045 ], [ 79.864410986447098, 6.45754054054054 ], [ 79.773461331472802, 6.45754054054054 ], [ 79.773461331472802, 6.36745045045045 ], [ 79.864410986447098, 6.36745045045045 ] ] ] } },
{ "type": "Feature", "properties": { "grid_id": "grid_6_3", "cell_number": 165, "row": 6, "col": 3, "centroid_lat": 6.412495495495496, "centroid_lon": 79.909885813934224, "minlat": 6.3674504504504501, "maxlat": 6.4575405405405402, "minlon": 79.864410986447083, "maxlon": 79.955360641421379, "area_km2": 100.19801031825546, "cell_type": "ocean" }, "geometry": { "type": "Polygon", "coordinates": [ [ [ 79.955360641421379, 6.36745045045045 ], [ 79.955360641421379, 6.45754054054054 ], [ 79.864410986447083, 6.45754054054054 ], [ 79.864410986447083, 6.36745045045045 ], [ 79.955360641421379, 6.36745045045045 ] ] ] } },
{ "type": "Feature", "properties": { "grid_id": "grid_6_4", "cell_number": 166, "row": 6, "col": 4, "centroid_lat": 6.412495495495496, "centroid_lon": 80.000835468908519, "minlat": 6.3674504504504501, "maxlat": 6.4575405405405402, "minlon": 79.955360641421379, "maxlon": 80.046310296395674, "area_km2": 100.19224430530655, "cell_type": "ocean" }, "geometry": { "type": "Polygon", "coordinates": [ [ [ 80.046310296395674, 6.36745045045045 ], [ 80.046310296395674, 6.45754054054054 ], [ 79.955360641421379, 6.45754054054054 ], [ 79.955360641421379, 6.36745045045045 ], [ 80.046310296395674, 6.36745045045045 ] ] ] } },
{ "type": "Feature", "properties": { "grid_id": "grid_6_5", "cell_number": 167, "row": 6, "col": 5, "centroid_lat": 6.412495495495496, "centroid_lon": 80.091785123882829, "minlat": 6.3674504504504501, "maxlat": 6.4575405405405402, "minlon": 80.046310296395674, "maxlon": 80.13725995136997, "area_km2": 100.18698068504008, "cell_type": "coastal" }, "geometry": { "type": "Polygon", "coordinates": [ [ [ 80.13725995136997, 6.36745045045045 ], [ 80.13725995136997, 6.45754054054054 ], [ 80.046310296395674, 6.45754054054054 ], [ 80.046310296395674, 6.36745045045045 ], [ 80.13725995136997, 6.36745045045045 ] ] ] } },
{ "type": "Feature", "properties": { "grid_id": "grid_6_6", "cell_number": 168, "row": 6, "col": 6, "centroid_lat": 6.412495495495496, "centroid_lon": 80.18273477885711, "minlat": 6.3674504504504501, "maxlat": 6.4575405405405402, "minlon": 80.13725995136997, "maxlon": 80.228209606344265, "area_km2": 100.18221935223166, "cell_type": "land" }, "geometry": { "type": "Polygon", "coordinates": [ [ [ 80.228209606344265, 6.36745045045045 ], [ 80.228209606344265, 6.45754054054054 ], [ 80.13725995136997, 6.45754054054054 ], [ 80.13725995136997, 6.36745045045045 ], [ 80.228209606344265, 6.36745045045045 ] ] ] } },
{ "type": "Feature", "properties": { "grid_id": "grid_6_7", "cell_number": 169, "row": 6, "col": 7, "centroid_lat": 6.412495495495496, "centroid_lon": 80.273684433831406, "minlat": 6.3674504504504501, "maxlat": 6.4575405405405402, "minlon": 80.228209606344265, "maxlon": 80.319159261318561, "area_km2": 100.1779602117814, "cell_type": "land" }, "geometry": { "type": "Polygon", "coordinates": [ [ [ 80.319159261318561, 6.36745045045045 ], [ 80.319159261318561, 6.45754054054054 ], [ 80.228209606344265, 6.45754054054054 ], [ 80.228209606344265, 6.36745045045045 ], [ 80.319159261318561, 6.36745045045045 ] ] ] } },
{ "type": "Feature", "properties": { "grid_id": "grid_6_8", "cell_number": 170, "row": 6, "col": 8, "centroid_lat": 6.412495495495496, "centroid_lon": 80.364634088805687, "minlat": 6.3674504504504501, "maxlat": 6.4575405405405402, "minlon": 80.319159261318546, "maxlon": 80.410108916292842, "area_km2": 100.17420317859178, "cell_type": "land" }, "geometry": { "type": "Polygon", "coordinates": [ [ [ 80.410108916292842, 6.36745045045045 ], [ 80.410108916292842, 6.45754054054054 ], [ 80.319159261318546, 6.45754054054054 ], [ 80.319159261318546, 6.36745045045045 ], [ 80.410108916292842, 6.36745045045045 ] ] ] } },
{ "type": "Feature", "properties": { "grid_id": "grid_6_9", "cell_number": 171, "row": 6, "col": 9, "centroid_lat": 6.412495495495496, "centroid_lon": 80.455583743779982, "minlat": 6.3674504504504501, "maxlat": 6.4575405405405402, "minlon": 80.410108916292842, "maxlon": 80.501058571267137, "area_km2": 100.17094817755849, "cell_type": "land" }, "geometry": { "type": "Polygon", "coordinates": [ [ [ 80.501058571267137, 6.36745045045045 ], [ 80.501058571267137, 6.45754054054054 ], [ 80.410108916292842, 6.45754054054054 ], [ 80.410108916292842, 6.36745045045045 ], [ 80.501058571267137, 6.36745045045045 ] ] ] } },
{ "type": "Feature", "properties": { "grid_id": "grid_6_10", "cell_number": 172, "row": 6, "col": 10, "centroid_lat": 6.412495495495496, "centroid_lon": 80.546533398754292, "minlat": 6.3674504504504501, "maxlat": 6.4575405405405402, "minlon": 80.501058571267137, "maxlon": 80.592008226241433, "area_km2": 100.1681951436934, "cell_type": "land" }, "geometry": { "type": "Polygon", "coordinates": [ [ [ 80.592008226241433, 6.36745045045045 ], [ 80.592008226241433, 6.45754054054054 ], [ 80.501058571267137, 6.45754054054054 ], [ 80.501058571267137, 6.36745045045045 ], [ 80.592008226241433, 6.36745045045045 ] ] ] } },
{ "type": "Feature", "properties": { "grid_id": "grid_6_11", "cell_number": 173, "row": 6, "col": 11, "centroid_lat": 6.412495495495496, "centroid_lon": 80.637483053728573, "minlat": 6.3674504504504501, "maxlat": 6.4575405405405402, "minlon": 80.592008226241433, "maxlon": 80.682957881215728, "area_km2": 100.16594402199793, "cell_type": "land" }, "geometry": { "type": "Polygon", "coordinates": [ [ [ 80.682957881215728, 6.36745045045045 ], [ 80.682957881215728, 6.45754054054054 ], [ 80.592008226241433, 6.45754054054054 ], [ 80.592008226241433, 6.36745045045045 ], [ 80.682957881215728, 6.36745045045045 ] ] ] } },
{ "type": "Feature", "properties": { "grid_id": "grid_6_12", "cell_number": 174, "row": 6, "col": 12, "centroid_lat": 6.412495495495496, "centroid_lon": 80.728432708702854, "minlat": 6.3674504504504501, "maxlat": 6.4575405405405402, "minlon": 80.682957881215714, "maxlon": 80.773907536190009, "area_km2": 100.16419476746383, "cell_type": "land" }, "geometry": { "type": "Polygon", "coordinates": [ [ [ 80.773907536190009, 6.36745045045045 ], [ 80.773907536190009, 6.45754054054054 ], [ 80.682957881215714, 6.45754054054054 ], [ 80.682957881215714, 6.36745045045045 ], [ 80.773907536190009, 6.36745045045045 ] ] ] } },
{ "type": "Feature", "properties": { "grid_id": "grid_6_13", "cell_number": 175, "row": 6, "col": 13, "centroid_lat": 6.412495495495496, "centroid_lon": 80.819382363677164, "minlat": 6.3674504504504501, "maxlat": 6.4575405405405402, "minlon": 80.773907536190009, "maxlon": 80.864857191164305, "area_km2": 100.16294734518749, "cell_type": "land" }, "geometry": { "type": "Polygon", "coordinates": [ [ [ 80.864857191164305, 6.36745045045045 ], [ 80.864857191164305, 6.45754054054054 ], [ 80.773907536190009, 6.45754054054054 ], [ 80.773907536190009, 6.36745045045045 ], [ 80.864857191164305, 6.36745045045045 ] ] ] } },
{ "type": "Feature", "properties": { "grid_id": "grid_6_14", "cell_number": 176, "row": 6, "col": 14, "centroid_lat": 6.412495495495496, "centroid_lon": 80.910332018651459, "minlat": 6.3674504504504501, "maxlat": 6.4575405405405402, "minlon": 80.864857191164305, "maxlon": 80.9558068461386, "area_km2": 100.1622017302502, "cell_type": "land" }, "geometry": { "type": "Polygon", "coordinates": [ [ [ 80.9558068461386, 6.36745045045045 ], [ 80.9558068461386, 6.45754054054054 ], [ 80.864857191164305, 6.45754054054054 ], [ 80.864857191164305, 6.36745045045045 ], [ 80.9558068461386, 6.36745045045045 ] ] ] } },
{ "type": "Feature", "properties": { "grid_id": "grid_6_15", "cell_number": 177, "row": 6, "col": 15, "centroid_lat": 6.412495495495496, "centroid_lon": 81.001281673625741, "minlat": 6.3674504504504501, "maxlat": 6.4575405405405402, "minlon": 80.9558068461386, "maxlon": 81.046756501112895, "area_km2": 100.16195790771793, "cell_type": "land" }, "geometry": { "type": "Polygon", "coordinates": [ [ [ 81.046756501112895, 6.36745045045045 ], [ 81.046756501112895, 6.45754054054054 ], [ 80.9558068461386, 6.45754054054054 ], [ 80.9558068461386, 6.36745045045045 ], [ 81.046756501112895, 6.36745045045045 ] ] ] } },
{ "type": "Feature", "properties": { "grid_id": "grid_6_16", "cell_number": 178, "row": 6, "col": 16, "centroid_lat": 6.412495495495496, "centroid_lon": 81.09223132860005, "minlat": 6.3674504504504501, "maxlat": 6.4575405405405402, "minlon": 81.046756501112895, "maxlon": 81.137706156087191, "area_km2": 100.16221587276281, "cell_type": "land" }, "geometry": { "type": "Polygon", "coordinates": [ [ [ 81.137706156087191, 6.36745045045045 ], [ 81.137706156087191, 6.45754054054054 ], [ 81.046756501112895, 6.45754054054054 ], [ 81.046756501112895, 6.36745045045045 ], [ 81.137706156087191, 6.36745045045045 ] ] ] } },
{ "type": "Feature", "properties": { "grid_id": "grid_6_17", "cell_number": 179, "row": 6, "col": 17, "centroid_lat": 6.412495495495496, "centroid_lon": 81.183180983574317, "minlat": 6.3674504504504501, "maxlat": 6.4575405405405402, "minlon": 81.137706156087177, "maxlon": 81.228655811061472, "area_km2": 100.16297563053706, "cell_type": "land" }, "geometry": { "type": "Polygon", "coordinates": [ [ [ 81.228655811061472, 6.36745045045045 ], [ 81.228655811061472, 6.45754054054054 ], [ 81.137706156087177, 6.45754054054054 ], [ 81.137706156087177, 6.36745045045045 ], [ 81.228655811061472, 6.36745045045045 ] ] ] } },
{ "type": "Feature", "properties": { "grid_id": "grid_6_18", "cell_number": 180, "row": 6, "col": 18, "centroid_lat": 6.412495495495496, "centroid_lon": 81.274130638548613, "minlat": 6.3674504504504501, "maxlat": 6.4575405405405402, "minlon": 81.228655811061472, "maxlon": 81.319605466035767, "area_km2": 100.16423719617251, "cell_type": "land" }, "geometry": { "type": "Polygon", "coordinates": [ [ [ 81.319605466035767, 6.36745045045045 ], [ 81.319605466035767, 6.45754054054054 ], [ 81.228655811061472, 6.45754054054054 ], [ 81.228655811061472, 6.36745045045045 ], [ 81.319605466035767, 6.36745045045045 ] ] ] } },
{ "type": "Feature", "properties": { "grid_id": "grid_6_19", "cell_number": 181, "row": 6, "col": 19, "centroid_lat": 6.412495495495496, "centroid_lon": 81.365080293522922, "minlat": 6.3674504504504501, "maxlat": 6.4575405405405402, "minlon": 81.319605466035767, "maxlon": 81.410555121010063, "area_km2": 100.16600059491539, "cell_type": "land" }, "geometry": { "type": "Polygon", "coordinates": [ [ [ 81.410555121010063, 6.36745045045045 ], [ 81.410555121010063, 6.45754054054054 ], [ 81.319605466035767, 6.45754054054054 ], [ 81.319605466035767, 6.36745045045045 ], [ 81.410555121010063, 6.36745045045045 ] ] ] } },
{ "type": "Feature", "properties": { "grid_id": "grid_6_20", "cell_number": 182, "row": 6, "col": 20, "centroid_lat": 6.412495495495496, "centroid_lon": 81.456029948497232, "minlat": 6.3674504504504501, "maxlat": 6.4575405405405402, "minlon": 81.410555121010063, "maxlon": 81.501504775984358, "area_km2": 100.16826586198971, "cell_type": "coastal" }, "geometry": { "type": "Polygon", "coordinates": [ [ [ 81.501504775984358, 6.36745045045045 ], [ 81.501504775984358, 6.45754054054054 ], [ 81.410555121010063, 6.45754054054054 ], [ 81.410555121010063, 6.36745045045045 ], [ 81.501504775984358, 6.36745045045045 ] ] ] } },
{ "type": "Feature", "properties": { "grid_id": "grid_6_21", "cell_number": 183, "row": 6, "col": 21, "centroid_lat": 6.412495495495496, "centroid_lon": 81.546979603471499, "minlat": 6.3674504504504501, "maxlat": 6.4575405405405402, "minlon": 81.501504775984358, "maxlon": 81.592454430958654, "area_km2": 100.17103304260525, "cell_type": "coastal" }, "geometry": { "type": "Polygon", "coordinates": [ [ [ 81.592454430958654, 6.36745045045045 ], [ 81.592454430958654, 6.45754054054054 ], [ 81.501504775984358, 6.45754054054054 ], [ 81.501504775984358, 6.36745045045045 ], [ 81.592454430958654, 6.36745045045045 ] ] ] } },
{ "type": "Feature", "properties": { "grid_id": "grid_6_22", "cell_number": 184, "row": 6, "col": 22, "centroid_lat": 6.412495495495496, "centroid_lon": 81.63792925844578, "minlat": 6.3674504504504501, "maxlat": 6.4575405405405402, "minlon": 81.592454430958639, "maxlon": 81.683404085932935, "area_km2": 100.17430219208369, "cell_type": "coastal" }, "geometry": { "type": "Polygon", "coordinates": [ [ [ 81.683404085932935, 6.36745045045045 ], [ 81.683404085932935, 6.45754054054054 ], [ 81.592454430958639, 6.45754054054054 ], [ 81.592454430958639, 6.36745045045045 ], [ 81.683404085932935, 6.36745045045045 ] ] ] } },
{ "type": "Feature", "properties": { "grid_id": "grid_6_23", "cell_number": 185, "row": 6, "col": 23, "centroid_lat": 6.412495495495496, "centroid_lon": 81.72887891342009, "minlat": 6.3674504504504501, "maxlat": 6.4575405405405402, "minlon": 81.683404085932935, "maxlon": 81.77435374090723, "area_km2": 100.17807337573934, "cell_type": "ocean" }, "geometry": { "type": "Polygon", "coordinates": [ [ [ 81.77435374090723, 6.36745045045045 ], [ 81.77435374090723, 6.45754054054054 ], [ 81.683404085932935, 6.45754054054054 ], [ 81.683404085932935, 6.36745045045045 ], [ 81.77435374090723, 6.36745045045045 ] ] ] } },
{ "type": "Feature", "properties": { "grid_id": "grid_6_24", "cell_number": 186, "row": 6, "col": 24, "centroid_lat": 6.412495495495496, "centroid_lon": 81.819828568394371, "minlat": 6.3674504504504501, "maxlat": 6.4575405405405402, "minlon": 81.77435374090723, "maxlon": 81.865303395881526, "area_km2": 100.18234666887507, "cell_type": "ocean" }, "geometry": { "type": "Polygon", "coordinates": [ [ [ 81.865303395881526, 6.36745045045045 ], [ 81.865303395881526, 6.45754054054054 ], [ 81.77435374090723, 6.45754054054054 ], [ 81.77435374090723, 6.36745045045045 ], [ 81.865303395881526, 6.36745045045045 ] ] ] } },
{ "type": "Feature", "properties": { "grid_id": "grid_6_25", "cell_number": 187, "row": 6, "col": 25, "centroid_lat": 6.412495495495496, "centroid_lon": 81.910778223368695, "minlat": 6.3674504504504501, "maxlat": 6.4575405405405402, "minlon": 81.865303395881526, "maxlon": 81.956253050855821, "area_km2": 100.18712215691332, "cell_type": "ocean" }, "geometry": { "type": "Polygon", "coordinates": [ [ [ 81.956253050855821, 6.36745045045045 ], [ 81.956253050855821, 6.45754054054054 ], [ 81.865303395881526, 6.45754054054054 ], [ 81.865303395881526, 6.36745045045045 ], [ 81.956253050855821, 6.36745045045045 ] ] ] } },
{ "type": "Feature", "properties": { "grid_id": "grid_6_26", "cell_number": 188, "row": 6, "col": 26, "centroid_lat": 6.412495495495496, "centroid_lon": 82.001727878342962, "minlat": 6.3674504504504501, "maxlat": 6.4575405405405402, "minlon": 81.956253050855821, "maxlon": 82.047202705830117, "area_km2": 100.19239993527776, "cell_type": "ocean" }, "geometry": { "type": "Polygon", "coordinates": [ [ [ 82.047202705830117, 6.36745045045045 ], [ 82.047202705830117, 6.45754054054054 ], [ 81.956253050855821, 6.45754054054054 ], [ 81.956253050855821, 6.36745045045045 ], [ 82.047202705830117, 6.36745045045045 ] ] ] } },
{ "type": "Feature", "properties": { "grid_id": "grid_7_0", "cell_number": 189, "row": 7, "col": 0, "centroid_lat": 6.5025855855855861, "centroid_lon": 79.637036849011366, "minlat": 6.4575405405405402, "maxlat": 6.5476306306306302, "minlon": 79.591562021524211, "maxlon": 79.682511676498507, "area_km2": 100.20094107196793, "cell_type": "ocean" }, "geometry": { "type": "Polygon", "coordinates": [ [ [ 79.682511676498507, 6.45754054054054 ], [ 79.682511676498507, 6.54763063063063 ], [ 79.591562021524211, 6.54763063063063 ], [ 79.591562021524211, 6.45754054054054 ], [ 79.682511676498507, 6.45754054054054 ] ] ] } },
{ "type": "Feature", "properties": { "grid_id": "grid_7_1", "cell_number": 190, "row": 7, "col": 1, "centroid_lat": 6.5025855855855861, "centroid_lon": 79.727986503985662, "minlat": 6.4575405405405402, "maxlat": 6.5476306306306302, "minlon": 79.682511676498507, "maxlon": 79.773461331472802, "area_km2": 100.19367101762882, "cell_type": "ocean" }, "geometry": { "type": "Polygon", "coordinates": [ [ [ 79.773461331472802, 6.45754054054054 ], [ 79.773461331472802, 6.54763063063063 ], [ 79.682511676498507, 6.54763063063063 ], [ 79.682511676498507, 6.45754054054054 ], [ 79.773461331472802, 6.45754054054054 ] ] ] } },
{ "type": "Feature", "properties": { "grid_id": "grid_7_2", "cell_number": 191, "row": 7, "col": 2, "centroid_lat": 6.5025855855855861, "centroid_lon": 79.818936158959943, "minlat": 6.4575405405405402, "maxlat": 6.5476306306306302, "minlon": 79.773461331472802, "maxlon": 79.864410986447098, "area_km2": 100.18690346412393, "cell_type": "ocean" }, "geometry": { "type": "Polygon", "coordinates": [ [ [ 79.864410986447098, 6.45754054054054 ], [ 79.864410986447098, 6.54763063063063 ], [ 79.773461331472802, 6.54763063063063 ], [ 79.773461331472802, 6.45754054054054 ], [ 79.864410986447098, 6.45754054054054 ] ] ] } },
{ "type": "Feature", "properties": { "grid_id": "grid_7_3", "cell_number": 192, "row": 7, "col": 3, "centroid_lat": 6.5025855855855861, "centroid_lon": 79.909885813934224, "minlat": 6.4575405405405402, "maxlat": 6.5476306306306302, "minlon": 79.864410986447083, "maxlon": 79.955360641421379, "area_km2": 100.1806382762079, "cell_type": "ocean" }, "geometry": { "type": "Polygon", "coordinates": [ [ [ 79.955360641421379, 6.45754054054054 ], [ 79.955360641421379, 6.54763063063063 ], [ 79.864410986447083, 6.54763063063063 ], [ 79.864410986447083, 6.45754054054054 ], [ 79.955360641421379, 6.45754054054054 ] ] ] } },
{ "type": "Feature", "properties": { "grid_id": "grid_7_4", "cell_number": 193, "row": 7, "col": 4, "centroid_lat": 6.5025855855855861, "centroid_lon": 80.000835468908519, "minlat": 6.4575405405405402, "maxlat": 6.5476306306306302, "minlon": 79.955360641421379, "maxlon": 80.046310296395674, "area_km2": 100.1748753287758, "cell_type": "coastal" }, "geometry": { "type": "Polygon", "coordinates": [ [ [ 80.046310296395674, 6.45754054054054 ], [ 80.046310296395674, 6.54763063063063 ], [ 79.955360641421379, 6.54763063063063 ], [ 79.955360641421379, 6.45754054054054 ], [ 80.046310296395674, 6.45754054054054 ] ] ] } },
{ "type": "Feature", "properties": { "grid_id": "grid_7_5", "cell_number": 194, "row": 7, "col": 5, "centroid_lat": 6.5025855855855861, "centroid_lon": 80.091785123882829, "minlat": 6.4575405405405402, "maxlat": 6.5476306306306302, "minlon": 80.046310296395674, "maxlon": 80.13725995136997, "area_km2": 100.16961450671906, "cell_type": "coastal" }, "geometry": { "type": "Polygon", "coordinates": [ [ [ 80.13725995136997, 6.45754054054054 ], [ 80.13725995136997, 6.54763063063063 ], [ 80.046310296395674, 6.54763063063063 ], [ 80.046310296395674, 6.45754054054054 ], [ 80.13725995136997, 6.45754054054054 ] ] ] } },
{ "type": "Feature", "properties": { "grid_id": "grid_7_6", "cell_number": 195, "row": 7, "col": 6, "centroid_lat": 6.5025855855855861, "centroid_lon": 80.18273477885711, "minlat": 6.4575405405405402, "maxlat": 6.5476306306306302, "minlon": 80.13725995136997, "maxlon": 80.228209606344265, "area_km2": 100.16485570492286, "cell_type": "land" }, "geometry": { "type": "Polygon", "coordinates": [ [ [ 80.228209606344265, 6.45754054054054 ], [ 80.228209606344265, 6.54763063063063 ], [ 80.13725995136997, 6.54763063063063 ], [ 80.13725995136997, 6.45754054054054 ], [ 80.228209606344265, 6.45754054054054 ] ] ] } },
{ "type": "Feature", "properties": { "grid_id": "grid_7_7", "cell_number": 196, "row": 7, "col": 7, "centroid_lat": 6.5025855855855861, "centroid_lon": 80.273684433831406, "minlat": 6.4575405405405402, "maxlat": 6.5476306306306302, "minlon": 80.228209606344265, "maxlon": 80.319159261318561, "area_km2": 100.16059882839295, "cell_type": "land" }, "geometry": { "type": "Polygon", "coordinates": [ [ [ 80.319159261318561, 6.45754054054054 ], [ 80.319159261318561, 6.54763063063063 ], [ 80.228209606344265, 6.54763063063063 ], [ 80.228209606344265, 6.45754054054054 ], [ 80.319159261318561, 6.45754054054054 ] ] ] } },
{ "type": "Feature", "properties": { "grid_id": "grid_7_8", "cell_number": 197, "row": 7, "col": 8, "centroid_lat": 6.5025855855855861, "centroid_lon": 80.364634088805687, "minlat": 6.4575405405405402, "maxlat": 6.5476306306306302, "minlon": 80.319159261318546, "maxlon": 80.410108916292842, "area_km2": 100.15684379212065, "cell_type": "land" }, "geometry": { "type": "Polygon", "coordinates": [ [ [ 80.410108916292842, 6.45754054054054 ], [ 80.410108916292842, 6.54763063063063 ], [ 80.319159261318546, 6.54763063063063 ], [ 80.319159261318546, 6.45754054054054 ], [ 80.410108916292842, 6.45754054054054 ] ] ] } },
{ "type": "Feature", "properties": { "grid_id": "grid_7_9", "cell_number": 198, "row": 7, "col": 9, "centroid_lat": 6.5025855855855861, "centroid_lon": 80.455583743779982, "minlat": 6.4575405405405402, "maxlat": 6.5476306306306302, "minlon": 80.410108916292842, "maxlon": 80.501058571267137, "area_km2": 100.15359052108428, "cell_type": "land" }, "geometry": { "type": "Polygon", "coordinates": [ [ [ 80.501058571267137, 6.45754054054054 ], [ 80.501058571267137, 6.54763063063063 ], [ 80.410108916292842, 6.54763063063063 ], [ 80.410108916292842, 6.45754054054054 ], [ 80.501058571267137, 6.45754054054054 ] ] ] } },
{ "type": "Feature", "properties": { "grid_id": "grid_7_10", "cell_number": 199, "row": 7, "col": 10, "centroid_lat": 6.5025855855855861, "centroid_lon": 80.546533398754292, "minlat": 6.4575405405405402, "maxlat": 6.5476306306306302, "minlon": 80.501058571267137, "maxlon": 80.592008226241433, "area_km2": 100.15083895036939, "cell_type": "land" }, "geometry": { "type": "Polygon", "coordinates": [ [ [ 80.592008226241433, 6.45754054054054 ], [ 80.592008226241433, 6.54763063063063 ], [ 80.501058571267137, 6.54763063063063 ], [ 80.501058571267137, 6.45754054054054 ], [ 80.592008226241433, 6.45754054054054 ] ] ] } },
{ "type": "Feature", "properties": { "grid_id": "grid_7_11", "cell_number": 200, "row": 7, "col": 11, "centroid_lat": 6.5025855855855861, "centroid_lon": 80.637483053728573, "minlat": 6.4575405405405402, "maxlat": 6.5476306306306302, "minlon": 80.592008226241433, "maxlon": 80.682957881215728, "area_km2": 100.14858902503219, "cell_type": "land" }, "geometry": { "type": "Polygon", "coordinates": [ [ [ 80.682957881215728, 6.45754054054054 ], [ 80.682957881215728, 6.54763063063063 ], [ 80.592008226241433, 6.54763063063063 ], [ 80.592008226241433, 6.45754054054054 ], [ 80.682957881215728, 6.45754054054054 ] ] ] } },
{ "type": "Feature", "properties": { "grid_id": "grid_7_12", "cell_number": 201, "row": 7, "col": 12, "centroid_lat": 6.5025855855855861, "centroid_lon": 80.728432708702854, "minlat": 6.4575405405405402, "maxlat": 6.5476306306306302, "minlon": 80.682957881215714, "maxlon": 80.773907536190009, "area_km2": 100.14684070011198, "cell_type": "land" }, "geometry": { "type": "Polygon", "coordinates": [ [ [ 80.773907536190009, 6.45754054054054 ], [ 80.773907536190009, 6.54763063063063 ], [ 80.682957881215714, 6.54763063063063 ], [ 80.682957881215714, 6.45754054054054 ], [ 80.773907536190009, 6.45754054054054 ] ] ] } },
{ "type": "Feature", "properties": { "grid_id": "grid_7_13", "cell_number": 202, "row": 7, "col": 13, "centroid_lat": 6.5025855855855861, "centroid_lon": 80.819382363677164, "minlat": 6.4575405405405402, "maxlat": 6.5476306306306302, "minlon": 80.773907536190009, "maxlon": 80.864857191164305, "area_km2": 100.14559394074389, "cell_type": "land" }, "geometry": { "type": "Polygon", "coordinates": [ [ [ 80.864857191164305, 6.45754054054054 ], [ 80.864857191164305, 6.54763063063063 ], [ 80.773907536190009, 6.54763063063063 ], [ 80.773907536190009, 6.45754054054054 ], [ 80.864857191164305, 6.45754054054054 ] ] ] } },
{ "type": "Feature", "properties": { "grid_id": "grid_7_14", "cell_number": 203, "row": 7, "col": 14, "centroid_lat": 6.5025855855855861, "centroid_lon": 80.910332018651459, "minlat": 6.4575405405405402, "maxlat": 6.5476306306306302, "minlon": 80.864857191164305, "maxlon": 80.9558068461386, "area_km2": 100.14484872204173, "cell_type": "land" }, "geometry": { "type": "Polygon", "coordinates": [ [ [ 80.9558068461386, 6.45754054054054 ], [ 80.9558068461386, 6.54763063063063 ], [ 80.864857191164305, 6.54763063063063 ], [ 80.864857191164305, 6.45754054054054 ], [ 80.9558068461386, 6.45754054054054 ] ] ] } },
{ "type": "Feature", "properties": { "grid_id": "grid_7_15", "cell_number": 204, "row": 7, "col": 15, "centroid_lat": 6.5025855855855861, "centroid_lon": 81.001281673625741, "minlat": 6.4575405405405402, "maxlat": 6.5476306306306302, "minlon": 80.9558068461386, "maxlon": 81.046756501112895, "area_km2": 100.14460502908004, "cell_type": "land" }, "geometry": { "type": "Polygon", "coordinates": [ [ [ 81.046756501112895, 6.45754054054054 ], [ 81.046756501112895, 6.54763063063063 ], [ 80.9558068461386, 6.54763063063063 ], [ 80.9558068461386, 6.45754054054054 ], [ 81.046756501112895, 6.45754054054054 ] ] ] } },
{ "type": "Feature", "properties": { "grid_id": "grid_7_16", "cell_number": 205, "row": 7, "col": 16, "centroid_lat": 6.5025855855855861, "centroid_lon": 81.09223132860005, "minlat": 6.4575405405405402, "maxlat": 6.5476306306306302, "minlon": 81.046756501112895, "maxlon": 81.137706156087191, "area_km2": 100.14486285703711, "cell_type": "land" }, "geometry": { "type": "Polygon", "coordinates": [ [ [ 81.137706156087191, 6.45754054054054 ], [ 81.137706156087191, 6.54763063063063 ], [ 81.046756501112895, 6.54763063063063 ], [ 81.046756501112895, 6.45754054054054 ], [ 81.137706156087191, 6.45754054054054 ] ] ] } },
{ "type": "Feature", "properties": { "grid_id": "grid_7_17", "cell_number": 206, "row": 7, "col": 17, "centroid_lat": 6.5025855855855861, "centroid_lon": 81.183180983574317, "minlat": 6.4575405405405402, "maxlat": 6.5476306306306302, "minlon": 81.137706156087177, "maxlon": 81.228655811061472, "area_km2": 100.14562221106317, "cell_type": "land" }, "geometry": { "type": "Polygon", "coordinates": [ [ [ 81.228655811061472, 6.45754054054054 ], [ 81.228655811061472, 6.54763063063063 ], [ 81.137706156087177, 6.54763063063063 ], [ 81.137706156087177, 6.45754054054054 ], [ 81.228655811061472, 6.45754054054054 ] ] ] } },
{ "type": "Feature", "properties": { "grid_id": "grid_7_18", "cell_number": 207, "row": 7, "col": 18, "centroid_lat": 6.5025855855855861, "centroid_lon": 81.274130638548613, "minlat": 6.4575405405405402, "maxlat": 6.5476306306306302, "minlon": 81.228655811061472, "maxlon": 81.319605466035767, "area_km2": 100.14688310627244, "cell_type": "land" }, "geometry": { "type": "Polygon", "coordinates": [ [ [ 81.319605466035767, 6.45754054054054 ], [ 81.319605466035767, 6.54763063063063 ], [ 81.228655811061472, 6.54763063063063 ], [ 81.228655811061472, 6.45754054054054 ], [ 81.319605466035767, 6.45754054054054 ] ] ] } },
{ "type": "Feature", "properties": { "grid_id": "grid_7_19", "cell_number": 208, "row": 7, "col": 19, "centroid_lat": 6.5025855855855861, "centroid_lon": 81.365080293522922, "minlat": 6.4575405405405402, "maxlat": 6.5476306306306302, "minlon": 81.319605466035767, "maxlon": 81.410555121010063, "area_km2": 100.14864556788373, "cell_type": "land" }, "geometry": { "type": "Polygon", "coordinates": [ [ [ 81.410555121010063, 6.45754054054054 ], [ 81.410555121010063, 6.54763063063063 ], [ 81.319605466035767, 6.54763063063063 ], [ 81.319605466035767, 6.45754054054054 ], [ 81.410555121010063, 6.45754054054054 ] ] ] } },
{ "type": "Feature", "properties": { "grid_id": "grid_7_20", "cell_number": 209, "row": 7, "col": 20, "centroid_lat": 6.5025855855855861, "centroid_lon": 81.456029948497232, "minlat": 6.4575405405405402, "maxlat": 6.5476306306306302, "minlon": 81.410555121010063, "maxlon": 81.501504775984358, "area_km2": 100.15090963108085, "cell_type": "land" }, "geometry": { "type": "Polygon", "coordinates": [ [ [ 81.501504775984358, 6.45754054054054 ], [ 81.501504775984358, 6.54763063063063 ], [ 81.410555121010063, 6.54763063063063 ], [ 81.410555121010063, 6.45754054054054 ], [ 81.501504775984358, 6.45754054054054 ] ] ] } },
{ "type": "Feature", "properties": { "grid_id": "grid_7_21", "cell_number": 210, "row": 7, "col": 21, "centroid_lat": 6.5025855855855861, "centroid_lon": 81.546979603471499, "minlat": 6.4575405405405402, "maxlat": 6.5476306306306302, "minlon": 81.501504775984358, "maxlon": 81.592454430958654, "area_km2": 100.15367534102907, "cell_type": "land" }, "geometry": { "type": "Polygon", "coordinates": [ [ [ 81.592454430958654, 6.45754054054054 ], [ 81.592454430958654, 6.54763063063063 ], [ 81.501504775984358, 6.54763063063063 ], [ 81.501504775984358, 6.45754054054054 ], [ 81.592454430958654, 6.45754054054054 ] ] ] } },
{ "type": "Feature", "properties": { "grid_id": "grid_7_22", "cell_number": 211, "row": 7, "col": 22, "centroid_lat": 6.5025855855855861, "centroid_lon": 81.63792925844578, "minlat": 6.4575405405405402, "maxlat": 6.5476306306306302, "minlon": 81.592454430958639, "maxlon": 81.683404085932935, "area_km2": 100.1569427529903, "cell_type": "coastal" }, "geometry": { "type": "Polygon", "coordinates": [ [ [ 81.683404085932935, 6.45754054054054 ], [ 81.683404085932935, 6.54763063063063 ], [ 81.592454430958639, 6.54763063063063 ], [ 81.592454430958639, 6.45754054054054 ], [ 81.683404085932935, 6.45754054054054 ] ] ] } },
{ "type": "Feature", "properties": { "grid_id": "grid_7_23", "cell_number": 212, "row": 7, "col": 23, "centroid_lat": 6.5025855855855861, "centroid_lon": 81.72887891342009, "minlat": 6.4575405405405402, "maxlat": 6.5476306306306302, "minlon": 81.683404085932935, "maxlon": 81.77435374090723, "area_km2": 100.16071193220156, "cell_type": "ocean" }, "geometry": { "type": "Polygon", "coordinates": [ [ [ 81.77435374090723, 6.45754054054054 ], [ 81.77435374090723, 6.54763063063063 ], [ 81.683404085932935, 6.54763063063063 ], [ 81.683404085932935, 6.45754054054054 ], [ 81.77435374090723, 6.45754054054054 ] ] ] } },
{ "type": "Feature", "properties": { "grid_id": "grid_7_24", "cell_number": 213, "row": 7, "col": 24, "centroid_lat": 6.5025855855855861, "centroid_lon": 81.819828568394371, "minlat": 6.4575405405405402, "maxlat": 6.5476306306306302, "minlon": 81.77435374090723, "maxlon": 81.865303395881526, "area_km2": 100.16498295389066, "cell_type": "ocean" }, "geometry": { "type": "Polygon", "coordinates": [ [ [ 81.865303395881526, 6.45754054054054 ], [ 81.865303395881526, 6.54763063063063 ], [ 81.77435374090723, 6.54763063063063 ], [ 81.77435374090723, 6.45754054054054 ], [ 81.865303395881526, 6.45754054054054 ] ] ] } },
{ "type": "Feature", "properties": { "grid_id": "grid_7_25", "cell_number": 214, "row": 7, "col": 25, "centroid_lat": 6.5025855855855861, "centroid_lon": 81.910778223368695, "minlat": 6.4575405405405402, "maxlat": 6.5476306306306302, "minlon": 81.865303395881526, "maxlon": 81.956253050855821, "area_km2": 100.16975590338568, "cell_type": "ocean" }, "geometry": { "type": "Polygon", "coordinates": [ [ [ 81.956253050855821, 6.45754054054054 ], [ 81.956253050855821, 6.54763063063063 ], [ 81.865303395881526, 6.54763063063063 ], [ 81.865303395881526, 6.45754054054054 ], [ 81.956253050855821, 6.45754054054054 ] ] ] } },
{ "type": "Feature", "properties": { "grid_id": "grid_7_26", "cell_number": 215, "row": 7, "col": 26, "centroid_lat": 6.5025855855855861, "centroid_lon": 82.001727878342962, "minlat": 6.4575405405405402, "maxlat": 6.5476306306306302, "minlon": 81.956253050855821, "maxlon": 82.047202705830117, "area_km2": 100.17503087600834, "cell_type": "ocean" }, "geometry": { "type": "Polygon", "coordinates": [ [ [ 82.047202705830117, 6.45754054054054 ], [ 82.047202705830117, 6.54763063063063 ], [ 81.956253050855821, 6.54763063063063 ], [ 81.956253050855821, 6.45754054054054 ], [ 82.047202705830117, 6.45754054054054 ] ] ] } },
{ "type": "Feature", "properties": { "grid_id": "grid_8_0", "cell_number": 216, "row": 8, "col": 0, "centroid_lat": 6.5926756756756761, "centroid_lon": 79.637036849011366, "minlat": 6.5476306306306302, "maxlat": 6.6377207207207203, "minlon": 79.591562021524211, "maxlon": 79.682511676498507, "area_km2": 100.18331652424642, "cell_type": "ocean" }, "geometry": { "type": "Polygon", "coordinates": [ [ [ 79.682511676498507, 6.54763063063063 ], [ 79.682511676498507, 6.63772072072072 ], [ 79.591562021524211, 6.63772072072072 ], [ 79.591562021524211, 6.54763063063063 ], [ 79.682511676498507, 6.54763063063063 ] ] ] } },
{ "type": "Feature", "properties": { "grid_id": "grid_8_1", "cell_number": 217, "row": 8, "col": 1, "centroid_lat": 6.5926756756756761, "centroid_lon": 79.727986503985662, "minlat": 6.5476306306306302, "maxlat": 6.6377207207207203, "minlon": 79.682511676498507, "maxlon": 79.773461331472802, "area_km2": 100.17605039048007, "cell_type": "ocean" }, "geometry": { "type": "Polygon", "coordinates": [ [ [ 79.773461331472802, 6.54763063063063 ], [ 79.773461331472802, 6.63772072072072 ], [ 79.682511676498507, 6.63772072072072 ], [ 79.682511676498507, 6.54763063063063 ], [ 79.773461331472802, 6.54763063063063 ] ] ] } },
{ "type": "Feature", "properties": { "grid_id": "grid_8_2", "cell_number": 218, "row": 8, "col": 2, "centroid_lat": 6.5926756756756761, "centroid_lon": 79.818936158959943, "minlat": 6.5476306306306302, "maxlat": 6.6377207207207203, "minlon": 79.773461331472802, "maxlon": 79.864410986447098, "area_km2": 100.16928648620843, "cell_type": "ocean" }, "geometry": { "type": "Polygon", "coordinates": [ [ [ 79.864410986447098, 6.54763063063063 ], [ 79.864410986447098, 6.63772072072072 ], [ 79.773461331472802, 6.63772072072072 ], [ 79.773461331472802, 6.54763063063063 ], [ 79.864410986447098, 6.54763063063063 ] ] ] } },
{ "type": "Feature", "properties": { "grid_id": "grid_8_3", "cell_number": 219, "row": 8, "col": 3, "centroid_lat": 6.5926756756756761, "centroid_lon": 79.909885813934224, "minlat": 6.5476306306306302, "maxlat": 6.6377207207207203, "minlon": 79.864410986447083, "maxlon": 79.955360641421379, "area_km2": 100.16302467634088, "cell_type": "coastal" }, "geometry": { "type": "Polygon", "coordinates": [ [ [ 79.955360641421379, 6.54763063063063 ], [ 79.955360641421379, 6.63772072072072 ], [ 79.864410986447083, 6.63772072072072 ], [ 79.864410986447083, 6.54763063063063 ], [ 79.955360641421379, 6.54763063063063 ] ] ] } },
{ "type": "Feature", "properties": { "grid_id": "grid_8_4", "cell_number": 220, "row": 8, "col": 4, "centroid_lat": 6.5926756756756761, "centroid_lon": 80.000835468908519, "minlat": 6.5476306306306302, "maxlat": 6.6377207207207203, "minlon": 79.955360641421379, "maxlon": 80.046310296395674, "area_km2": 100.15726483590549, "cell_type": "coastal" }, "geometry": { "type": "Polygon", "coordinates": [ [ [ 80.046310296395674, 6.54763063063063 ], [ 80.046310296395674, 6.63772072072072 ], [ 79.955360641421379, 6.63772072072072 ], [ 79.955360641421379, 6.54763063063063 ], [ 80.046310296395674, 6.54763063063063 ] ] ] } },
{ "type": "Feature", "properties": { "grid_id": "grid_8_5", "cell_number": 221, "row": 8, "col": 5, "centroid_lat": 6.5926756756756761, "centroid_lon": 80.091785123882829, "minlat": 6.5476306306306302, "maxlat": 6.6377207207207203, "minlon": 80.046310296395674, "maxlon": 80.13725995136997, "area_km2": 100.15200684991801, "cell_type": "land" }, "geometry": { "type": "Polygon", "coordinates": [ [ [ 80.13725995136997, 6.54763063063063 ], [ 80.13725995136997, 6.63772072072072 ], [ 80.046310296395674, 6.63772072072072 ], [ 80.046310296395674, 6.54763063063063 ], [ 80.13725995136997, 6.54763063063063 ] ] ] } },
{ "type": "Feature", "properties": { "grid_id": "grid_8_6", "cell_number": 222, "row": 8, "col": 6, "centroid_lat": 6.5926756756756761, "centroid_lon": 80.18273477885711, "minlat": 6.5476306306306302, "maxlat": 6.6377207207207203, "minlon": 80.13725995136997, "maxlon": 80.228209606344265, "area_km2": 100.14725061338147, "cell_type": "land" }, "geometry": { "type": "Polygon", "coordinates": [ [ [ 80.228209606344265, 6.54763063063063 ], [ 80.228209606344265, 6.63772072072072 ], [ 80.13725995136997, 6.63772072072072 ], [ 80.13725995136997, 6.54763063063063 ], [ 80.228209606344265, 6.54763063063063 ] ] ] } },
{ "type": "Feature", "properties": { "grid_id": "grid_8_7", "cell_number": 223, "row": 8, "col": 7, "centroid_lat": 6.5926756756756761, "centroid_lon": 80.273684433831406, "minlat": 6.5476306306306302, "maxlat": 6.6377207207207203, "minlon": 80.228209606344265, "maxlon": 80.319159261318561, "area_km2": 100.14299603140515, "cell_type": "land" }, "geometry": { "type": "Polygon", "coordinates": [ [ [ 80.319159261318561, 6.54763063063063 ], [ 80.319159261318561, 6.63772072072072 ], [ 80.228209606344265, 6.63772072072072 ], [ 80.228209606344265, 6.54763063063063 ], [ 80.319159261318561, 6.54763063063063 ] ] ] } },
{ "type": "Feature", "properties": { "grid_id": "grid_8_8", "cell_number": 224, "row": 8, "col": 8, "centroid_lat": 6.5926756756756761, "centroid_lon": 80.364634088805687, "minlat": 6.5476306306306302, "maxlat": 6.6377207207207203, "minlon": 80.319159261318546, "maxlon": 80.410108916292842, "area_km2": 100.1392430190742, "cell_type": "land" }, "geometry": { "type": "Polygon", "coordinates": [ [ [ 80.410108916292842, 6.54763063063063 ], [ 80.410108916292842, 6.63772072072072 ], [ 80.319159261318546, 6.63772072072072 ], [ 80.319159261318546, 6.54763063063063 ], [ 80.410108916292842, 6.54763063063063 ] ] ] } },
{ "type": "Feature", "properties": { "grid_id": "grid_8_9", "cell_number": 225, "row": 8, "col": 9, "centroid_lat": 6.5926756756756761, "centroid_lon": 80.455583743779982, "minlat": 6.5476306306306302, "maxlat": 6.6377207207207203, "minlon": 80.410108916292842, "maxlon": 80.501058571267137, "area_km2": 100.1359915014454, "cell_type": "land" }, "geometry": { "type": "Polygon", "coordinates": [ [ [ 80.501058571267137, 6.54763063063063 ], [ 80.501058571267137, 6.63772072072072 ], [ 80.410108916292842, 6.63772072072072 ], [ 80.410108916292842, 6.54763063063063 ], [ 80.501058571267137, 6.54763063063063 ] ] ] } },
{ "type": "Feature", "properties": { "grid_id": "grid_8_10", "cell_number": 226, "row": 8, "col": 10, "centroid_lat": 6.5926756756756761, "centroid_lon": 80.546533398754292, "minlat": 6.5476306306306302, "maxlat": 6.6377207207207203, "minlon": 80.501058571267137, "maxlon": 80.592008226241433, "area_km2": 100.13324141367471, "cell_type": "land" }, "geometry": { "type": "Polygon", "coordinates": [ [ [ 80.592008226241433, 6.54763063063063 ], [ 80.592008226241433, 6.63772072072072 ], [ 80.501058571267137, 6.63772072072072 ], [ 80.501058571267137, 6.54763063063063 ], [ 80.592008226241433, 6.54763063063063 ] ] ] } },
{ "type": "Feature", "properties": { "grid_id": "grid_8_11", "cell_number": 227, "row": 8, "col": 11, "centroid_lat": 6.5926756756756761, "centroid_lon": 80.637483053728573, "minlat": 6.5476306306306302, "maxlat": 6.6377207207207203, "minlon": 80.592008226241433, "maxlon": 80.682957881215728, "area_km2": 100.13099270088389, "cell_type": "land" }, "geometry": { "type": "Polygon", "coordinates": [ [ [ 80.682957881215728, 6.54763063063063 ], [ 80.682957881215728, 6.63772072072072 ], [ 80.592008226241433, 6.63772072072072 ], [ 80.592008226241433, 6.54763063063063 ], [ 80.682957881215728, 6.54763063063063 ] ] ] } },
{ "type": "Feature", "properties": { "grid_id": "grid_8_12", "cell_number": 228, "row": 8, "col": 12, "centroid_lat": 6.5926756756756761, "centroid_lon": 80.728432708702854, "minlat": 6.5476306306306302, "maxlat": 6.6377207207207203, "minlon": 80.682957881215714, "maxlon": 80.773907536190009, "area_km2": 100.12924531815793, "cell_type": "land" }, "geometry": { "type": "Polygon", "coordinates": [ [ [ 80.773907536190009, 6.54763063063063 ], [ 80.773907536190009, 6.63772072072072 ], [ 80.682957881215714, 6.63772072072072 ], [ 80.682957881215714, 6.54763063063063 ], [ 80.773907536190009, 6.54763063063063 ] ] ] } },
{ "type": "Feature", "properties": { "grid_id": "grid_8_13", "cell_number": 229, "row": 8, "col": 13, "centroid_lat": 6.5926756756756761, "centroid_lon": 80.819382363677164, "minlat": 6.5476306306306302, "maxlat": 6.6377207207207203, "minlon": 80.773907536190009, "maxlon": 80.864857191164305, "area_km2": 100.12799923067195, "cell_type": "land" }, "geometry": { "type": "Polygon", "coordinates": [ [ [ 80.864857191164305, 6.54763063063063 ], [ 80.864857191164305, 6.63772072072072 ], [ 80.773907536190009, 6.63772072072072 ], [ 80.773907536190009, 6.54763063063063 ], [ 80.864857191164305, 6.54763063063063 ] ] ] } },
{ "type": "Feature", "properties": { "grid_id": "grid_8_14", "cell_number": 230, "row": 8, "col": 14, "centroid_lat": 6.5926756756756761, "centroid_lon": 80.910332018651459, "minlat": 6.5476306306306302, "maxlat": 6.6377207207207203, "minlon": 80.864857191164305, "maxlon": 80.9558068461386, "area_km2": 100.12725441356176, "cell_type": "land" }, "geometry": { "type": "Polygon", "coordinates": [ [ [ 80.9558068461386, 6.54763063063063 ], [ 80.9558068461386, 6.63772072072072 ], [ 80.864857191164305, 6.63772072072072 ], [ 80.864857191164305, 6.54763063063063 ], [ 80.9558068461386, 6.54763063063063 ] ] ] } },
{ "type": "Feature", "properties": { "grid_id": "grid_8_15", "cell_number": 231, "row": 8, "col": 15, "centroid_lat": 6.5926756756756761, "centroid_lon": 81.001281673625741, "minlat": 6.5476306306306302, "maxlat": 6.6377207207207203, "minlon": 80.9558068461386, "maxlon": 81.046756501112895, "area_km2": 100.12701085192445, "cell_type": "land" }, "geometry": { "type": "Polygon", "coordinates": [ [ [ 81.046756501112895, 6.54763063063063 ], [ 81.046756501112895, 6.63772072072072 ], [ 80.9558068461386, 6.63772072072072 ], [ 80.9558068461386, 6.54763063063063 ], [ 81.046756501112895, 6.54763063063063 ] ] ] } },
{ "type": "Feature", "properties": { "grid_id": "grid_8_16", "cell_number": 232, "row": 8, "col": 16, "centroid_lat": 6.5926756756756761, "centroid_lon": 81.09223132860005, "minlat": 6.5476306306306302, "maxlat": 6.6377207207207203, "minlon": 81.046756501112895, "maxlon": 81.137706156087191, "area_km2": 100.12726854094217, "cell_type": "land" }, "geometry": { "type": "Polygon", "coordinates": [ [ [ 81.137706156087191, 6.54763063063063 ], [ 81.137706156087191, 6.63772072072072 ], [ 81.046756501112895, 6.63772072072072 ], [ 81.046756501112895, 6.54763063063063 ], [ 81.137706156087191, 6.54763063063063 ] ] ] } },
{ "type": "Feature", "properties": { "grid_id": "grid_8_17", "cell_number": 233, "row": 8, "col": 17, "centroid_lat": 6.5926756756756761, "centroid_lon": 81.183180983574317, "minlat": 6.5476306306306302, "maxlat": 6.6377207207207203, "minlon": 81.137706156087177, "maxlon": 81.228655811061472, "area_km2": 100.12802748575606, "cell_type": "land" }, "geometry": { "type": "Polygon", "coordinates": [ [ [ 81.228655811061472, 6.54763063063063 ], [ 81.228655811061472, 6.63772072072072 ], [ 81.137706156087177, 6.63772072072072 ], [ 81.137706156087177, 6.54763063063063 ], [ 81.228655811061472, 6.54763063063063 ] ] ] } },
{ "type": "Feature", "properties": { "grid_id": "grid_8_18", "cell_number": 234, "row": 8, "col": 18, "centroid_lat": 6.5926756756756761, "centroid_lon": 81.274130638548613, "minlat": 6.5476306306306302, "maxlat": 6.6377207207207203, "minlon": 81.228655811061472, "maxlon": 81.319605466035767, "area_km2": 100.12928770146699, "cell_type": "land" }, "geometry": { "type": "Polygon", "coordinates": [ [ [ 81.319605466035767, 6.54763063063063 ], [ 81.319605466035767, 6.63772072072072 ], [ 81.228655811061472, 6.63772072072072 ], [ 81.228655811061472, 6.54763063063063 ], [ 81.319605466035767, 6.54763063063063 ] ] ] } },
{ "type": "Feature", "properties": { "grid_id": "grid_8_19", "cell_number": 235, "row": 8, "col": 19, "centroid_lat": 6.5926756756756761, "centroid_lon": 81.365080293522922, "minlat": 6.5476306306306302, "maxlat": 6.6377207207207203, "minlon": 81.319605466035767, "maxlon": 81.410555121010063, "area_km2": 100.13104921326449, "cell_type": "land" }, "geometry": { "type": "Polygon", "coordinates": [ [ [ 81.410555121010063, 6.54763063063063 ], [ 81.410555121010063, 6.63772072072072 ], [ 81.319605466035767, 6.63772072072072 ], [ 81.319605466035767, 6.54763063063063 ], [ 81.410555121010063, 6.54763063063063 ] ] ] } },
{ "type": "Feature", "properties": { "grid_id": "grid_8_20", "cell_number": 236, "row": 8, "col": 20, "centroid_lat": 6.5926756756756761, "centroid_lon": 81.456029948497232, "minlat": 6.5476306306306302, "maxlat": 6.6377207207207203, "minlon": 81.410555121010063, "maxlon": 81.501504775984358, "area_km2": 100.13331205629713, "cell_type": "land" }, "geometry": { "type": "Polygon", "coordinates": [ [ [ 81.501504775984358, 6.54763063063063 ], [ 81.501504775984358, 6.63772072072072 ], [ 81.410555121010063, 6.63772072072072 ], [ 81.410555121010063, 6.54763063063063 ], [ 81.501504775984358, 6.54763063063063 ] ] ] } },
{ "type": "Feature", "properties": { "grid_id": "grid_8_21", "cell_number": 237, "row": 8, "col": 21, "centroid_lat": 6.5926756756756761, "centroid_lon": 81.546979603471499, "minlat": 6.5476306306306302, "maxlat": 6.6377207207207203, "minlon": 81.501504775984358, "maxlon": 81.592454430958654, "area_km2": 100.13607627567518, "cell_type": "land" }, "geometry": { "type": "Polygon", "coordinates": [ [ [ 81.592454430958654, 6.54763063063063 ], [ 81.592454430958654, 6.63772072072072 ], [ 81.501504775984358, 6.63772072072072 ], [ 81.501504775984358, 6.54763063063063 ], [ 81.592454430958654, 6.54763063063063 ] ] ] } },
{ "type": "Feature", "properties": { "grid_id": "grid_8_22", "cell_number": 238, "row": 8, "col": 22, "centroid_lat": 6.5926756756756761, "centroid_lon": 81.63792925844578, "minlat": 6.5476306306306302, "maxlat": 6.6377207207207203, "minlon": 81.592454430958639, "maxlon": 81.683404085932935, "area_km2": 100.13934192660153, "cell_type": "coastal" }, "geometry": { "type": "Polygon", "coordinates": [ [ [ 81.683404085932935, 6.54763063063063 ], [ 81.683404085932935, 6.63772072072072 ], [ 81.592454430958639, 6.63772072072072 ], [ 81.592454430958639, 6.54763063063063 ], [ 81.683404085932935, 6.54763063063063 ] ] ] } },
{ "type": "Feature", "properties": { "grid_id": "grid_8_23", "cell_number": 239, "row": 8, "col": 23, "centroid_lat": 6.5926756756756761, "centroid_lon": 81.72887891342009, "minlat": 6.5476306306306302, "maxlat": 6.6377207207207203, "minlon": 81.683404085932935, "maxlon": 81.77435374090723, "area_km2": 100.14310907424951, "cell_type": "ocean" }, "geometry": { "type": "Polygon", "coordinates": [ [ [ 81.77435374090723, 6.54763063063063 ], [ 81.77435374090723, 6.63772072072072 ], [ 81.683404085932935, 6.63772072072072 ], [ 81.683404085932935, 6.54763063063063 ], [ 81.77435374090723, 6.54763063063063 ] ] ] } },
{ "type": "Feature", "properties": { "grid_id": "grid_8_24", "cell_number": 240, "row": 8, "col": 24, "centroid_lat": 6.5926756756756761, "centroid_lon": 81.819828568394371, "minlat": 6.5476306306306302, "maxlat": 6.6377207207207203, "minlon": 81.77435374090723, "maxlon": 81.865303395881526, "area_km2": 100.14737779375693, "cell_type": "ocean" }, "geometry": { "type": "Polygon", "coordinates": [ [ [ 81.865303395881526, 6.54763063063063 ], [ 81.865303395881526, 6.63772072072072 ], [ 81.77435374090723, 6.63772072072072 ], [ 81.77435374090723, 6.54763063063063 ], [ 81.865303395881526, 6.54763063063063 ] ] ] } },
{ "type": "Feature", "properties": { "grid_id": "grid_8_25", "cell_number": 241, "row": 8, "col": 25, "centroid_lat": 6.5926756756756761, "centroid_lon": 81.910778223368695, "minlat": 6.5476306306306302, "maxlat": 6.6377207207207203, "minlon": 81.865303395881526, "maxlon": 81.956253050855821, "area_km2": 100.15214817036245, "cell_type": "ocean" }, "geometry": { "type": "Polygon", "coordinates": [ [ [ 81.956253050855821, 6.54763063063063 ], [ 81.956253050855821, 6.63772072072072 ], [ 81.865303395881526, 6.63772072072072 ], [ 81.865303395881526, 6.54763063063063 ], [ 81.956253050855821, 6.54763063063063 ] ] ] } },
{ "type": "Feature", "properties": { "grid_id": "grid_8_26", "cell_number": 242, "row": 8, "col": 26, "centroid_lat": 6.5926756756756761, "centroid_lon": 82.001727878342962, "minlat": 6.5476306306306302, "maxlat": 6.6377207207207203, "minlon": 81.956253050855821, "maxlon": 82.047202705830117, "area_km2": 100.15742029928025, "cell_type": "ocean" }, "geometry": { "type": "Polygon", "coordinates": [ [ [ 82.047202705830117, 6.54763063063063 ], [ 82.047202705830117, 6.63772072072072 ], [ 81.956253050855821, 6.63772072072072 ], [ 81.956253050855821, 6.54763063063063 ], [ 82.047202705830117, 6.54763063063063 ] ] ] } },
{ "type": "Feature", "properties": { "grid_id": "grid_9_0", "cell_number": 243, "row": 9, "col": 0, "centroid_lat": 6.6827657657657644, "centroid_lon": 79.637036849011366, "minlat": 6.6377207207207203, "maxlat": 6.7278108108108103, "minlon": 79.591562021524211, "maxlon": 79.682511676498507, "area_km2": 100.16545030612066, "cell_type": "ocean" }, "geometry": { "type": "Polygon", "coordinates": [ [ [ 79.682511676498507, 6.63772072072072 ], [ 79.682511676498507, 6.72781081081081 ], [ 79.591562021524211, 6.72781081081081 ], [ 79.591562021524211, 6.63772072072072 ], [ 79.682511676498507, 6.63772072072072 ] ] ] } },
{ "type": "Feature", "properties": { "grid_id": "grid_9_1", "cell_number": 244, "row": 9, "col": 1, "centroid_lat": 6.6827657657657644, "centroid_lon": 79.727986503985662, "minlat": 6.6377207207207203, "maxlat": 6.7278108108108103, "minlon": 79.682511676498507, "maxlon": 79.773461331472802, "area_km2": 100.15818814519716, "cell_type": "ocean" }, "geometry": { "type": "Polygon", "coordinates": [ [ [ 79.773461331472802, 6.63772072072072 ], [ 79.773461331472802, 6.72781081081081 ], [ 79.682511676498507, 6.72781081081081 ], [ 79.682511676498507, 6.63772072072072 ], [ 79.773461331472802, 6.63772072072072 ] ] ] } },
{ "type": "Feature", "properties": { "grid_id": "grid_9_2", "cell_number": 245, "row": 9, "col": 2, "centroid_lat": 6.6827657657657644, "centroid_lon": 79.818936158959943, "minlat": 6.6377207207207203, "maxlat": 6.7278108108108103, "minlon": 79.773461331472802, "maxlon": 79.864410986447098, "area_km2": 100.15142793881634, "cell_type": "ocean" }, "geometry": { "type": "Polygon", "coordinates": [ [ [ 79.864410986447098, 6.63772072072072 ], [ 79.864410986447098, 6.72781081081081 ], [ 79.773461331472802, 6.72781081081081 ], [ 79.773461331472802, 6.63772072072072 ], [ 79.864410986447098, 6.63772072072072 ] ] ] } },
{ "type": "Feature", "properties": { "grid_id": "grid_9_3", "cell_number": 246, "row": 9, "col": 3, "centroid_lat": 6.6827657657657644, "centroid_lon": 79.909885813934224, "minlat": 6.6377207207207203, "maxlat": 6.7278108108108103, "minlon": 79.864410986447083, "maxlon": 79.955360641421379, "area_km2": 100.14516955203779, "cell_type": "coastal" }, "geometry": { "type": "Polygon", "coordinates": [ [ [ 79.955360641421379, 6.63772072072072 ], [ 79.955360641421379, 6.72781081081081 ], [ 79.864410986447083, 6.72781081081081 ], [ 79.864410986447083, 6.63772072072072 ], [ 79.955360641421379, 6.63772072072072 ] ] ] } },
{ "type": "Feature", "properties": { "grid_id": "grid_9_4", "cell_number": 247, "row": 9, "col": 4, "centroid_lat": 6.6827657657657644, "centroid_lon": 80.000835468908519, "minlat": 6.6377207207207203, "maxlat": 6.7278108108108103, "minlon": 79.955360641421379, "maxlon": 80.046310296395674, "area_km2": 100.1394128600229, "cell_type": "land" }, "geometry": { "type": "Polygon", "coordinates": [ [ [ 80.046310296395674, 6.63772072072072 ], [ 80.046310296395674, 6.72781081081081 ], [ 79.955360641421379, 6.72781081081081 ], [ 79.955360641421379, 6.63772072072072 ], [ 80.046310296395674, 6.63772072072072 ] ] ] } },
{ "type": "Feature", "properties": { "grid_id": "grid_9_5", "cell_number": 248, "row": 9, "col": 5, "centroid_lat": 6.6827657657657644, "centroid_lon": 80.091785123882829, "minlat": 6.6377207207207203, "maxlat": 6.7278108108108103, "minlon": 80.046310296395674, "maxlon": 80.13725995136997, "area_km2": 100.1341577479207, "cell_type": "land" }, "geometry": { "type": "Polygon", "coordinates": [ [ [ 80.13725995136997, 6.63772072072072 ], [ 80.13725995136997, 6.72781081081081 ], [ 80.046310296395674, 6.72781081081081 ], [ 80.046310296395674, 6.63772072072072 ], [ 80.13725995136997, 6.63772072072072 ] ] ] } },
{ "type": "Feature", "properties": { "grid_id": "grid_9_6", "cell_number": 249, "row": 9, "col": 6, "centroid_lat": 6.6827657657657644, "centroid_lon": 80.18273477885711, "minlat": 6.6377207207207203, "maxlat": 6.7278108108108103, "minlon": 80.13725995136997, "maxlon": 80.228209606344265, "area_km2": 100.129404110848, "cell_type": "land" }, "geometry": { "type": "Polygon", "coordinates": [ [ [ 80.228209606344265, 6.63772072072072 ], [ 80.228209606344265, 6.72781081081081 ], [ 80.13725995136997, 6.72781081081081 ], [ 80.13725995136997, 6.63772072072072 ], [ 80.228209606344265, 6.63772072072072 ] ] ] } },
{ "type": "Feature", "properties": { "grid_id": "grid_9_7", "cell_number": 250, "row": 9, "col": 7, "centroid_lat": 6.6827657657657644, "centroid_lon": 80.273684433831406, "minlat": 6.6377207207207203, "maxlat": 6.7278108108108103, "minlon": 80.228209606344265, "maxlon": 80.319159261318561, "area_km2": 100.12515185401848, "cell_type": "land" }, "geometry": { "type": "Polygon", "coordinates": [ [ [ 80.319159261318561, 6.63772072072072 ], [ 80.319159261318561, 6.72781081081081 ], [ 80.228209606344265, 6.72781081081081 ], [ 80.228209606344265, 6.63772072072072 ], [ 80.319159261318561, 6.63772072072072 ] ] ] } },
{ "type": "Feature", "properties": { "grid_id": "grid_9_8", "cell_number": 251, "row": 9, "col": 8, "centroid_lat": 6.6827657657657644, "centroid_lon": 80.364634088805687, "minlat": 6.6377207207207203, "maxlat": 6.7278108108108103, "minlon": 80.319159261318546, "maxlon": 80.410108916292842, "area_km2": 100.1214008926127, "cell_type": "land" }, "geometry": { "type": "Polygon", "coordinates": [ [ [ 80.410108916292842, 6.63772072072072 ], [ 80.410108916292842, 6.72781081081081 ], [ 80.319159261318546, 6.72781081081081 ], [ 80.319159261318546, 6.63772072072072 ], [ 80.410108916292842, 6.63772072072072 ] ] ] } },
{ "type": "Feature", "properties": { "grid_id": "grid_9_9", "cell_number": 252, "row": 9, "col": 9, "centroid_lat": 6.6827657657657644, "centroid_lon": 80.455583743779982, "minlat": 6.6377207207207203, "maxlat": 6.7278108108108103, "minlon": 80.410108916292842, "maxlon": 80.501058571267137, "area_km2": 100.11815115177203, "cell_type": "land" }, "geometry": { "type": "Polygon", "coordinates": [ [ [ 80.501058571267137, 6.63772072072072 ], [ 80.501058571267137, 6.72781081081081 ], [ 80.410108916292842, 6.72781081081081 ], [ 80.410108916292842, 6.63772072072072 ], [ 80.501058571267137, 6.63772072072072 ] ] ] } },
{ "type": "Feature", "properties": { "grid_id": "grid_9_10", "cell_number": 253, "row": 9, "col": 10, "centroid_lat": 6.6827657657657644, "centroid_lon": 80.546533398754292, "minlat": 6.6377207207207203, "maxlat": 6.7278108108108103, "minlon": 80.501058571267137, "maxlon": 80.592008226241433, "area_km2": 100.11540256672215, "cell_type": "land" }, "geometry": { "type": "Polygon", "coordinates": [ [ [ 80.592008226241433, 6.63772072072072 ], [ 80.592008226241433, 6.72781081081081 ], [ 80.501058571267137, 6.72781081081081 ], [ 80.501058571267137, 6.63772072072072 ], [ 80.592008226241433, 6.63772072072072 ] ] ] } },
{ "type": "Feature", "properties": { "grid_id": "grid_9_11", "cell_number": 254, "row": 9, "col": 11, "centroid_lat": 6.6827657657657644, "centroid_lon": 80.637483053728573, "minlat": 6.6377207207207203, "maxlat": 6.7278108108108103, "minlon": 80.592008226241433, "maxlon": 80.682957881215728, "area_km2": 100.11315508264407, "cell_type": "land" }, "geometry": { "type": "Polygon", "coordinates": [ [ [ 80.682957881215728, 6.63772072072072 ], [ 80.682957881215728, 6.72781081081081 ], [ 80.592008226241433, 6.72781081081081 ], [ 80.592008226241433, 6.63772072072072 ], [ 80.682957881215728, 6.63772072072072 ] ] ] } },
{ "type": "Feature", "properties": { "grid_id": "grid_9_12", "cell_number": 255, "row": 9, "col": 12, "centroid_lat": 6.6827657657657644, "centroid_lon": 80.728432708702854, "minlat": 6.6377207207207203, "maxlat": 6.7278108108108103, "minlon": 80.682957881215714, "maxlon": 80.773907536190009, "area_km2": 100.11140865467496, "cell_type": "land" }, "geometry": { "type": "Polygon", "coordinates": [ [ [ 80.773907536190009, 6.63772072072072 ], [ 80.773907536190009, 6.72781081081081 ], [ 80.682957881215714, 6.72781081081081 ], [ 80.682957881215714, 6.63772072072072 ], [ 80.773907536190009, 6.63772072072072 ] ] ] } },
{ "type": "Feature", "properties": { "grid_id": "grid_9_13", "cell_number": 256, "row": 9, "col": 13, "centroid_lat": 6.6827657657657644, "centroid_lon": 80.819382363677164, "minlat": 6.6377207207207203, "maxlat": 6.7278108108108103, "minlon": 80.773907536190009, "maxlon": 80.864857191164305, "area_km2": 100.11016324802851, "cell_type": "land" }, "geometry": { "type": "Polygon", "coordinates": [ [ [ 80.864857191164305, 6.63772072072072 ], [ 80.864857191164305, 6.72781081081081 ], [ 80.773907536190009, 6.72781081081081 ], [ 80.773907536190009, 6.63772072072072 ], [ 80.864857191164305, 6.63772072072072 ] ] ] } },
{ "type": "Feature", "properties": { "grid_id": "grid_9_14", "cell_number": 257, "row": 9, "col": 14, "centroid_lat": 6.6827657657657644, "centroid_lon": 80.910332018651459, "minlat": 6.6377207207207203, "maxlat": 6.7278108108108103, "minlon": 80.864857191164305, "maxlon": 80.9558068461386, "area_km2": 100.10941883786684, "cell_type": "land" }, "geometry": { "type": "Polygon", "coordinates": [ [ [ 80.9558068461386, 6.63772072072072 ], [ 80.9558068461386, 6.72781081081081 ], [ 80.864857191164305, 6.72781081081081 ], [ 80.864857191164305, 6.63772072072072 ], [ 80.9558068461386, 6.63772072072072 ] ] ] } },
{ "type": "Feature", "properties": { "grid_id": "grid_9_15", "cell_number": 258, "row": 9, "col": 15, "centroid_lat": 6.6827657657657644, "centroid_lon": 81.001281673625741, "minlat": 6.6377207207207203, "maxlat": 6.7278108108108103, "minlon": 80.9558068461386, "maxlon": 81.046756501112895, "area_km2": 100.1091754093042, "cell_type": "land" }, "geometry": { "type": "Polygon", "coordinates": [ [ [ 81.046756501112895, 6.63772072072072 ], [ 81.046756501112895, 6.72781081081081 ], [ 80.9558068461386, 6.72781081081081 ], [ 80.9558068461386, 6.63772072072072 ], [ 81.046756501112895, 6.63772072072072 ] ] ] } },
{ "type": "Feature", "properties": { "grid_id": "grid_9_16", "cell_number": 259, "row": 9, "col": 16, "centroid_lat": 6.6827657657657644, "centroid_lon": 81.09223132860005, "minlat": 6.6377207207207203, "maxlat": 6.7278108108108103, "minlon": 81.046756501112895, "maxlon": 81.137706156087191, "area_km2": 100.10943295752834, "cell_type": "land" }, "geometry": { "type": "Polygon", "coordinates": [ [ [ 81.137706156087191, 6.63772072072072 ], [ 81.137706156087191, 6.72781081081081 ], [ 81.046756501112895, 6.72781081081081 ], [ 81.046756501112895, 6.63772072072072 ], [ 81.137706156087191, 6.63772072072072 ] ] ] } },
{ "type": "Feature", "properties": { "grid_id": "grid_9_17", "cell_number": 260, "row": 9, "col": 17, "centroid_lat": 6.6827657657657644, "centroid_lon": 81.183180983574317, "minlat": 6.6377207207207203, "maxlat": 6.7278108108108103, "minlon": 81.137706156087177, "maxlon": 81.228655811061472, "area_km2": 100.11019148767376, "cell_type": "land" }, "geometry": { "type": "Polygon", "coordinates": [ [ [ 81.228655811061472, 6.63772072072072 ], [ 81.228655811061472, 6.72781081081081 ], [ 81.137706156087177, 6.72781081081081 ], [ 81.137706156087177, 6.63772072072072 ], [ 81.228655811061472, 6.63772072072072 ] ] ] } },
{ "type": "Feature", "properties": { "grid_id": "grid_9_18", "cell_number": 261, "row": 9, "col": 18, "centroid_lat": 6.6827657657657644, "centroid_lon": 81.274130638548613, "minlat": 6.6377207207207203, "maxlat": 6.7278108108108103, "minlon": 81.228655811061472, "maxlon": 81.319605466035767, "area_km2": 100.11145101482641, "cell_type": "land" }, "geometry": { "type": "Polygon", "coordinates": [ [ [ 81.319605466035767, 6.63772072072072 ], [ 81.319605466035767, 6.72781081081081 ], [ 81.228655811061472, 6.72781081081081 ], [ 81.228655811061472, 6.63772072072072 ], [ 81.319605466035767, 6.63772072072072 ] ] ] } },
{ "type": "Feature", "properties": { "grid_id": "grid_9_19", "cell_number": 262, "row": 9, "col": 19, "centroid_lat": 6.6827657657657644, "centroid_lon": 81.365080293522922, "minlat": 6.6377207207207203, "maxlat": 6.7278108108108103, "minlon": 81.319605466035767, "maxlon": 81.410555121010063, "area_km2": 100.11321156414591, "cell_type": "land" }, "geometry": { "type": "Polygon", "coordinates": [ [ [ 81.410555121010063, 6.63772072072072 ], [ 81.410555121010063, 6.72781081081081 ], [ 81.319605466035767, 6.72781081081081 ], [ 81.319605466035767, 6.63772072072072 ], [ 81.410555121010063, 6.63772072072072 ] ] ] } },
{ "type": "Feature", "properties": { "grid_id": "grid_9_20", "cell_number": 263, "row": 9, "col": 20, "centroid_lat": 6.6827657657657644, "centroid_lon": 81.456029948497232, "minlat": 6.6377207207207203, "maxlat": 6.7278108108108103, "minlon": 81.410555121010063, "maxlon": 81.501504775984358, "area_km2": 100.11547317074054, "cell_type": "land" }, "geometry": { "type": "Polygon", "coordinates": [ [ [ 81.501504775984358, 6.63772072072072 ], [ 81.501504775984358, 6.72781081081081 ], [ 81.410555121010063, 6.72781081081081 ], [ 81.410555121010063, 6.63772072072072 ], [ 81.501504775984358, 6.63772072072072 ] ] ] } },
{ "type": "Feature", "properties": { "grid_id": "grid_9_21", "cell_number": 264, "row": 9, "col": 21, "centroid_lat": 6.6827657657657644, "centroid_lon": 81.546979603471499, "minlat": 6.6377207207207203, "maxlat": 6.7278108108108103, "minlon": 81.501504775984358, "maxlon": 81.592454430958654, "area_km2": 100.11823587967694, "cell_type": "land" }, "geometry": { "type": "Polygon", "coordinates": [ [ [ 81.592454430958654, 6.63772072072072 ], [ 81.592454430958654, 6.72781081081081 ], [ 81.501504775984358, 6.72781081081081 ], [ 81.501504775984358, 6.63772072072072 ], [ 81.592454430958654, 6.63772072072072 ] ] ] } },
{ "type": "Feature", "properties": { "grid_id": "grid_9_22", "cell_number": 265, "row": 9, "col": 22, "centroid_lat": 6.6827657657657644, "centroid_lon": 81.63792925844578, "minlat": 6.6377207207207203, "maxlat": 6.7278108108108103, "minlon": 81.592454430958639, "maxlon": 81.683404085932935, "area_km2": 100.12149974609386, "cell_type": "coastal" }, "geometry": { "type": "Polygon", "coordinates": [ [ [ 81.683404085932935, 6.63772072072072 ], [ 81.683404085932935, 6.72781081081081 ], [ 81.592454430958639, 6.72781081081081 ], [ 81.592454430958639, 6.63772072072072 ], [ 81.683404085932935, 6.63772072072072 ] ] ] } },
{ "type": "Feature", "properties": { "grid_id": "grid_9_23", "cell_number": 266, "row": 9, "col": 23, "centroid_lat": 6.6827657657657644, "centroid_lon": 81.72887891342009, "minlat": 6.6377207207207203, "maxlat": 6.7278108108108103, "minlon": 81.683404085932935, "maxlon": 81.77435374090723, "area_km2": 100.12526483508822, "cell_type": "ocean" }, "geometry": { "type": "Polygon", "coordinates": [ [ [ 81.77435374090723, 6.63772072072072 ], [ 81.77435374090723, 6.72781081081081 ], [ 81.683404085932935, 6.72781081081081 ], [ 81.683404085932935, 6.63772072072072 ], [ 81.77435374090723, 6.63772072072072 ] ] ] } },
{ "type": "Feature", "properties": { "grid_id": "grid_9_24", "cell_number": 267, "row": 9, "col": 24, "centroid_lat": 6.6827657657657644, "centroid_lon": 81.819828568394371, "minlat": 6.6377207207207203, "maxlat": 6.7278108108108103, "minlon": 81.77435374090723, "maxlon": 81.865303395881526, "area_km2": 100.12953122171626, "cell_type": "ocean" }, "geometry": { "type": "Polygon", "coordinates": [ [ [ 81.865303395881526, 6.63772072072072 ], [ 81.865303395881526, 6.72781081081081 ], [ 81.77435374090723, 6.72781081081081 ], [ 81.77435374090723, 6.63772072072072 ], [ 81.865303395881526, 6.63772072072072 ] ] ] } },
{ "type": "Feature", "properties": { "grid_id": "grid_9_25", "cell_number": 268, "row": 9, "col": 25, "centroid_lat": 6.6827657657657644, "centroid_lon": 81.910778223368695, "minlat": 6.6377207207207203, "maxlat": 6.7278108108108103, "minlon": 81.865303395881526, "maxlon": 81.956253050855821, "area_km2": 100.13429899112685, "cell_type": "ocean" }, "geometry": { "type": "Polygon", "coordinates": [ [ [ 81.956253050855821, 6.63772072072072 ], [ 81.956253050855821, 6.72781081081081 ], [ 81.865303395881526, 6.72781081081081 ], [ 81.865303395881526, 6.63772072072072 ], [ 81.956253050855821, 6.63772072072072 ] ] ] } },
{ "type": "Feature", "properties": { "grid_id": "grid_9_26", "cell_number": 269, "row": 9, "col": 26, "centroid_lat": 6.6827657657657644, "centroid_lon": 82.001727878342962, "minlat": 6.6377207207207203, "maxlat": 6.7278108108108103, "minlon": 81.956253050855821, "maxlon": 82.047202705830117, "area_km2": 100.13956823842278, "cell_type": "ocean" }, "geometry": { "type": "Polygon", "coordinates": [ [ [ 82.047202705830117, 6.63772072072072 ], [ 82.047202705830117, 6.72781081081081 ], [ 81.956253050855821, 6.72781081081081 ], [ 81.956253050855821, 6.63772072072072 ], [ 82.047202705830117, 6.63772072072072 ] ] ] } },
{ "type": "Feature", "properties": { "grid_id": "grid_10_0", "cell_number": 270, "row": 10, "col": 0, "centroid_lat": 6.7728558558558545, "centroid_lon": 79.637036849011366, "minlat": 6.7278108108108103, "maxlat": 6.8179009009009004, "minlon": 79.591562021524211, "maxlon": 79.682511676498507, "area_km2": 100.14734245162596, "cell_type": "ocean" }, "geometry": { "type": "Polygon", "coordinates": [ [ [ 79.682511676498507, 6.72781081081081 ], [ 79.682511676498507, 6.8179009009009 ], [ 79.591562021524211, 6.8179009009009 ], [ 79.591562021524211, 6.72781081081081 ], [ 79.682511676498507, 6.72781081081081 ] ] ] } },
{ "type": "Feature", "properties": { "grid_id": "grid_10_1", "cell_number": 271, "row": 10, "col": 1, "centroid_lat": 6.7728558558558545, "centroid_lon": 79.727986503985662, "minlat": 6.7278108108108103, "maxlat": 6.8179009009009004, "minlon": 79.682511676498507, "maxlon": 79.773461331472802, "area_km2": 100.14008431575107, "cell_type": "ocean" }, "geometry": { "type": "Polygon", "coordinates": [ [ [ 79.773461331472802, 6.72781081081081 ], [ 79.773461331472802, 6.8179009009009 ], [ 79.682511676498507, 6.8179009009009 ], [ 79.682511676498507, 6.72781081081081 ], [ 79.773461331472802, 6.72781081081081 ] ] ] } },
{ "type": "Feature", "properties": { "grid_id": "grid_10_2", "cell_number": 272, "row": 10, "col": 2, "centroid_lat": 6.7728558558558545, "centroid_lon": 79.818936158959943, "minlat": 6.7278108108108103, "maxlat": 6.8179009009009004, "minlon": 79.773461331472802, "maxlon": 79.864410986447098, "area_km2": 100.13332785585517, "cell_type": "ocean" }, "geometry": { "type": "Polygon", "coordinates": [ [ [ 79.864410986447098, 6.72781081081081 ], [ 79.864410986447098, 6.8179009009009 ], [ 79.773461331472802, 6.8179009009009 ], [ 79.773461331472802, 6.72781081081081 ], [ 79.864410986447098, 6.72781081081081 ] ] ] } },
{ "type": "Feature", "properties": { "grid_id": "grid_10_3", "cell_number": 273, "row": 10, "col": 3, "centroid_lat": 6.7728558558558545, "centroid_lon": 79.909885813934224, "minlat": 6.7278108108108103, "maxlat": 6.8179009009009004, "minlon": 79.864410986447083, "maxlon": 79.955360641421379, "area_km2": 100.12707293714446, "cell_type": "coastal" }, "geometry": { "type": "Polygon", "coordinates": [ [ [ 79.955360641421379, 6.72781081081081 ], [ 79.955360641421379, 6.8179009009009 ], [ 79.864410986447083, 6.8179009009009 ], [ 79.864410986447083, 6.72781081081081 ], [ 79.955360641421379, 6.72781081081081 ] ] ] } },
{ "type": "Feature", "properties": { "grid_id": "grid_10_4", "cell_number": 274, "row": 10, "col": 4, "centroid_lat": 6.7728558558558545, "centroid_lon": 80.000835468908519, "minlat": 6.7278108108108103, "maxlat": 6.8179009009009004, "minlon": 79.955360641421379, "maxlon": 80.046310296395674, "area_km2": 100.12131943492585, "cell_type": "land" }, "geometry": { "type": "Polygon", "coordinates": [ [ [ 80.046310296395674, 6.72781081081081 ], [ 80.046310296395674, 6.8179009009009 ], [ 79.955360641421379, 6.8179009009009 ], [ 79.955360641421379, 6.72781081081081 ], [ 80.046310296395674, 6.72781081081081 ] ] ] } },
{ "type": "Feature", "properties": { "grid_id": "grid_10_5", "cell_number": 275, "row": 10, "col": 5, "centroid_lat": 6.7728558558558545, "centroid_lon": 80.091785123882829, "minlat": 6.7278108108108103, "maxlat": 6.8179009009009004, "minlon": 80.046310296395674, "maxlon": 80.13725995136997, "area_km2": 100.11606723447404, "cell_type": "land" }, "geometry": { "type": "Polygon", "coordinates": [ [ [ 80.13725995136997, 6.72781081081081 ], [ 80.13725995136997, 6.8179009009009 ], [ 80.046310296395674, 6.8179009009009 ], [ 80.046310296395674, 6.72781081081081 ], [ 80.13725995136997, 6.72781081081081 ] ] ] } },
{ "type": "Feature", "properties": { "grid_id": "grid_10_6", "cell_number": 276, "row": 10, "col": 6, "centroid_lat": 6.7728558558558545, "centroid_lon": 80.18273477885711, "minlat": 6.7278108108108103, "maxlat": 6.8179009009009004, "minlon": 80.13725995136997, "maxlon": 80.228209606344265, "area_km2": 100.11131623102344, "cell_type": "land" }, "geometry": { "type": "Polygon", "coordinates": [ [ [ 80.228209606344265, 6.72781081081081 ], [ 80.228209606344265, 6.8179009009009 ], [ 80.13725995136997, 6.8179009009009 ], [ 80.13725995136997, 6.72781081081081 ], [ 80.228209606344265, 6.72781081081081 ] ] ] } },
{ "type": "Feature", "properties": { "grid_id": "grid_10_7", "cell_number": 277, "row": 10, "col": 7, "centroid_lat": 6.7728558558558545, "centroid_lon": 80.273684433831406, "minlat": 6.7278108108108103, "maxlat": 6.8179009009009004, "minlon": 80.228209606344265, "maxlon": 80.319159261318561, "area_km2": 100.10706632989675, "cell_type": "land" }, "geometry": { "type": "Polygon", "coordinates": [ [ [ 80.319159261318561, 6.72781081081081 ], [ 80.319159261318561, 6.8179009009009 ], [ 80.228209606344265, 6.8179009009009 ], [ 80.228209606344265, 6.72781081081081 ], [ 80.319159261318561, 6.72781081081081 ] ] ] } },
{ "type": "Feature", "properties": { "grid_id": "grid_10_8", "cell_number": 278, "row": 10, "col": 8, "centroid_lat": 6.7728558558558545, "centroid_lon": 80.364634088805687, "minlat": 6.7278108108108103, "maxlat": 6.8179009009009004, "minlon": 80.319159261318546, "maxlon": 80.410108916292842, "area_km2": 100.10331744636864, "cell_type": "land" }, "geometry": { "type": "Polygon", "coordinates": [ [ [ 80.410108916292842, 6.72781081081081 ], [ 80.410108916292842, 6.8179009009009 ], [ 80.319159261318546, 6.8179009009009 ], [ 80.319159261318546, 6.72781081081081 ], [ 80.410108916292842, 6.72781081081081 ] ] ] } },
{ "type": "Feature", "properties": { "grid_id": "grid_10_9", "cell_number": 279, "row": 10, "col": 9, "centroid_lat": 6.7728558558558545, "centroid_lon": 80.455583743779982, "minlat": 6.7278108108108103, "maxlat": 6.8179009009009004, "minlon": 80.410108916292842, "maxlon": 80.501058571267137, "area_km2": 100.10006950566242, "cell_type": "land" }, "geometry": { "type": "Polygon", "coordinates": [ [ [ 80.501058571267137, 6.72781081081081 ], [ 80.501058571267137, 6.8179009009009 ], [ 80.410108916292842, 6.8179009009009 ], [ 80.410108916292842, 6.72781081081081 ], [ 80.501058571267137, 6.72781081081081 ] ] ] } },
{ "type": "Feature", "properties": { "grid_id": "grid_10_10", "cell_number": 280, "row": 10, "col": 10, "centroid_lat": 6.7728558558558545, "centroid_lon": 80.546533398754292, "minlat": 6.7278108108108103, "maxlat": 6.8179009009009004, "minlon": 80.501058571267137, "maxlon": 80.592008226241433, "area_km2": 100.09732244307807, "cell_type": "land" }, "geometry": { "type": "Polygon", "coordinates": [ [ [ 80.592008226241433, 6.72781081081081 ], [ 80.592008226241433, 6.8179009009009 ], [ 80.501058571267137, 6.8179009009009 ], [ 80.501058571267137, 6.72781081081081 ], [ 80.592008226241433, 6.72781081081081 ] ] ] } },
{ "type": "Feature", "properties": { "grid_id": "grid_10_11", "cell_number": 281, "row": 10, "col": 11, "centroid_lat": 6.7728558558558545, "centroid_lon": 80.637483053728573, "minlat": 6.7278108108108103, "maxlat": 6.8179009009009004, "minlon": 80.592008226241433, "maxlon": 80.682957881215728, "area_km2": 100.09507620386148, "cell_type": "land" }, "geometry": { "type": "Polygon", "coordinates": [ [ [ 80.682957881215728, 6.72781081081081 ], [ 80.682957881215728, 6.8179009009009 ], [ 80.592008226241433, 6.8179009009009 ], [ 80.592008226241433, 6.72781081081081 ], [ 80.682957881215728, 6.72781081081081 ] ] ] } },
{ "type": "Feature", "properties": { "grid_id": "grid_10_12", "cell_number": 282, "row": 10, "col": 12, "centroid_lat": 6.7728558558558545, "centroid_lon": 80.728432708702854, "minlat": 6.7278108108108103, "maxlat": 6.8179009009009004, "minlon": 80.682957881215714, "maxlon": 80.773907536190009, "area_km2": 100.09333074319579, "cell_type": "land" }, "geometry": { "type": "Polygon", "coordinates": [ [ [ 80.773907536190009, 6.72781081081081 ], [ 80.773907536190009, 6.8179009009009 ], [ 80.682957881215714, 6.8179009009009 ], [ 80.682957881215714, 6.72781081081081 ], [ 80.773907536190009, 6.72781081081081 ] ] ] } },
{ "type": "Feature", "properties": { "grid_id": "grid_10_13", "cell_number": 283, "row": 10, "col": 13, "centroid_lat": 6.7728558558558545, "centroid_lon": 80.819382363677164, "minlat": 6.7278108108108103, "maxlat": 6.8179009009009004, "minlon": 80.773907536190009, "maxlon": 80.864857191164305, "area_km2": 100.09208602633429, "cell_type": "land" }, "geometry": { "type": "Polygon", "coordinates": [ [ [ 80.864857191164305, 6.72781081081081 ], [ 80.864857191164305, 6.8179009009009 ], [ 80.773907536190009, 6.8179009009009 ], [ 80.773907536190009, 6.72781081081081 ], [ 80.864857191164305, 6.72781081081081 ] ] ] } },
{ "type": "Feature", "properties": { "grid_id": "grid_10_14", "cell_number": 284, "row": 10, "col": 14, "centroid_lat": 6.7728558558558545, "centroid_lon": 80.910332018651459, "minlat": 6.7278108108108103, "maxlat": 6.8179009009009004, "minlon": 80.864857191164305, "maxlon": 80.9558068461386, "area_km2": 100.09134202846968, "cell_type": "land" }, "geometry": { "type": "Polygon", "coordinates": [ [ [ 80.9558068461386, 6.72781081081081 ], [ 80.9558068461386, 6.8179009009009 ], [ 80.864857191164305, 6.8179009009009 ], [ 80.864857191164305, 6.72781081081081 ], [ 80.9558068461386, 6.72781081081081 ] ] ] } },
{ "type": "Feature", "properties": { "grid_id": "grid_10_15", "cell_number": 285, "row": 10, "col": 15, "centroid_lat": 6.7728558558558545, "centroid_lon": 81.001281673625741, "minlat": 6.7278108108108103, "maxlat": 6.8179009009009004, "minlon": 80.9558068461386, "maxlon": 81.046756501112895, "area_km2": 100.09109873473164, "cell_type": "land" }, "geometry": { "type": "Polygon", "coordinates": [ [ [ 81.046756501112895, 6.72781081081081 ], [ 81.046756501112895, 6.8179009009009 ], [ 80.9558068461386, 6.8179009009009 ], [ 80.9558068461386, 6.72781081081081 ], [ 81.046756501112895, 6.72781081081081 ] ] ] } },
{ "type": "Feature", "properties": { "grid_id": "grid_10_16", "cell_number": 286, "row": 10, "col": 16, "centroid_lat": 6.7728558558558545, "centroid_lon": 81.09223132860005, "minlat": 6.7278108108108103, "maxlat": 6.8179009009009004, "minlon": 81.046756501112895, "maxlon": 81.137706156087191, "area_km2": 100.09135614031148, "cell_type": "land" }, "geometry": { "type": "Polygon", "coordinates": [ [ [ 81.137706156087191, 6.72781081081081 ], [ 81.137706156087191, 6.8179009009009 ], [ 81.046756501112895, 6.8179009009009 ], [ 81.046756501112895, 6.72781081081081 ], [ 81.137706156087191, 6.72781081081081 ] ] ] } },
{ "type": "Feature", "properties": { "grid_id": "grid_10_17", "cell_number": 287, "row": 10, "col": 17, "centroid_lat": 6.7728558558558545, "centroid_lon": 81.183180983574317, "minlat": 6.7278108108108103, "maxlat": 6.8179009009009004, "minlon": 81.137706156087177, "maxlon": 81.228655811061472, "area_km2": 100.09211425033936, "cell_type": "land" }, "geometry": { "type": "Polygon", "coordinates": [ [ [ 81.228655811061472, 6.72781081081081 ], [ 81.228655811061472, 6.8179009009009 ], [ 81.137706156087177, 6.8179009009009 ], [ 81.137706156087177, 6.72781081081081 ], [ 81.228655811061472, 6.72781081081081 ] ] ] } },
{ "type": "Feature", "properties": { "grid_id": "grid_10_18", "cell_number": 288, "row": 10, "col": 18, "centroid_lat": 6.7728558558558545, "centroid_lon": 81.274130638548613, "minlat": 6.7278108108108103, "maxlat": 6.8179009009009004, "minlon": 81.228655811061472, "maxlon": 81.319605466035767, "area_km2": 100.09337307988497, "cell_type": "land" }, "geometry": { "type": "Polygon", "coordinates": [ [ [ 81.319605466035767, 6.72781081081081 ], [ 81.319605466035767, 6.8179009009009 ], [ 81.228655811061472, 6.8179009009009 ], [ 81.228655811061472, 6.72781081081081 ], [ 81.319605466035767, 6.72781081081081 ] ] ] } },
{ "type": "Feature", "properties": { "grid_id": "grid_10_19", "cell_number": 289, "row": 10, "col": 19, "centroid_lat": 6.7728558558558545, "centroid_lon": 81.365080293522922, "minlat": 6.7278108108108103, "maxlat": 6.8179009009009004, "minlon": 81.319605466035767, "maxlon": 81.410555121010063, "area_km2": 100.09513265407887, "cell_type": "land" }, "geometry": { "type": "Polygon", "coordinates": [ [ [ 81.410555121010063, 6.72781081081081 ], [ 81.410555121010063, 6.8179009009009 ], [ 81.319605466035767, 6.8179009009009 ], [ 81.319605466035767, 6.72781081081081 ], [ 81.410555121010063, 6.72781081081081 ] ] ] } },
{ "type": "Feature", "properties": { "grid_id": "grid_10_20", "cell_number": 290, "row": 10, "col": 20, "centroid_lat": 6.7728558558558545, "centroid_lon": 81.456029948497232, "minlat": 6.7278108108108103, "maxlat": 6.8179009009009004, "minlon": 81.410555121010063, "maxlon": 81.501504775984358, "area_km2": 100.09739300799215, "cell_type": "land" }, "geometry": { "type": "Polygon", "coordinates": [ [ [ 81.501504775984358, 6.72781081081081 ], [ 81.501504775984358, 6.8179009009009 ], [ 81.410555121010063, 6.8179009009009 ], [ 81.410555121010063, 6.72781081081081 ], [ 81.501504775984358, 6.72781081081081 ] ] ] } },
{ "type": "Feature", "properties": { "grid_id": "grid_10_21", "cell_number": 291, "row": 10, "col": 21, "centroid_lat": 6.7728558558558545, "centroid_lon": 81.546979603471499, "minlat": 6.7278108108108103, "maxlat": 6.8179009009009004, "minlon": 81.501504775984358, "maxlon": 81.592454430958654, "area_km2": 100.10015418663617, "cell_type": "land" }, "geometry": { "type": "Polygon", "coordinates": [ [ [ 81.592454430958654, 6.72781081081081 ], [ 81.592454430958654, 6.8179009009009 ], [ 81.501504775984358, 6.8179009009009 ], [ 81.501504775984358, 6.72781081081081 ], [ 81.592454430958654, 6.72781081081081 ] ] ] } },
{ "type": "Feature", "properties": { "grid_id": "grid_10_22", "cell_number": 292, "row": 10, "col": 22, "centroid_lat": 6.7728558558558545, "centroid_lon": 81.63792925844578, "minlat": 6.7278108108108103, "maxlat": 6.8179009009009004, "minlon": 81.592454430958639, "maxlon": 81.683404085932935, "area_km2": 100.10341624508867, "cell_type": "coastal" }, "geometry": { "type": "Polygon", "coordinates": [ [ [ 81.683404085932935, 6.72781081081081 ], [ 81.683404085932935, 6.8179009009009 ], [ 81.592454430958639, 6.8179009009009 ], [ 81.592454430958639, 6.72781081081081 ], [ 81.683404085932935, 6.72781081081081 ] ] ] } },
{ "type": "Feature", "properties": { "grid_id": "grid_10_23", "cell_number": 293, "row": 10, "col": 23, "centroid_lat": 6.7728558558558545, "centroid_lon": 81.72887891342009, "minlat": 6.7278108108108103, "maxlat": 6.8179009009009004, "minlon": 81.683404085932935, "maxlon": 81.77435374090723, "area_km2": 100.10717924837564, "cell_type": "coastal" }, "geometry": { "type": "Polygon", "coordinates": [ [ [ 81.77435374090723, 6.72781081081081 ], [ 81.77435374090723, 6.8179009009009 ], [ 81.683404085932935, 6.8179009009009 ], [ 81.683404085932935, 6.72781081081081 ], [ 81.77435374090723, 6.72781081081081 ] ] ] } },
{ "type": "Feature", "properties": { "grid_id": "grid_10_24", "cell_number": 294, "row": 10, "col": 24, "centroid_lat": 6.7728558558558545, "centroid_lon": 81.819828568394371, "minlat": 6.7278108108108103, "maxlat": 6.8179009009009004, "minlon": 81.77435374090723, "maxlon": 81.865303395881526, "area_km2": 100.11144327147069, "cell_type": "ocean" }, "geometry": { "type": "Polygon", "coordinates": [ [ [ 81.865303395881526, 6.72781081081081 ], [ 81.865303395881526, 6.8179009009009 ], [ 81.77435374090723, 6.8179009009009 ], [ 81.77435374090723, 6.72781081081081 ], [ 81.865303395881526, 6.72781081081081 ] ] ] } },
{ "type": "Feature", "properties": { "grid_id": "grid_10_25", "cell_number": 295, "row": 10, "col": 25, "centroid_lat": 6.7728558558558545, "centroid_lon": 81.910778223368695, "minlat": 6.7278108108108103, "maxlat": 6.8179009009009004, "minlon": 81.865303395881526, "maxlon": 81.956253050855821, "area_km2": 100.1162083994227, "cell_type": "ocean" }, "geometry": { "type": "Polygon", "coordinates": [ [ [ 81.956253050855821, 6.72781081081081 ], [ 81.956253050855821, 6.8179009009009 ], [ 81.865303395881526, 6.8179009009009 ], [ 81.865303395881526, 6.72781081081081 ], [ 81.956253050855821, 6.72781081081081 ] ] ] } },
{ "type": "Feature", "properties": { "grid_id": "grid_10_26", "cell_number": 296, "row": 10, "col": 26, "centroid_lat": 6.7728558558558545, "centroid_lon": 82.001727878342962, "minlat": 6.7278108108108103, "maxlat": 6.8179009009009004, "minlon": 81.956253050855821, "maxlon": 82.047202705830117, "area_km2": 100.12147472723328, "cell_type": "ocean" }, "geometry": { "type": "Polygon", "coordinates": [ [ [ 82.047202705830117, 6.72781081081081 ], [ 82.047202705830117, 6.8179009009009 ], [ 81.956253050855821, 6.8179009009009 ], [ 81.956253050855821, 6.72781081081081 ], [ 82.047202705830117, 6.72781081081081 ] ] ] } },
{ "type": "Feature", "properties": { "grid_id": "grid_11_0", "cell_number": 297, "row": 11, "col": 0, "centroid_lat": 6.8629459459459445, "centroid_lon": 79.637036849011366, "minlat": 6.8179009009009004, "maxlat": 6.9079909909909905, "minlon": 79.591562021524211, "maxlon": 79.682511676498507, "area_km2": 100.12899299527206, "cell_type": "ocean" }, "geometry": { "type": "Polygon", "coordinates": [ [ [ 79.682511676498507, 6.8179009009009 ], [ 79.682511676498507, 6.90799099099099 ], [ 79.591562021524211, 6.90799099099099 ], [ 79.591562021524211, 6.8179009009009 ], [ 79.682511676498507, 6.8179009009009 ] ] ] } },
{ "type": "Feature", "properties": { "grid_id": "grid_11_1", "cell_number": 298, "row": 11, "col": 1, "centroid_lat": 6.8629459459459445, "centroid_lon": 79.727986503985662, "minlat": 6.8179009009009004, "maxlat": 6.9079909909909905, "minlon": 79.682511676498507, "maxlon": 79.773461331472802, "area_km2": 100.12173893658375, "cell_type": "ocean" }, "geometry": { "type": "Polygon", "coordinates": [ [ [ 79.773461331472802, 6.8179009009009 ], [ 79.773461331472802, 6.90799099099099 ], [ 79.682511676498507, 6.90799099099099 ], [ 79.682511676498507, 6.8179009009009 ], [ 79.773461331472802, 6.8179009009009 ] ] ] } },
{ "type": "Feature", "properties": { "grid_id": "grid_11_2", "cell_number": 299, "row": 11, "col": 2, "centroid_lat": 6.8629459459459445, "centroid_lon": 79.818936158959943, "minlat": 6.8179009009009004, "maxlat": 6.9079909909909905, "minlon": 79.773461331472802, "maxlon": 79.864410986447098, "area_km2": 100.1149862716991, "cell_type": "coastal" }, "geometry": { "type": "Polygon", "coordinates": [ [ [ 79.864410986447098, 6.8179009009009 ], [ 79.864410986447098, 6.90799099099099 ], [ 79.773461331472802, 6.90799099099099 ], [ 79.773461331472802, 6.8179009009009 ], [ 79.864410986447098, 6.8179009009009 ] ] ] } },
{ "type": "Feature", "properties": { "grid_id": "grid_11_3", "cell_number": 300, "row": 11, "col": 3, "centroid_lat": 6.8629459459459445, "centroid_lon": 79.909885813934224, "minlat": 6.8179009009009004, "maxlat": 6.9079909909909905, "minlon": 79.864410986447083, "maxlon": 79.955360641421379, "area_km2": 100.10873486598155, "cell_type": "coastal" }, "geometry": { "type": "Polygon", "coordinates": [ [ [ 79.955360641421379, 6.8179009009009 ], [ 79.955360641421379, 6.90799099099099 ], [ 79.864410986447083, 6.90799099099099 ], [ 79.864410986447083, 6.8179009009009 ], [ 79.955360641421379, 6.8179009009009 ] ] ] } },
{ "type": "Feature", "properties": { "grid_id": "grid_11_4", "cell_number": 301, "row": 11, "col": 4, "centroid_lat": 6.8629459459459445, "centroid_lon": 80.000835468908519, "minlat": 6.8179009009009004, "maxlat": 6.9079909909909905, "minlon": 79.955360641421379, "maxlon": 80.046310296395674, "area_km2": 100.10298459487532, "cell_type": "land" }, "geometry": { "type": "Polygon", "coordinates": [ [ [ 80.046310296395674, 6.8179009009009 ], [ 80.046310296395674, 6.90799099099099 ], [ 79.955360641421379, 6.90799099099099 ], [ 79.955360641421379, 6.8179009009009 ], [ 80.046310296395674, 6.8179009009009 ] ] ] } },
{ "type": "Feature", "properties": { "grid_id": "grid_11_5", "cell_number": 302, "row": 11, "col": 5, "centroid_lat": 6.8629459459459445, "centroid_lon": 80.091785123882829, "minlat": 6.8179009009009004, "maxlat": 6.9079909909909905, "minlon": 80.046310296395674, "maxlon": 80.13725995136997, "area_km2": 100.09773534378749, "cell_type": "land" }, "geometry": { "type": "Polygon", "coordinates": [ [ [ 80.13725995136997, 6.8179009009009 ], [ 80.13725995136997, 6.90799099099099 ], [ 80.046310296395674, 6.90799099099099 ], [ 80.046310296395674, 6.8179009009009 ], [ 80.13725995136997, 6.8179009009009 ] ] ] } },
{ "type": "Feature", "properties": { "grid_id": "grid_11_6", "cell_number": 303, "row": 11, "col": 6, "centroid_lat": 6.8629459459459445, "centroid_lon": 80.18273477885711, "minlat": 6.8179009009009004, "maxlat": 6.9079909909909905, "minlon": 80.13725995136997, "maxlon": 80.228209606344265, "area_km2": 100.09298700807527, "cell_type": "land" }, "geometry": { "type": "Polygon", "coordinates": [ [ [ 80.228209606344265, 6.8179009009009 ], [ 80.228209606344265, 6.90799099099099 ], [ 80.13725995136997, 6.90799099099099 ], [ 80.13725995136997, 6.8179009009009 ], [ 80.228209606344265, 6.8179009009009 ] ] ] } },
{ "type": "Feature", "properties": { "grid_id": "grid_11_7", "cell_number": 304, "row": 11, "col": 7, "centroid_lat": 6.8629459459459445, "centroid_lon": 80.273684433831406, "minlat": 6.8179009009009004, "maxlat": 6.9079909909909905, "minlon": 80.228209606344265, "maxlon": 80.319159261318561, "area_km2": 100.08873949316353, "cell_type": "land" }, "geometry": { "type": "Polygon", "coordinates": [ [ [ 80.319159261318561, 6.8179009009009 ], [ 80.319159261318561, 6.90799099099099 ], [ 80.228209606344265, 6.90799099099099 ], [ 80.228209606344265, 6.8179009009009 ], [ 80.319159261318561, 6.8179009009009 ] ] ] } },
{ "type": "Feature", "properties": { "grid_id": "grid_11_8", "cell_number": 305, "row": 11, "col": 8, "centroid_lat": 6.8629459459459445, "centroid_lon": 80.364634088805687, "minlat": 6.8179009009009004, "maxlat": 6.9079909909909905, "minlon": 80.319159261318546, "maxlon": 80.410108916292842, "area_km2": 100.08499271442736, "cell_type": "land" }, "geometry": { "type": "Polygon", "coordinates": [ [ [ 80.410108916292842, 6.8179009009009 ], [ 80.410108916292842, 6.90799099099099 ], [ 80.319159261318546, 6.90799099099099 ], [ 80.319159261318546, 6.8179009009009 ], [ 80.410108916292842, 6.8179009009009 ] ] ] } },
{ "type": "Feature", "properties": { "grid_id": "grid_11_9", "cell_number": 306, "row": 11, "col": 9, "centroid_lat": 6.8629459459459445, "centroid_lon": 80.455583743779982, "minlat": 6.8179009009009004, "maxlat": 6.9079909909909905, "minlon": 80.410108916292842, "maxlon": 80.501058571267137, "area_km2": 100.08174659717635, "cell_type": "land" }, "geometry": { "type": "Polygon", "coordinates": [ [ [ 80.501058571267137, 6.8179009009009 ], [ 80.501058571267137, 6.90799099099099 ], [ 80.410108916292842, 6.90799099099099 ], [ 80.410108916292842, 6.8179009009009 ], [ 80.501058571267137, 6.8179009009009 ] ] ] } },
{ "type": "Feature", "properties": { "grid_id": "grid_11_10", "cell_number": 307, "row": 11, "col": 10, "centroid_lat": 6.8629459459459445, "centroid_lon": 80.546533398754292, "minlat": 6.8179009009009004, "maxlat": 6.9079909909909905, "minlon": 80.501058571267137, "maxlon": 80.592008226241433, "area_km2": 100.07900107678097, "cell_type": "land" }, "geometry": { "type": "Polygon", "coordinates": [ [ [ 80.592008226241433, 6.8179009009009 ], [ 80.592008226241433, 6.90799099099099 ], [ 80.501058571267137, 6.90799099099099 ], [ 80.501058571267137, 6.8179009009009 ], [ 80.592008226241433, 6.8179009009009 ] ] ] } },
{ "type": "Feature", "properties": { "grid_id": "grid_11_11", "cell_number": 308, "row": 11, "col": 11, "centroid_lat": 6.8629459459459445, "centroid_lon": 80.637483053728573, "minlat": 6.8179009009009004, "maxlat": 6.9079909909909905, "minlon": 80.592008226241433, "maxlon": 80.682957881215728, "area_km2": 100.07675609854981, "cell_type": "land" }, "geometry": { "type": "Polygon", "coordinates": [ [ [ 80.682957881215728, 6.8179009009009 ], [ 80.682957881215728, 6.90799099099099 ], [ 80.592008226241433, 6.90799099099099 ], [ 80.592008226241433, 6.8179009009009 ], [ 80.682957881215728, 6.8179009009009 ] ] ] } },
{ "type": "Feature", "properties": { "grid_id": "grid_11_12", "cell_number": 309, "row": 11, "col": 12, "centroid_lat": 6.8629459459459445, "centroid_lon": 80.728432708702854, "minlat": 6.8179009009009004, "maxlat": 6.9079909909909905, "minlon": 80.682957881215714, "maxlon": 80.773907536190009, "area_km2": 100.07501161771805, "cell_type": "land" }, "geometry": { "type": "Polygon", "coordinates": [ [ [ 80.773907536190009, 6.8179009009009 ], [ 80.773907536190009, 6.90799099099099 ], [ 80.682957881215714, 6.90799099099099 ], [ 80.682957881215714, 6.8179009009009 ], [ 80.773907536190009, 6.8179009009009 ] ] ] } },
{ "type": "Feature", "properties": { "grid_id": "grid_11_13", "cell_number": 310, "row": 11, "col": 13, "centroid_lat": 6.8629459459459445, "centroid_lon": 80.819382363677164, "minlat": 6.8179009009009004, "maxlat": 6.9079909909909905, "minlon": 80.773907536190009, "maxlon": 80.864857191164305, "area_km2": 100.07376759957845, "cell_type": "land" }, "geometry": { "type": "Polygon", "coordinates": [ [ [ 80.864857191164305, 6.8179009009009 ], [ 80.864857191164305, 6.90799099099099 ], [ 80.773907536190009, 6.90799099099099 ], [ 80.773907536190009, 6.8179009009009 ], [ 80.864857191164305, 6.8179009009009 ] ] ] } },
{ "type": "Feature", "properties": { "grid_id": "grid_11_14", "cell_number": 311, "row": 11, "col": 14, "centroid_lat": 6.8629459459459445, "centroid_lon": 80.910332018651459, "minlat": 6.8179009009009004, "maxlat": 6.9079909909909905, "minlon": 80.864857191164305, "maxlon": 80.9558068461386, "area_km2": 100.07302401934955, "cell_type": "land" }, "geometry": { "type": "Polygon", "coordinates": [ [ [ 80.9558068461386, 6.8179009009009 ], [ 80.9558068461386, 6.90799099099099 ], [ 80.864857191164305, 6.90799099099099 ], [ 80.864857191164305, 6.8179009009009 ], [ 80.9558068461386, 6.8179009009009 ] ] ] } },
{ "type": "Feature", "properties": { "grid_id": "grid_11_15", "cell_number": 312, "row": 11, "col": 15, "centroid_lat": 6.8629459459459445, "centroid_lon": 81.001281673625741, "minlat": 6.8179009009009004, "maxlat": 6.9079909909909905, "minlon": 80.9558068461386, "maxlon": 81.046756501112895, "area_km2": 100.07278086218024, "cell_type": "land" }, "geometry": { "type": "Polygon", "coordinates": [ [ [ 81.046756501112895, 6.8179009009009 ], [ 81.046756501112895, 6.90799099099099 ], [ 80.9558068461386, 6.90799099099099 ], [ 80.9558068461386, 6.8179009009009 ], [ 81.046756501112895, 6.8179009009009 ] ] ] } },
{ "type": "Feature", "properties": { "grid_id": "grid_11_16", "cell_number": 313, "row": 11, "col": 16, "centroid_lat": 6.8629459459459445, "centroid_lon": 81.09223132860005, "minlat": 6.8179009009009004, "maxlat": 6.9079909909909905, "minlon": 81.046756501112895, "maxlon": 81.137706156087191, "area_km2": 100.07303812326853, "cell_type": "land" }, "geometry": { "type": "Polygon", "coordinates": [ [ [ 81.137706156087191, 6.8179009009009 ], [ 81.137706156087191, 6.90799099099099 ], [ 81.046756501112895, 6.90799099099099 ], [ 81.046756501112895, 6.8179009009009 ], [ 81.137706156087191, 6.8179009009009 ] ] ] } },
{ "type": "Feature", "properties": { "grid_id": "grid_11_17", "cell_number": 314, "row": 11, "col": 17, "centroid_lat": 6.8629459459459445, "centroid_lon": 81.183180983574317, "minlat": 6.8179009009009004, "maxlat": 6.9079909909909905, "minlon": 81.137706156087177, "maxlon": 81.228655811061472, "area_km2": 100.07379580773939, "cell_type": "land" }, "geometry": { "type": "Polygon", "coordinates": [ [ [ 81.228655811061472, 6.8179009009009 ], [ 81.228655811061472, 6.90799099099099 ], [ 81.137706156087177, 6.90799099099099 ], [ 81.137706156087177, 6.8179009009009 ], [ 81.228655811061472, 6.8179009009009 ] ] ] } },
{ "type": "Feature", "properties": { "grid_id": "grid_11_18", "cell_number": 315, "row": 11, "col": 18, "centroid_lat": 6.8629459459459445, "centroid_lon": 81.274130638548613, "minlat": 6.8179009009009004, "maxlat": 6.9079909909909905, "minlon": 81.228655811061472, "maxlon": 81.319605466035767, "area_km2": 100.07505393064049, "cell_type": "land" }, "geometry": { "type": "Polygon", "coordinates": [ [ [ 81.319605466035767, 6.8179009009009 ], [ 81.319605466035767, 6.90799099099099 ], [ 81.228655811061472, 6.90799099099099 ], [ 81.228655811061472, 6.8179009009009 ], [ 81.319605466035767, 6.8179009009009 ] ] ] } },
{ "type": "Feature", "properties": { "grid_id": "grid_11_19", "cell_number": 316, "row": 11, "col": 19, "centroid_lat": 6.8629459459459445, "centroid_lon": 81.365080293522922, "minlat": 6.8179009009009004, "maxlat": 6.9079909909909905, "minlon": 81.319605466035767, "maxlon": 81.410555121010063, "area_km2": 100.07681251707717, "cell_type": "land" }, "geometry": { "type": "Polygon", "coordinates": [ [ [ 81.410555121010063, 6.8179009009009 ], [ 81.410555121010063, 6.90799099099099 ], [ 81.319605466035767, 6.90799099099099 ], [ 81.319605466035767, 6.8179009009009 ], [ 81.410555121010063, 6.8179009009009 ] ] ] } },
{ "type": "Feature", "properties": { "grid_id": "grid_11_20", "cell_number": 317, "row": 11, "col": 20, "centroid_lat": 6.8629459459459445, "centroid_lon": 81.456029948497232, "minlat": 6.8179009009009004, "maxlat": 6.9079909909909905, "minlon": 81.410555121010063, "maxlon": 81.501504775984358, "area_km2": 100.07907160208049, "cell_type": "land" }, "geometry": { "type": "Polygon", "coordinates": [ [ [ 81.501504775984358, 6.8179009009009 ], [ 81.501504775984358, 6.90799099099099 ], [ 81.410555121010063, 6.90799099099099 ], [ 81.410555121010063, 6.8179009009009 ], [ 81.501504775984358, 6.8179009009009 ] ] ] } },
{ "type": "Feature", "properties": { "grid_id": "grid_11_21", "cell_number": 318, "row": 11, "col": 21, "centroid_lat": 6.8629459459459445, "centroid_lon": 81.546979603471499, "minlat": 6.8179009009009004, "maxlat": 6.9079909909909905, "minlon": 81.501504775984358, "maxlon": 81.592454430958654, "area_km2": 100.08183123060793, "cell_type": "land" }, "geometry": { "type": "Polygon", "coordinates": [ [ [ 81.592454430958654, 6.8179009009009 ], [ 81.592454430958654, 6.90799099099099 ], [ 81.501504775984358, 6.90799099099099 ], [ 81.501504775984358, 6.8179009009009 ], [ 81.592454430958654, 6.8179009009009 ] ] ] } },
{ "type": "Feature", "properties": { "grid_id": "grid_11_22", "cell_number": 319, "row": 11, "col": 22, "centroid_lat": 6.8629459459459445, "centroid_lon": 81.63792925844578, "minlat": 6.8179009009009004, "maxlat": 6.9079909909909905, "minlon": 81.592454430958639, "maxlon": 81.683404085932935, "area_km2": 100.08509145767974, "cell_type": "land" }, "geometry": { "type": "Polygon", "coordinates": [ [ [ 81.683404085932935, 6.8179009009009 ], [ 81.683404085932935, 6.90799099099099 ], [ 81.592454430958639, 6.90799099099099 ], [ 81.592454430958639, 6.8179009009009 ], [ 81.683404085932935, 6.8179009009009 ] ] ] } },
{ "type": "Feature", "properties": { "grid_id": "grid_11_23", "cell_number": 320, "row": 11, "col": 23, "centroid_lat": 6.8629459459459445, "centroid_lon": 81.72887891342009, "minlat": 6.8179009009009004, "maxlat": 6.9079909909909905, "minlon": 81.683404085932935, "maxlon": 81.77435374090723, "area_km2": 100.08885234824653, "cell_type": "coastal" }, "geometry": { "type": "Polygon", "coordinates": [ [ [ 81.77435374090723, 6.8179009009009 ], [ 81.77435374090723, 6.90799099099099 ], [ 81.683404085932935, 6.90799099099099 ], [ 81.683404085932935, 6.8179009009009 ], [ 81.77435374090723, 6.8179009009009 ] ] ] } },
{ "type": "Feature", "properties": { "grid_id": "grid_11_24", "cell_number": 321, "row": 11, "col": 24, "centroid_lat": 6.8629459459459445, "centroid_lon": 81.819828568394371, "minlat": 6.8179009009009004, "maxlat": 6.9079909909909905, "minlon": 81.77435374090723, "maxlon": 81.865303395881526, "area_km2": 100.09311397719198, "cell_type": "ocean" }, "geometry": { "type": "Polygon", "coordinates": [ [ [ 81.865303395881526, 6.8179009009009 ], [ 81.865303395881526, 6.90799099099099 ], [ 81.77435374090723, 6.90799099099099 ], [ 81.77435374090723, 6.8179009009009 ], [ 81.865303395881526, 6.8179009009009 ] ] ] } },
{ "type": "Feature", "properties": { "grid_id": "grid_11_25", "cell_number": 322, "row": 11, "col": 25, "centroid_lat": 6.8629459459459445, "centroid_lon": 81.910778223368695, "minlat": 6.8179009009009004, "maxlat": 6.9079909909909905, "minlon": 81.865303395881526, "maxlon": 81.956253050855821, "area_km2": 100.09787642946917, "cell_type": "ocean" }, "geometry": { "type": "Polygon", "coordinates": [ [ [ 81.956253050855821, 6.8179009009009 ], [ 81.956253050855821, 6.90799099099099 ], [ 81.865303395881526, 6.90799099099099 ], [ 81.865303395881526, 6.8179009009009 ], [ 81.956253050855821, 6.8179009009009 ] ] ] } },
{ "type": "Feature", "properties": { "grid_id": "grid_11_26", "cell_number": 323, "row": 11, "col": 26, "centroid_lat": 6.8629459459459445, "centroid_lon": 82.001727878342962, "minlat": 6.8179009009009004, "maxlat": 6.9079909909909905, "minlon": 81.956253050855821, "maxlon": 82.047202705830117, "area_km2": 100.10313979997476, "cell_type": "ocean" }, "geometry": { "type": "Polygon", "coordinates": [ [ [ 82.047202705830117, 6.8179009009009 ], [ 82.047202705830117, 6.90799099099099 ], [ 81.956253050855821, 6.90799099099099 ], [ 81.956253050855821, 6.8179009009009 ], [ 82.047202705830117, 6.8179009009009 ] ] ] } },
{ "type": "Feature", "properties": { "grid_id": "grid_12_0", "cell_number": 324, "row": 12, "col": 0, "centroid_lat": 6.9530360360360346, "centroid_lon": 79.637036849011366, "minlat": 6.9079909909909905, "maxlat": 6.9980810810810805, "minlon": 79.591562021524211, "maxlon": 79.682511676498507, "area_km2": 100.11040197201997, "cell_type": "ocean" }, "geometry": { "type": "Polygon", "coordinates": [ [ [ 79.682511676498507, 6.90799099099099 ], [ 79.682511676498507, 6.998081081081081 ], [ 79.591562021524211, 6.998081081081081 ], [ 79.591562021524211, 6.90799099099099 ], [ 79.682511676498507, 6.90799099099099 ] ] ] } },
{ "type": "Feature", "properties": { "grid_id": "grid_12_1", "cell_number": 325, "row": 12, "col": 1, "centroid_lat": 6.9530360360360346, "centroid_lon": 79.727986503985662, "minlat": 6.9079909909909905, "maxlat": 6.9980810810810805, "minlon": 79.682511676498507, "maxlon": 79.773461331472802, "area_km2": 100.10315204258359, "cell_type": "ocean" }, "geometry": { "type": "Polygon", "coordinates": [ [ [ 79.773461331472802, 6.90799099099099 ], [ 79.773461331472802, 6.998081081081081 ], [ 79.682511676498507, 6.998081081081081 ], [ 79.682511676498507, 6.90799099099099 ], [ 79.773461331472802, 6.90799099099099 ] ] ] } },
{ "type": "Feature", "properties": { "grid_id": "grid_12_2", "cell_number": 326, "row": 12, "col": 2, "centroid_lat": 6.9530360360360346, "centroid_lon": 79.818936158959943, "minlat": 6.9079909909909905, "maxlat": 6.9980810810810805, "minlon": 79.773461331472802, "maxlon": 79.864410986447098, "area_km2": 100.09640322117362, "cell_type": "coastal" }, "geometry": { "type": "Polygon", "coordinates": [ [ [ 79.864410986447098, 6.90799099099099 ], [ 79.864410986447098, 6.998081081081081 ], [ 79.773461331472802, 6.998081081081081 ], [ 79.773461331472802, 6.90799099099099 ], [ 79.864410986447098, 6.90799099099099 ] ] ] } },
{ "type": "Feature", "properties": { "grid_id": "grid_12_3", "cell_number": 327, "row": 12, "col": 3, "centroid_lat": 6.9530360360360346, "centroid_lon": 79.909885813934224, "minlat": 6.9079909909909905, "maxlat": 6.9980810810810805, "minlon": 79.864410986447083, "maxlon": 79.955360641421379, "area_km2": 100.09015537330698, "cell_type": "land" }, "geometry": { "type": "Polygon", "coordinates": [ [ [ 79.955360641421379, 6.90799099099099 ], [ 79.955360641421379, 6.998081081081081 ], [ 79.864410986447083, 6.998081081081081 ], [ 79.864410986447083, 6.90799099099099 ], [ 79.955360641421379, 6.90799099099099 ] ] ] } },
{ "type": "Feature", "properties": { "grid_id": "grid_12_4", "cell_number": 328, "row": 12, "col": 4, "centroid_lat": 6.9530360360360346, "centroid_lon": 80.000835468908519, "minlat": 6.9079909909909905, "maxlat": 6.9980810810810805, "minlon": 79.955360641421379, "maxlon": 80.046310296395674, "area_km2": 100.0844083745786, "cell_type": "land" }, "geometry": { "type": "Polygon", "coordinates": [ [ [ 80.046310296395674, 6.90799099099099 ], [ 80.046310296395674, 6.998081081081081 ], [ 79.955360641421379, 6.998081081081081 ], [ 79.955360641421379, 6.90799099099099 ], [ 80.046310296395674, 6.90799099099099 ] ] ] } },
{ "type": "Feature", "properties": { "grid_id": "grid_12_5", "cell_number": 329, "row": 12, "col": 5, "centroid_lat": 6.9530360360360346, "centroid_lon": 80.091785123882829, "minlat": 6.9079909909909905, "maxlat": 6.9980810810810805, "minlon": 80.046310296395674, "maxlon": 80.13725995136997, "area_km2": 100.07916211052232, "cell_type": "land" }, "geometry": { "type": "Polygon", "coordinates": [ [ [ 80.13725995136997, 6.90799099099099 ], [ 80.13725995136997, 6.998081081081081 ], [ 80.046310296395674, 6.998081081081081 ], [ 80.046310296395674, 6.90799099099099 ], [ 80.13725995136997, 6.90799099099099 ] ] ] } },
{ "type": "Feature", "properties": { "grid_id": "grid_12_6", "cell_number": 330, "row": 12, "col": 6, "centroid_lat": 6.9530360360360346, "centroid_lon": 80.18273477885711, "minlat": 6.9079909909909905, "maxlat": 6.9980810810810805, "minlon": 80.13725995136997, "maxlon": 80.228209606344265, "area_km2": 100.07441647661345, "cell_type": "land" }, "geometry": { "type": "Polygon", "coordinates": [ [ [ 80.228209606344265, 6.90799099099099 ], [ 80.228209606344265, 6.998081081081081 ], [ 80.13725995136997, 6.998081081081081 ], [ 80.13725995136997, 6.90799099099099 ], [ 80.228209606344265, 6.90799099099099 ] ] ] } },
{ "type": "Feature", "properties": { "grid_id": "grid_12_7", "cell_number": 331, "row": 12, "col": 7, "centroid_lat": 6.9530360360360346, "centroid_lon": 80.273684433831406, "minlat": 6.9079909909909905, "maxlat": 6.9980810810810805, "minlon": 80.228209606344265, "maxlon": 80.319159261318561, "area_km2": 100.07017137839311, "cell_type": "land" }, "geometry": { "type": "Polygon", "coordinates": [ [ [ 80.319159261318561, 6.90799099099099 ], [ 80.319159261318561, 6.998081081081081 ], [ 80.228209606344265, 6.998081081081081 ], [ 80.228209606344265, 6.90799099099099 ], [ 80.319159261318561, 6.90799099099099 ] ] ] } },
{ "type": "Feature", "properties": { "grid_id": "grid_12_8", "cell_number": 332, "row": 12, "col": 8, "centroid_lat": 6.9530360360360346, "centroid_lon": 80.364634088805687, "minlat": 6.9079909909909905, "maxlat": 6.9980810810810805, "minlon": 80.319159261318546, "maxlon": 80.410108916292842, "area_km2": 100.06642673132986, "cell_type": "land" }, "geometry": { "type": "Polygon", "coordinates": [ [ [ 80.410108916292842, 6.90799099099099 ], [ 80.410108916292842, 6.998081081081081 ], [ 80.319159261318546, 6.998081081081081 ], [ 80.319159261318546, 6.90799099099099 ], [ 80.410108916292842, 6.90799099099099 ] ] ] } },
{ "type": "Feature", "properties": { "grid_id": "grid_12_9", "cell_number": 333, "row": 12, "col": 9, "centroid_lat": 6.9530360360360346, "centroid_lon": 80.455583743779982, "minlat": 6.9079909909909905, "maxlat": 6.9980810810810805, "minlon": 80.410108916292842, "maxlon": 80.501058571267137, "area_km2": 100.0631824608182, "cell_type": "land" }, "geometry": { "type": "Polygon", "coordinates": [ [ [ 80.501058571267137, 6.90799099099099 ], [ 80.501058571267137, 6.998081081081081 ], [ 80.410108916292842, 6.998081081081081 ], [ 80.410108916292842, 6.90799099099099 ], [ 80.501058571267137, 6.90799099099099 ] ] ] } },
{ "type": "Feature", "properties": { "grid_id": "grid_12_10", "cell_number": 334, "row": 12, "col": 10, "centroid_lat": 6.9530360360360346, "centroid_lon": 80.546533398754292, "minlat": 6.9079909909909905, "maxlat": 6.9980810810810805, "minlon": 80.501058571267137, "maxlon": 80.592008226241433, "area_km2": 100.06043850230679, "cell_type": "land" }, "geometry": { "type": "Polygon", "coordinates": [ [ [ 80.592008226241433, 6.90799099099099 ], [ 80.592008226241433, 6.998081081081081 ], [ 80.501058571267137, 6.998081081081081 ], [ 80.501058571267137, 6.90799099099099 ], [ 80.592008226241433, 6.90799099099099 ] ] ] } },
{ "type": "Feature", "properties": { "grid_id": "grid_12_11", "cell_number": 335, "row": 12, "col": 11, "centroid_lat": 6.9530360360360346, "centroid_lon": 80.637483053728573, "minlat": 6.9079909909909905, "maxlat": 6.9980810810810805, "minlon": 80.592008226241433, "maxlon": 80.682957881215728, "area_km2": 100.05819480116479, "cell_type": "land" }, "geometry": { "type": "Polygon", "coordinates": [ [ [ 80.682957881215728, 6.90799099099099 ], [ 80.682957881215728, 6.998081081081081 ], [ 80.592008226241433, 6.998081081081081 ], [ 80.592008226241433, 6.90799099099099 ], [ 80.682957881215728, 6.90799099099099 ] ] ] } },
{ "type": "Feature", "properties": { "grid_id": "grid_12_12", "cell_number": 336, "row": 12, "col": 12, "centroid_lat": 6.9530360360360346, "centroid_lon": 80.728432708702854, "minlat": 6.9079909909909905, "maxlat": 6.9980810810810805, "minlon": 80.682957881215714, "maxlon": 80.773907536190009, "area_km2": 100.05645131267917, "cell_type": "land" }, "geometry": { "type": "Polygon", "coordinates": [ [ [ 80.773907536190009, 6.90799099099099 ], [ 80.773907536190009, 6.998081081081081 ], [ 80.682957881215714, 6.998081081081081 ], [ 80.682957881215714, 6.90799099099099 ], [ 80.773907536190009, 6.90799099099099 ] ] ] } },
{ "type": "Feature", "properties": { "grid_id": "grid_12_13", "cell_number": 337, "row": 12, "col": 13, "centroid_lat": 6.9530360360360346, "centroid_lon": 80.819382363677164, "minlat": 6.9079909909909905, "maxlat": 6.9980810810810805, "minlon": 80.773907536190009, "maxlon": 80.864857191164305, "area_km2": 100.05520800218447, "cell_type": "land" }, "geometry": { "type": "Polygon", "coordinates": [ [ [ 80.864857191164305, 6.90799099099099 ], [ 80.864857191164305, 6.998081081081081 ], [ 80.773907536190009, 6.998081081081081 ], [ 80.773907536190009, 6.90799099099099 ], [ 80.864857191164305, 6.90799099099099 ] ] ] } },
{ "type": "Feature", "properties": { "grid_id": "grid_12_14", "cell_number": 338, "row": 12, "col": 14, "centroid_lat": 6.9530360360360346, "centroid_lon": 80.910332018651459, "minlat": 6.9079909909909905, "maxlat": 6.9980810810810805, "minlon": 80.864857191164305, "maxlon": 80.9558068461386, "area_km2": 100.05446484492731, "cell_type": "land" }, "geometry": { "type": "Polygon", "coordinates": [ [ [ 80.9558068461386, 6.90799099099099 ], [ 80.9558068461386, 6.998081081081081 ], [ 80.864857191164305, 6.998081081081081 ], [ 80.864857191164305, 6.90799099099099 ], [ 80.9558068461386, 6.90799099099099 ] ] ] } },
{ "type": "Feature", "properties": { "grid_id": "grid_12_15", "cell_number": 339, "row": 12, "col": 15, "centroid_lat": 6.9530360360360346, "centroid_lon": 81.001281673625741, "minlat": 6.9079909909909905, "maxlat": 6.9980810810810805, "minlon": 80.9558068461386, "maxlon": 81.046756501112895, "area_km2": 100.05422182607317, "cell_type": "land" }, "geometry": { "type": "Polygon", "coordinates": [ [ [ 81.046756501112895, 6.90799099099099 ], [ 81.046756501112895, 6.998081081081081 ], [ 80.9558068461386, 6.998081081081081 ], [ 80.9558068461386, 6.90799099099099 ], [ 81.046756501112895, 6.90799099099099 ] ] ] } },
{ "type": "Feature", "properties": { "grid_id": "grid_12_16", "cell_number": 340, "row": 12, "col": 16, "centroid_lat": 6.9530360360360346, "centroid_lon": 81.09223132860005, "minlat": 6.9079909909909905, "maxlat": 6.9980810810810805, "minlon": 81.046756501112895, "maxlon": 81.137706156087191, "area_km2": 100.05447894082435, "cell_type": "land" }, "geometry": { "type": "Polygon", "coordinates": [ [ [ 81.137706156087191, 6.90799099099099 ], [ 81.137706156087191, 6.998081081081081 ], [ 81.046756501112895, 6.998081081081081 ], [ 81.046756501112895, 6.90799099099099 ], [ 81.137706156087191, 6.90799099099099 ] ] ] } },
{ "type": "Feature", "properties": { "grid_id": "grid_12_17", "cell_number": 341, "row": 12, "col": 17, "centroid_lat": 6.9530360360360346, "centroid_lon": 81.183180983574317, "minlat": 6.9079909909909905, "maxlat": 6.9980810810810805, "minlon": 81.137706156087177, "maxlon": 81.228655811061472, "area_km2": 100.05523619430014, "cell_type": "land" }, "geometry": { "type": "Polygon", "coordinates": [ [ [ 81.228655811061472, 6.90799099099099 ], [ 81.228655811061472, 6.998081081081081 ], [ 81.137706156087177, 6.998081081081081 ], [ 81.137706156087177, 6.90799099099099 ], [ 81.228655811061472, 6.90799099099099 ] ] ] } },
{ "type": "Feature", "properties": { "grid_id": "grid_12_18", "cell_number": 342, "row": 12, "col": 18, "centroid_lat": 6.9530360360360346, "centroid_lon": 81.274130638548613, "minlat": 6.9079909909909905, "maxlat": 6.9980810810810805, "minlon": 81.228655811061472, "maxlon": 81.319605466035767, "area_km2": 100.05649360153286, "cell_type": "land" }, "geometry": { "type": "Polygon", "coordinates": [ [ [ 81.319605466035767, 6.90799099099099 ], [ 81.319605466035767, 6.998081081081081 ], [ 81.228655811061472, 6.998081081081081 ], [ 81.228655811061472, 6.90799099099099 ], [ 81.319605466035767, 6.90799099099099 ] ] ] } },
{ "type": "Feature", "properties": { "grid_id": "grid_12_19", "cell_number": 343, "row": 12, "col": 19, "centroid_lat": 6.9530360360360346, "centroid_lon": 81.365080293522922, "minlat": 6.9079909909909905, "maxlat": 6.9980810810810805, "minlon": 81.319605466035767, "maxlon": 81.410555121010063, "area_km2": 100.05825118759894, "cell_type": "land" }, "geometry": { "type": "Polygon", "coordinates": [ [ [ 81.410555121010063, 6.90799099099099 ], [ 81.410555121010063, 6.998081081081081 ], [ 81.319605466035767, 6.998081081081081 ], [ 81.319605466035767, 6.90799099099099 ], [ 81.410555121010063, 6.90799099099099 ] ] ] } },
{ "type": "Feature", "properties": { "grid_id": "grid_12_20", "cell_number": 344, "row": 12, "col": 20, "centroid_lat": 6.9530360360360346, "centroid_lon": 81.456029948497232, "minlat": 6.9079909909909905, "maxlat": 6.9980810810810805, "minlon": 81.410555121010063, "maxlon": 81.501504775984358, "area_km2": 100.06050898748663, "cell_type": "land" }, "geometry": { "type": "Polygon", "coordinates": [ [ [ 81.501504775984358, 6.90799099099099 ], [ 81.501504775984358, 6.998081081081081 ], [ 81.410555121010063, 6.998081081081081 ], [ 81.410555121010063, 6.90799099099099 ], [ 81.501504775984358, 6.90799099099099 ] ] ] } },
{ "type": "Feature", "properties": { "grid_id": "grid_12_21", "cell_number": 345, "row": 12, "col": 21, "centroid_lat": 6.9530360360360346, "centroid_lon": 81.546979603471499, "minlat": 6.9079909909909905, "maxlat": 6.9980810810810805, "minlon": 81.501504775984358, "maxlon": 81.592454430958654, "area_km2": 100.06326704610362, "cell_type": "land" }, "geometry": { "type": "Polygon", "coordinates": [ [ [ 81.592454430958654, 6.90799099099099 ], [ 81.592454430958654, 6.998081081081081 ], [ 81.501504775984358, 6.998081081081081 ], [ 81.501504775984358, 6.90799099099099 ], [ 81.592454430958654, 6.90799099099099 ] ] ] } },
{ "type": "Feature", "properties": { "grid_id": "grid_12_22", "cell_number": 346, "row": 12, "col": 22, "centroid_lat": 6.9530360360360346, "centroid_lon": 81.63792925844578, "minlat": 6.9079909909909905, "maxlat": 6.9980810810810805, "minlon": 81.592454430958639, "maxlon": 81.683404085932935, "area_km2": 100.06652541840594, "cell_type": "land" }, "geometry": { "type": "Polygon", "coordinates": [ [ [ 81.683404085932935, 6.90799099099099 ], [ 81.683404085932935, 6.998081081081081 ], [ 81.592454430958639, 6.998081081081081 ], [ 81.592454430958639, 6.90799099099099 ], [ 81.683404085932935, 6.90799099099099 ] ] ] } },
{ "type": "Feature", "properties": { "grid_id": "grid_12_23", "cell_number": 347, "row": 12, "col": 23, "centroid_lat": 6.9530360360360346, "centroid_lon": 81.72887891342009, "minlat": 6.9079909909909905, "maxlat": 6.9980810810810805, "minlon": 81.683404085932935, "maxlon": 81.77435374090723, "area_km2": 100.07028416926664, "cell_type": "coastal" }, "geometry": { "type": "Polygon", "coordinates": [ [ [ 81.77435374090723, 6.90799099099099 ], [ 81.77435374090723, 6.998081081081081 ], [ 81.683404085932935, 6.998081081081081 ], [ 81.683404085932935, 6.90799099099099 ], [ 81.77435374090723, 6.90799099099099 ] ] ] } },
{ "type": "Feature", "properties": { "grid_id": "grid_12_24", "cell_number": 348, "row": 12, "col": 24, "centroid_lat": 6.9530360360360346, "centroid_lon": 81.819828568394371, "minlat": 6.9079909909909905, "maxlat": 6.9980810810810805, "minlon": 81.77435374090723, "maxlon": 81.865303395881526, "area_km2": 100.0745433734872, "cell_type": "ocean" }, "geometry": { "type": "Polygon", "coordinates": [ [ [ 81.865303395881526, 6.90799099099099 ], [ 81.865303395881526, 6.998081081081081 ], [ 81.77435374090723, 6.998081081081081 ], [ 81.77435374090723, 6.90799099099099 ], [ 81.865303395881526, 6.90799099099099 ] ] ] } },
{ "type": "Feature", "properties": { "grid_id": "grid_12_25", "cell_number": 349, "row": 12, "col": 25, "centroid_lat": 6.9530360360360346, "centroid_lon": 81.910778223368695, "minlat": 6.9079909909909905, "maxlat": 6.9980810810810805, "minlon": 81.865303395881526, "maxlon": 81.956253050855821, "area_km2": 100.07930311592173, "cell_type": "ocean" }, "geometry": { "type": "Polygon", "coordinates": [ [ [ 81.956253050855821, 6.90799099099099 ], [ 81.956253050855821, 6.998081081081081 ], [ 81.865303395881526, 6.998081081081081 ], [ 81.865303395881526, 6.90799099099099 ], [ 81.956253050855821, 6.90799099099099 ] ] ] } },
{ "type": "Feature", "properties": { "grid_id": "grid_12_26", "cell_number": 350, "row": 12, "col": 26, "centroid_lat": 6.9530360360360346, "centroid_lon": 82.001727878342962, "minlat": 6.9079909909909905, "maxlat": 6.9980810810810805, "minlon": 81.956253050855821, "maxlon": 82.047202705830117, "area_km2": 100.08456349135865, "cell_type": "ocean" }, "geometry": { "type": "Polygon", "coordinates": [ [ [ 82.047202705830117, 6.90799099099099 ], [ 82.047202705830117, 6.998081081081081 ], [ 81.956253050855821, 6.998081081081081 ], [ 81.956253050855821, 6.90799099099099 ], [ 82.047202705830117, 6.90799099099099 ] ] ] } },
{ "type": "Feature", "properties": { "grid_id": "grid_13_0", "cell_number": 351, "row": 13, "col": 0, "centroid_lat": 7.0431261261261247, "centroid_lon": 79.637036849011366, "minlat": 6.9980810810810805, "maxlat": 7.0881711711711706, "minlon": 79.591562021524211, "maxlon": 79.682511676498507, "area_km2": 100.09156941731494, "cell_type": "ocean" }, "geometry": { "type": "Polygon", "coordinates": [ [ [ 79.682511676498507, 6.998081081081081 ], [ 79.682511676498507, 7.088171171171171 ], [ 79.591562021524211, 7.088171171171171 ], [ 79.591562021524211, 6.998081081081081 ], [ 79.682511676498507, 6.998081081081081 ] ] ] } },
{ "type": "Feature", "properties": { "grid_id": "grid_13_1", "cell_number": 352, "row": 13, "col": 1, "centroid_lat": 7.0431261261261247, "centroid_lon": 79.727986503985662, "minlat": 6.9980810810810805, "maxlat": 7.0881711711711706, "minlon": 79.682511676498507, "maxlon": 79.773461331472802, "area_km2": 100.0843236691272, "cell_type": "ocean" }, "geometry": { "type": "Polygon", "coordinates": [ [ [ 79.773461331472802, 6.998081081081081 ], [ 79.773461331472802, 7.088171171171171 ], [ 79.682511676498507, 7.088171171171171 ], [ 79.682511676498507, 6.998081081081081 ], [ 79.773461331472802, 6.998081081081081 ] ] ] } },
{ "type": "Feature", "properties": { "grid_id": "grid_13_2", "cell_number": 353, "row": 13, "col": 2, "centroid_lat": 7.0431261261261247, "centroid_lon": 79.818936158959943, "minlat": 6.9980810810810805, "maxlat": 7.0881711711711706, "minlon": 79.773461331472802, "maxlon": 79.864410986447098, "area_km2": 100.07757873959082, "cell_type": "coastal" }, "geometry": { "type": "Polygon", "coordinates": [ [ [ 79.864410986447098, 6.998081081081081 ], [ 79.864410986447098, 7.088171171171171 ], [ 79.773461331472802, 7.088171171171171 ], [ 79.773461331472802, 6.998081081081081 ], [ 79.864410986447098, 6.998081081081081 ] ] ] } },
{ "type": "Feature", "properties": { "grid_id": "grid_13_3", "cell_number": 354, "row": 13, "col": 3, "centroid_lat": 7.0431261261261247, "centroid_lon": 79.909885813934224, "minlat": 6.9980810810810805, "maxlat": 7.0881711711711706, "minlon": 79.864410986447083, "maxlon": 79.955360641421379, "area_km2": 100.07133449438084, "cell_type": "land" }, "geometry": { "type": "Polygon", "coordinates": [ [ [ 79.955360641421379, 6.998081081081081 ], [ 79.955360641421379, 7.088171171171171 ], [ 79.864410986447083, 7.088171171171171 ], [ 79.864410986447083, 6.998081081081081 ], [ 79.955360641421379, 6.998081081081081 ] ] ] } },
{ "type": "Feature", "properties": { "grid_id": "grid_13_4", "cell_number": 355, "row": 13, "col": 4, "centroid_lat": 7.0431261261261247, "centroid_lon": 80.000835468908519, "minlat": 6.9980810810810805, "maxlat": 7.0881711711711706, "minlon": 79.955360641421379, "maxlon": 80.046310296395674, "area_km2": 100.06559080923276, "cell_type": "land" }, "geometry": { "type": "Polygon", "coordinates": [ [ [ 80.046310296395674, 6.998081081081081 ], [ 80.046310296395674, 7.088171171171171 ], [ 79.955360641421379, 7.088171171171171 ], [ 79.955360641421379, 6.998081081081081 ], [ 80.046310296395674, 6.998081081081081 ] ] ] } },
{ "type": "Feature", "properties": { "grid_id": "grid_13_5", "cell_number": 356, "row": 13, "col": 5, "centroid_lat": 7.0431261261261247, "centroid_lon": 80.091785123882829, "minlat": 6.9980810810810805, "maxlat": 7.0881711711711706, "minlon": 80.046310296395674, "maxlon": 80.13725995136997, "area_km2": 100.06034756982071, "cell_type": "land" }, "geometry": { "type": "Polygon", "coordinates": [ [ [ 80.13725995136997, 6.998081081081081 ], [ 80.13725995136997, 7.088171171171171 ], [ 80.046310296395674, 7.088171171171171 ], [ 80.046310296395674, 6.998081081081081 ], [ 80.13725995136997, 6.998081081081081 ] ] ] } },
{ "type": "Feature", "properties": { "grid_id": "grid_13_6", "cell_number": 357, "row": 13, "col": 6, "centroid_lat": 7.0431261261261247, "centroid_lon": 80.18273477885711, "minlat": 6.9980810810810805, "maxlat": 7.0881711711711706, "minlon": 80.13725995136997, "maxlon": 80.228209606344265, "area_km2": 100.0556046717422, "cell_type": "land" }, "geometry": { "type": "Polygon", "coordinates": [ [ [ 80.228209606344265, 6.998081081081081 ], [ 80.228209606344265, 7.088171171171171 ], [ 80.13725995136997, 7.088171171171171 ], [ 80.13725995136997, 6.998081081081081 ], [ 80.228209606344265, 6.998081081081081 ] ] ] } },
{ "type": "Feature", "properties": { "grid_id": "grid_13_7", "cell_number": 358, "row": 13, "col": 7, "centroid_lat": 7.0431261261261247, "centroid_lon": 80.273684433831406, "minlat": 6.9980810810810805, "maxlat": 7.0881711711711706, "minlon": 80.228209606344265, "maxlon": 80.319159261318561, "area_km2": 100.05136202064352, "cell_type": "land" }, "geometry": { "type": "Polygon", "coordinates": [ [ [ 80.319159261318561, 6.998081081081081 ], [ 80.319159261318561, 7.088171171171171 ], [ 80.228209606344265, 7.088171171171171 ], [ 80.228209606344265, 6.998081081081081 ], [ 80.319159261318561, 6.998081081081081 ] ] ] } },
{ "type": "Feature", "properties": { "grid_id": "grid_13_8", "cell_number": 359, "row": 13, "col": 8, "centroid_lat": 7.0431261261261247, "centroid_lon": 80.364634088805687, "minlat": 6.9980810810810805, "maxlat": 7.0881711711711706, "minlon": 80.319159261318546, "maxlon": 80.410108916292842, "area_km2": 100.04761953209466, "cell_type": "land" }, "geometry": { "type": "Polygon", "coordinates": [ [ [ 80.410108916292842, 6.998081081081081 ], [ 80.410108916292842, 7.088171171171171 ], [ 80.319159261318546, 7.088171171171171 ], [ 80.319159261318546, 6.998081081081081 ], [ 80.410108916292842, 6.998081081081081 ] ] ] } },
{ "type": "Feature", "properties": { "grid_id": "grid_13_9", "cell_number": 360, "row": 13, "col": 9, "centroid_lat": 7.0431261261261247, "centroid_lon": 80.455583743779982, "minlat": 6.9980810810810805, "maxlat": 7.0881711711711706, "minlon": 80.410108916292842, "maxlon": 80.501058571267137, "area_km2": 100.04437713157969, "cell_type": "land" }, "geometry": { "type": "Polygon", "coordinates": [ [ [ 80.501058571267137, 6.998081081081081 ], [ 80.501058571267137, 7.088171171171171 ], [ 80.410108916292842, 7.088171171171171 ], [ 80.410108916292842, 6.998081081081081 ], [ 80.501058571267137, 6.998081081081081 ] ] ] } },
{ "type": "Feature", "properties": { "grid_id": "grid_13_10", "cell_number": 361, "row": 13, "col": 10, "centroid_lat": 7.0431261261261247, "centroid_lon": 80.546533398754292, "minlat": 6.9980810810810805, "maxlat": 7.0881711711711706, "minlon": 80.501058571267137, "maxlon": 80.592008226241433, "area_km2": 100.04163475461927, "cell_type": "land" }, "geometry": { "type": "Polygon", "coordinates": [ [ [ 80.592008226241433, 6.998081081081081 ], [ 80.592008226241433, 7.088171171171171 ], [ 80.501058571267137, 7.088171171171171 ], [ 80.501058571267137, 6.998081081081081 ], [ 80.592008226241433, 6.998081081081081 ] ] ] } },
{ "type": "Feature", "properties": { "grid_id": "grid_13_11", "cell_number": 362, "row": 13, "col": 11, "centroid_lat": 7.0431261261261247, "centroid_lon": 80.637483053728573, "minlat": 6.9980810810810805, "maxlat": 7.0881711711711706, "minlon": 80.592008226241433, "maxlon": 80.682957881215728, "area_km2": 100.03939234664753, "cell_type": "land" }, "geometry": { "type": "Polygon", "coordinates": [ [ [ 80.682957881215728, 6.998081081081081 ], [ 80.682957881215728, 7.088171171171171 ], [ 80.592008226241433, 7.088171171171171 ], [ 80.592008226241433, 6.998081081081081 ], [ 80.682957881215728, 6.998081081081081 ] ] ] } },
{ "type": "Feature", "properties": { "grid_id": "grid_13_12", "cell_number": 363, "row": 13, "col": 12, "centroid_lat": 7.0431261261261247, "centroid_lon": 80.728432708702854, "minlat": 6.9980810810810805, "maxlat": 7.0881711711711706, "minlon": 80.682957881215714, "maxlon": 80.773907536190009, "area_km2": 100.03764986300644, "cell_type": "land" }, "geometry": { "type": "Polygon", "coordinates": [ [ [ 80.773907536190009, 6.998081081081081 ], [ 80.773907536190009, 7.088171171171171 ], [ 80.682957881215714, 7.088171171171171 ], [ 80.682957881215714, 6.998081081081081 ], [ 80.773907536190009, 6.998081081081081 ] ] ] } },
{ "type": "Feature", "properties": { "grid_id": "grid_13_13", "cell_number": 364, "row": 13, "col": 13, "centroid_lat": 7.0431261261261247, "centroid_lon": 80.819382363677164, "minlat": 6.9980810810810805, "maxlat": 7.0881711711711706, "minlon": 80.773907536190009, "maxlon": 80.864857191164305, "area_km2": 100.03640726906778, "cell_type": "land" }, "geometry": { "type": "Polygon", "coordinates": [ [ [ 80.864857191164305, 6.998081081081081 ], [ 80.864857191164305, 7.088171171171171 ], [ 80.773907536190009, 7.088171171171171 ], [ 80.773907536190009, 6.998081081081081 ], [ 80.864857191164305, 6.998081081081081 ] ] ] } },
{ "type": "Feature", "properties": { "grid_id": "grid_13_14", "cell_number": 365, "row": 13, "col": 14, "centroid_lat": 7.0431261261261247, "centroid_lon": 80.910332018651459, "minlat": 6.9980810810810805, "maxlat": 7.0881711711711706, "minlon": 80.864857191164305, "maxlon": 80.9558068461386, "area_km2": 100.035664540108, "cell_type": "land" }, "geometry": { "type": "Polygon", "coordinates": [ [ [ 80.9558068461386, 6.998081081081081 ], [ 80.9558068461386, 7.088171171171171 ], [ 80.864857191164305, 7.088171171171171 ], [ 80.864857191164305, 6.998081081081081 ], [ 80.9558068461386, 6.998081081081081 ] ] ] } },
{ "type": "Feature", "properties": { "grid_id": "grid_13_15", "cell_number": 366, "row": 13, "col": 15, "centroid_lat": 7.0431261261261247, "centroid_lon": 81.001281673625741, "minlat": 6.9980810810810805, "maxlat": 7.0881711711711706, "minlon": 80.9558068461386, "maxlon": 81.046756501112895, "area_km2": 100.03542166130927, "cell_type": "land" }, "geometry": { "type": "Polygon", "coordinates": [ [ [ 81.046756501112895, 6.998081081081081 ], [ 81.046756501112895, 7.088171171171171 ], [ 80.9558068461386, 7.088171171171171 ], [ 80.9558068461386, 6.998081081081081 ], [ 81.046756501112895, 6.998081081081081 ] ] ] } },
{ "type": "Feature", "properties": { "grid_id": "grid_13_16", "cell_number": 367, "row": 13, "col": 16, "centroid_lat": 7.0431261261261247, "centroid_lon": 81.09223132860005, "minlat": 6.9980810810810805, "maxlat": 7.0881711711711706, "minlon": 81.046756501112895, "maxlon": 81.137706156087191, "area_km2": 100.03567862788015, "cell_type": "land" }, "geometry": { "type": "Polygon", "coordinates": [ [ [ 81.137706156087191, 6.998081081081081 ], [ 81.137706156087191, 7.088171171171171 ], [ 81.046756501112895, 7.088171171171171 ], [ 81.046756501112895, 6.998081081081081 ], [ 81.137706156087191, 6.998081081081081 ] ] ] } },
{ "type": "Feature", "properties": { "grid_id": "grid_13_17", "cell_number": 368, "row": 13, "col": 17, "centroid_lat": 7.0431261261261247, "centroid_lon": 81.183180983574317, "minlat": 6.9980810810810805, "maxlat": 7.0881711711711706, "minlon": 81.137706156087177, "maxlon": 81.228655811061472, "area_km2": 100.03643544493342, "cell_type": "land" }, "geometry": { "type": "Polygon", "coordinates": [ [ [ 81.228655811061472, 6.998081081081081 ], [ 81.228655811061472, 7.088171171171171 ], [ 81.137706156087177, 7.088171171171171 ], [ 81.137706156087177, 6.998081081081081 ], [ 81.228655811061472, 6.998081081081081 ] ] ] } },
{ "type": "Feature", "properties": { "grid_id": "grid_13_18", "cell_number": 369, "row": 13, "col": 18, "centroid_lat": 7.0431261261261247, "centroid_lon": 81.274130638548613, "minlat": 6.9980810810810805, "maxlat": 7.0881711711711706, "minlon": 81.228655811061472, "maxlon": 81.319605466035767, "area_km2": 100.03769212748686, "cell_type": "land" }, "geometry": { "type": "Polygon", "coordinates": [ [ [ 81.319605466035767, 6.998081081081081 ], [ 81.319605466035767, 7.088171171171171 ], [ 81.228655811061472, 7.088171171171171 ], [ 81.228655811061472, 6.998081081081081 ], [ 81.319605466035767, 6.998081081081081 ] ] ] } },
{ "type": "Feature", "properties": { "grid_id": "grid_13_19", "cell_number": 370, "row": 13, "col": 19, "centroid_lat": 7.0431261261261247, "centroid_lon": 81.365080293522922, "minlat": 6.9980810810810805, "maxlat": 7.0881711711711706, "minlon": 81.319605466035767, "maxlon": 81.410555121010063, "area_km2": 100.03944870058363, "cell_type": "land" }, "geometry": { "type": "Polygon", "coordinates": [ [ [ 81.410555121010063, 6.998081081081081 ], [ 81.410555121010063, 7.088171171171171 ], [ 81.319605466035767, 7.088171171171171 ], [ 81.319605466035767, 6.998081081081081 ], [ 81.410555121010063, 6.998081081081081 ] ] ] } },
{ "type": "Feature", "properties": { "grid_id": "grid_13_20", "cell_number": 371, "row": 13, "col": 20, "centroid_lat": 7.0431261261261247, "centroid_lon": 81.456029948497232, "minlat": 6.9980810810810805, "maxlat": 7.0881711711711706, "minlon": 81.410555121010063, "maxlon": 81.501504775984358, "area_km2": 100.04170519917274, "cell_type": "land" }, "geometry": { "type": "Polygon", "coordinates": [ [ [ 81.501504775984358, 6.998081081081081 ], [ 81.501504775984358, 7.088171171171171 ], [ 81.410555121010063, 7.088171171171171 ], [ 81.410555121010063, 6.998081081081081 ], [ 81.501504775984358, 6.998081081081081 ] ] ] } },
{ "type": "Feature", "properties": { "grid_id": "grid_13_21", "cell_number": 372, "row": 13, "col": 21, "centroid_lat": 7.0431261261261247, "centroid_lon": 81.546979603471499, "minlat": 6.9980810810810805, "maxlat": 7.0881711711711706, "minlon": 81.501504775984358, "maxlon": 81.592454430958654, "area_km2": 100.04446166810878, "cell_type": "land" }, "geometry": { "type": "Polygon", "coordinates": [ [ [ 81.592454430958654, 6.998081081081081 ], [ 81.592454430958654, 7.088171171171171 ], [ 81.501504775984358, 7.088171171171171 ], [ 81.501504775984358, 6.998081081081081 ], [ 81.592454430958654, 6.998081081081081 ] ] ] } },
{ "type": "Feature", "properties": { "grid_id": "grid_13_22", "cell_number": 373, "row": 13, "col": 22, "centroid_lat": 7.0431261261261247, "centroid_lon": 81.63792925844578, "minlat": 6.9980810810810805, "maxlat": 7.0881711711711706, "minlon": 81.592454430958639, "maxlon": 81.683404085932935, "area_km2": 100.04771816228482, "cell_type": "land" }, "geometry": { "type": "Polygon", "coordinates": [ [ [ 81.683404085932935, 6.998081081081081 ], [ 81.683404085932935, 7.088171171171171 ], [ 81.592454430958639, 7.088171171171171 ], [ 81.592454430958639, 6.998081081081081 ], [ 81.683404085932935, 6.998081081081081 ] ] ] } },
{ "type": "Feature", "properties": { "grid_id": "grid_13_23", "cell_number": 374, "row": 13, "col": 23, "centroid_lat": 7.0431261261261247, "centroid_lon": 81.72887891342009, "minlat": 6.9980810810810805, "maxlat": 7.0881711711711706, "minlon": 81.683404085932935, "maxlon": 81.77435374090723, "area_km2": 100.05147474649709, "cell_type": "coastal" }, "geometry": { "type": "Polygon", "coordinates": [ [ [ 81.77435374090723, 6.998081081081081 ], [ 81.77435374090723, 7.088171171171171 ], [ 81.683404085932935, 7.088171171171171 ], [ 81.683404085932935, 6.998081081081081 ], [ 81.77435374090723, 6.998081081081081 ] ] ] } },
{ "type": "Feature", "properties": { "grid_id": "grid_13_24", "cell_number": 375, "row": 13, "col": 24, "centroid_lat": 7.0431261261261247, "centroid_lon": 81.819828568394371, "minlat": 6.9980810810810805, "maxlat": 7.0881711711711706, "minlon": 81.77435374090723, "maxlon": 81.865303395881526, "area_km2": 100.05573149546105, "cell_type": "ocean" }, "geometry": { "type": "Polygon", "coordinates": [ [ [ 81.865303395881526, 6.998081081081081 ], [ 81.865303395881526, 7.088171171171171 ], [ 81.77435374090723, 7.088171171171171 ], [ 81.77435374090723, 6.998081081081081 ], [ 81.865303395881526, 6.998081081081081 ] ] ] } },
{ "type": "Feature", "properties": { "grid_id": "grid_13_25", "cell_number": 376, "row": 13, "col": 25, "centroid_lat": 7.0431261261261247, "centroid_lon": 81.910778223368695, "minlat": 6.9980810810810805, "maxlat": 7.0881711711711706, "minlon": 81.865303395881526, "maxlon": 81.956253050855821, "area_km2": 100.06048849393031, "cell_type": "ocean" }, "geometry": { "type": "Polygon", "coordinates": [ [ [ 81.956253050855821, 6.998081081081081 ], [ 81.956253050855821, 7.088171171171171 ], [ 81.865303395881526, 7.088171171171171 ], [ 81.865303395881526, 6.998081081081081 ], [ 81.956253050855821, 6.998081081081081 ] ] ] } },
{ "type": "Feature", "properties": { "grid_id": "grid_13_26", "cell_number": 377, "row": 13, "col": 26, "centroid_lat": 7.0431261261261247, "centroid_lon": 82.001727878342962, "minlat": 6.9980810810810805, "maxlat": 7.0881711711711706, "minlon": 81.956253050855821, "maxlon": 82.047202705830117, "area_km2": 100.06574583657824, "cell_type": "ocean" }, "geometry": { "type": "Polygon", "coordinates": [ [ [ 82.047202705830117, 6.998081081081081 ], [ 82.047202705830117, 7.088171171171171 ], [ 81.956253050855821, 7.088171171171171 ], [ 81.956253050855821, 6.998081081081081 ], [ 82.047202705830117, 6.998081081081081 ] ] ] } },
{ "type": "Feature", "properties": { "grid_id": "grid_14_0", "cell_number": 378, "row": 14, "col": 0, "centroid_lat": 7.1332162162162156, "centroid_lon": 79.637036849011366, "minlat": 7.0881711711711706, "maxlat": 7.1782612612612606, "minlon": 79.591562021524211, "maxlon": 79.682511676498507, "area_km2": 100.07249536705315, "cell_type": "ocean" }, "geometry": { "type": "Polygon", "coordinates": [ [ [ 79.682511676498507, 7.088171171171171 ], [ 79.682511676498507, 7.178261261261261 ], [ 79.591562021524211, 7.178261261261261 ], [ 79.591562021524211, 7.088171171171171 ], [ 79.682511676498507, 7.088171171171171 ] ] ] } },
{ "type": "Feature", "properties": { "grid_id": "grid_14_1", "cell_number": 379, "row": 14, "col": 1, "centroid_lat": 7.1332162162162156, "centroid_lon": 79.727986503985662, "minlat": 7.0881711711711706, "maxlat": 7.1782612612612606, "minlon": 79.682511676498507, "maxlon": 79.773461331472802, "area_km2": 100.0652538520376, "cell_type": "ocean" }, "geometry": { "type": "Polygon", "coordinates": [ [ [ 79.773461331472802, 7.088171171171171 ], [ 79.773461331472802, 7.178261261261261 ], [ 79.682511676498507, 7.178261261261261 ], [ 79.682511676498507, 7.088171171171171 ], [ 79.773461331472802, 7.088171171171171 ] ] ] } },
{ "type": "Feature", "properties": { "grid_id": "grid_14_2", "cell_number": 380, "row": 14, "col": 2, "centroid_lat": 7.1332162162162156, "centroid_lon": 79.818936158959943, "minlat": 7.0881711711711706, "maxlat": 7.1782612612612606, "minlon": 79.773461331472802, "maxlon": 79.864410986447098, "area_km2": 100.05851286270452, "cell_type": "coastal" }, "geometry": { "type": "Polygon", "coordinates": [ [ [ 79.864410986447098, 7.088171171171171 ], [ 79.864410986447098, 7.178261261261261 ], [ 79.773461331472802, 7.178261261261261 ], [ 79.773461331472802, 7.088171171171171 ], [ 79.864410986447098, 7.088171171171171 ] ] ] } },
{ "type": "Feature", "properties": { "grid_id": "grid_14_3", "cell_number": 381, "row": 14, "col": 3, "centroid_lat": 7.1332162162162156, "centroid_lon": 79.909885813934224, "minlat": 7.0881711711711706, "maxlat": 7.1782612612612606, "minlon": 79.864410986447083, "maxlon": 79.955360641421379, "area_km2": 100.05227226488812, "cell_type": "land" }, "geometry": { "type": "Polygon", "coordinates": [ [ [ 79.955360641421379, 7.088171171171171 ], [ 79.955360641421379, 7.178261261261261 ], [ 79.864410986447083, 7.178261261261261 ], [ 79.864410986447083, 7.088171171171171 ], [ 79.955360641421379, 7.088171171171171 ] ] ] } },
{ "type": "Feature", "properties": { "grid_id": "grid_14_4", "cell_number": 382, "row": 14, "col": 4, "centroid_lat": 7.1332162162162156, "centroid_lon": 80.000835468908519, "minlat": 7.0881711711711706, "maxlat": 7.1782612612612606, "minlon": 79.955360641421379, "maxlon": 80.046310296395674, "area_km2": 100.04653193447393, "cell_type": "land" }, "geometry": { "type": "Polygon", "coordinates": [ [ [ 80.046310296395674, 7.088171171171171 ], [ 80.046310296395674, 7.178261261261261 ], [ 79.955360641421379, 7.178261261261261 ], [ 79.955360641421379, 7.088171171171171 ], [ 80.046310296395674, 7.088171171171171 ] ] ] } },
{ "type": "Feature", "properties": { "grid_id": "grid_14_5", "cell_number": 383, "row": 14, "col": 5, "centroid_lat": 7.1332162162162156, "centroid_lon": 80.091785123882829, "minlat": 7.0881711711711706, "maxlat": 7.1782612612612606, "minlon": 80.046310296395674, "maxlon": 80.13725995136997, "area_km2": 100.04129175726888, "cell_type": "land" }, "geometry": { "type": "Polygon", "coordinates": [ [ [ 80.13725995136997, 7.088171171171171 ], [ 80.13725995136997, 7.178261261261261 ], [ 80.046310296395674, 7.178261261261261 ], [ 80.046310296395674, 7.088171171171171 ], [ 80.13725995136997, 7.088171171171171 ] ] ] } },
{ "type": "Feature", "properties": { "grid_id": "grid_14_6", "cell_number": 384, "row": 14, "col": 6, "centroid_lat": 7.1332162162162156, "centroid_lon": 80.18273477885711, "minlat": 7.0881711711711706, "maxlat": 7.1782612612612606, "minlon": 80.13725995136997, "maxlon": 80.228209606344265, "area_km2": 100.03655162899393, "cell_type": "land" }, "geometry": { "type": "Polygon", "coordinates": [ [ [ 80.228209606344265, 7.088171171171171 ], [ 80.228209606344265, 7.178261261261261 ], [ 80.13725995136997, 7.178261261261261 ], [ 80.13725995136997, 7.088171171171171 ], [ 80.228209606344265, 7.088171171171171 ] ] ] } },
{ "type": "Feature", "properties": { "grid_id": "grid_14_7", "cell_number": 385, "row": 14, "col": 7, "centroid_lat": 7.1332162162162156, "centroid_lon": 80.273684433831406, "minlat": 7.0881711711711706, "maxlat": 7.1782612612612606, "minlon": 80.228209606344265, "maxlon": 80.319159261318561, "area_km2": 100.03231145540899, "cell_type": "land" }, "geometry": { "type": "Polygon", "coordinates": [ [ [ 80.319159261318561, 7.088171171171171 ], [ 80.319159261318561, 7.178261261261261 ], [ 80.228209606344265, 7.178261261261261 ], [ 80.228209606344265, 7.088171171171171 ], [ 80.319159261318561, 7.088171171171171 ] ] ] } },
{ "type": "Feature", "properties": { "grid_id": "grid_14_8", "cell_number": 386, "row": 14, "col": 8, "centroid_lat": 7.1332162162162156, "centroid_lon": 80.364634088805687, "minlat": 7.0881711711711706, "maxlat": 7.1782612612612606, "minlon": 80.319159261318546, "maxlon": 80.410108916292842, "area_km2": 100.02857115218323, "cell_type": "land" }, "geometry": { "type": "Polygon", "coordinates": [ [ [ 80.410108916292842, 7.088171171171171 ], [ 80.410108916292842, 7.178261261261261 ], [ 80.319159261318546, 7.178261261261261 ], [ 80.319159261318546, 7.088171171171171 ], [ 80.410108916292842, 7.088171171171171 ] ] ] } },
{ "type": "Feature", "properties": { "grid_id": "grid_14_9", "cell_number": 387, "row": 14, "col": 9, "centroid_lat": 7.1332162162162156, "centroid_lon": 80.455583743779982, "minlat": 7.0881711711711706, "maxlat": 7.1782612612612606, "minlon": 80.410108916292842, "maxlon": 80.501058571267137, "area_km2": 100.02533064488463, "cell_type": "land" }, "geometry": { "type": "Polygon", "coordinates": [ [ [ 80.501058571267137, 7.088171171171171 ], [ 80.501058571267137, 7.178261261261261 ], [ 80.410108916292842, 7.178261261261261 ], [ 80.410108916292842, 7.088171171171171 ], [ 80.501058571267137, 7.088171171171171 ] ] ] } },
{ "type": "Feature", "properties": { "grid_id": "grid_14_10", "cell_number": 388, "row": 14, "col": 10, "centroid_lat": 7.1332162162162156, "centroid_lon": 80.546533398754292, "minlat": 7.0881711711711706, "maxlat": 7.1782612612612606, "minlon": 80.501058571267137, "maxlon": 80.592008226241433, "area_km2": 100.02258986911895, "cell_type": "land" }, "geometry": { "type": "Polygon", "coordinates": [ [ [ 80.592008226241433, 7.088171171171171 ], [ 80.592008226241433, 7.178261261261261 ], [ 80.501058571267137, 7.178261261261261 ], [ 80.501058571267137, 7.088171171171171 ], [ 80.592008226241433, 7.088171171171171 ] ] ] } },
{ "type": "Feature", "properties": { "grid_id": "grid_14_11", "cell_number": 389, "row": 14, "col": 11, "centroid_lat": 7.1332162162162156, "centroid_lon": 80.637483053728573, "minlat": 7.0881711711711706, "maxlat": 7.1782612612612606, "minlon": 80.592008226241433, "maxlon": 80.682957881215728, "area_km2": 100.02034877037913, "cell_type": "land" }, "geometry": { "type": "Polygon", "coordinates": [ [ [ 80.682957881215728, 7.088171171171171 ], [ 80.682957881215728, 7.178261261261261 ], [ 80.592008226241433, 7.178261261261261 ], [ 80.592008226241433, 7.088171171171171 ], [ 80.682957881215728, 7.088171171171171 ] ] ] } },
{ "type": "Feature", "properties": { "grid_id": "grid_14_12", "cell_number": 390, "row": 14, "col": 12, "centroid_lat": 7.1332162162162156, "centroid_lon": 80.728432708702854, "minlat": 7.0881711711711706, "maxlat": 7.1782612612612606, "minlon": 80.682957881215714, "maxlon": 80.773907536190009, "area_km2": 100.01860730405905, "cell_type": "land" }, "geometry": { "type": "Polygon", "coordinates": [ [ [ 80.773907536190009, 7.088171171171171 ], [ 80.773907536190009, 7.178261261261261 ], [ 80.682957881215714, 7.178261261261261 ], [ 80.682957881215714, 7.088171171171171 ], [ 80.773907536190009, 7.088171171171171 ] ] ] } },
{ "type": "Feature", "properties": { "grid_id": "grid_14_13", "cell_number": 391, "row": 14, "col": 13, "centroid_lat": 7.1332162162162156, "centroid_lon": 80.819382363677164, "minlat": 7.0881711711711706, "maxlat": 7.1782612612612606, "minlon": 80.773907536190009, "maxlon": 80.864857191164305, "area_km2": 100.01736543557404, "cell_type": "land" }, "geometry": { "type": "Polygon", "coordinates": [ [ [ 80.864857191164305, 7.088171171171171 ], [ 80.864857191164305, 7.178261261261261 ], [ 80.773907536190009, 7.178261261261261 ], [ 80.773907536190009, 7.088171171171171 ], [ 80.864857191164305, 7.088171171171171 ] ] ] } },
{ "type": "Feature", "properties": { "grid_id": "grid_14_14", "cell_number": 392, "row": 14, "col": 14, "centroid_lat": 7.1332162162162156, "centroid_lon": 80.910332018651459, "minlat": 7.0881711711711706, "maxlat": 7.1782612612612606, "minlon": 80.864857191164305, "maxlon": 80.9558068461386, "area_km2": 100.01662314023176, "cell_type": "land" }, "geometry": { "type": "Polygon", "coordinates": [ [ [ 80.9558068461386, 7.088171171171171 ], [ 80.9558068461386, 7.178261261261261 ], [ 80.864857191164305, 7.178261261261261 ], [ 80.864857191164305, 7.088171171171171 ], [ 80.9558068461386, 7.088171171171171 ] ] ] } },
{ "type": "Feature", "properties": { "grid_id": "grid_14_15", "cell_number": 393, "row": 14, "col": 15, "centroid_lat": 7.1332162162162156, "centroid_lon": 81.001281673625741, "minlat": 7.0881711711711706, "maxlat": 7.1782612612612606, "minlon": 80.9558068461386, "maxlon": 81.046756501112895, "area_km2": 100.01638040322912, "cell_type": "land" }, "geometry": { "type": "Polygon", "coordinates": [ [ [ 81.046756501112895, 7.088171171171171 ], [ 81.046756501112895, 7.178261261261261 ], [ 80.9558068461386, 7.178261261261261 ], [ 80.9558068461386, 7.088171171171171 ], [ 81.046756501112895, 7.088171171171171 ] ] ] } },
{ "type": "Feature", "properties": { "grid_id": "grid_14_16", "cell_number": 394, "row": 14, "col": 16, "centroid_lat": 7.1332162162162156, "centroid_lon": 81.09223132860005, "minlat": 7.0881711711711706, "maxlat": 7.1782612612612606, "minlon": 81.046756501112895, "maxlon": 81.137706156087191, "area_km2": 100.01663721978039, "cell_type": "land" }, "geometry": { "type": "Polygon", "coordinates": [ [ [ 81.137706156087191, 7.088171171171171 ], [ 81.137706156087191, 7.178261261261261 ], [ 81.046756501112895, 7.178261261261261 ], [ 81.046756501112895, 7.088171171171171 ], [ 81.137706156087191, 7.088171171171171 ] ] ] } },
{ "type": "Feature", "properties": { "grid_id": "grid_14_17", "cell_number": 395, "row": 14, "col": 17, "centroid_lat": 7.1332162162162156, "centroid_lon": 81.183180983574317, "minlat": 7.0881711711711706, "maxlat": 7.1782612612612606, "minlon": 81.137706156087177, "maxlon": 81.228655811061472, "area_km2": 100.01739359499386, "cell_type": "land" }, "geometry": { "type": "Polygon", "coordinates": [ [ [ 81.228655811061472, 7.088171171171171 ], [ 81.228655811061472, 7.178261261261261 ], [ 81.137706156087177, 7.178261261261261 ], [ 81.137706156087177, 7.088171171171171 ], [ 81.228655811061472, 7.088171171171171 ] ] ] } },
{ "type": "Feature", "properties": { "grid_id": "grid_14_18", "cell_number": 396, "row": 14, "col": 18, "centroid_lat": 7.1332162162162156, "centroid_lon": 81.274130638548613, "minlat": 7.0881711711711706, "maxlat": 7.1782612612612606, "minlon": 81.228655811061472, "maxlon": 81.319605466035767, "area_km2": 100.01864954386681, "cell_type": "land" }, "geometry": { "type": "Polygon", "coordinates": [ [ [ 81.319605466035767, 7.088171171171171 ], [ 81.319605466035767, 7.178261261261261 ], [ 81.228655811061472, 7.178261261261261 ], [ 81.228655811061472, 7.088171171171171 ], [ 81.319605466035767, 7.088171171171171 ] ] ] } },
{ "type": "Feature", "properties": { "grid_id": "grid_14_19", "cell_number": 397, "row": 14, "col": 19, "centroid_lat": 7.1332162162162156, "centroid_lon": 81.365080293522922, "minlat": 7.0881711711711706, "maxlat": 7.1782612612612606, "minlon": 81.319605466035767, "maxlon": 81.410555121010063, "area_km2": 100.02040509141305, "cell_type": "land" }, "geometry": { "type": "Polygon", "coordinates": [ [ [ 81.410555121010063, 7.088171171171171 ], [ 81.410555121010063, 7.178261261261261 ], [ 81.319605466035767, 7.178261261261261 ], [ 81.319605466035767, 7.088171171171171 ], [ 81.410555121010063, 7.088171171171171 ] ] ] } },
{ "type": "Feature", "properties": { "grid_id": "grid_14_20", "cell_number": 398, "row": 14, "col": 20, "centroid_lat": 7.1332162162162156, "centroid_lon": 81.456029948497232, "minlat": 7.0881711711711706, "maxlat": 7.1782612612612606, "minlon": 81.410555121010063, "maxlon": 81.501504775984358, "area_km2": 100.02266027254332, "cell_type": "land" }, "geometry": { "type": "Polygon", "coordinates": [ [ [ 81.501504775984358, 7.088171171171171 ], [ 81.501504775984358, 7.178261261261261 ], [ 81.410555121010063, 7.178261261261261 ], [ 81.410555121010063, 7.088171171171171 ], [ 81.501504775984358, 7.088171171171171 ] ] ] } },
{ "type": "Feature", "properties": { "grid_id": "grid_14_21", "cell_number": 399, "row": 14, "col": 21, "centroid_lat": 7.1332162162162156, "centroid_lon": 81.546979603471499, "minlat": 7.0881711711711706, "maxlat": 7.1782612612612606, "minlon": 81.501504775984358, "maxlon": 81.592454430958654, "area_km2": 100.02541513205686, "cell_type": "land" }, "geometry": { "type": "Polygon", "coordinates": [ [ [ 81.592454430958654, 7.088171171171171 ], [ 81.592454430958654, 7.178261261261261 ], [ 81.501504775984358, 7.178261261261261 ], [ 81.501504775984358, 7.088171171171171 ], [ 81.592454430958654, 7.088171171171171 ] ] ] } },
{ "type": "Feature", "properties": { "grid_id": "grid_14_22", "cell_number": 400, "row": 14, "col": 22, "centroid_lat": 7.1332162162162156, "centroid_lon": 81.63792925844578, "minlat": 7.0881711711711706, "maxlat": 7.1782612612612606, "minlon": 81.592454430958639, "maxlon": 81.683404085932935, "area_km2": 100.02866972478166, "cell_type": "land" }, "geometry": { "type": "Polygon", "coordinates": [ [ [ 81.683404085932935, 7.088171171171171 ], [ 81.683404085932935, 7.178261261261261 ], [ 81.592454430958639, 7.178261261261261 ], [ 81.592454430958639, 7.088171171171171 ], [ 81.683404085932935, 7.088171171171171 ] ] ] } },
{ "type": "Feature", "properties": { "grid_id": "grid_14_23", "cell_number": 401, "row": 14, "col": 23, "centroid_lat": 7.1332162162162156, "centroid_lon": 81.72887891342009, "minlat": 7.0881711711711706, "maxlat": 7.1782612612612606, "minlon": 81.683404085932935, "maxlon": 81.77435374090723, "area_km2": 100.03242411543843, "cell_type": "coastal" }, "geometry": { "type": "Polygon", "coordinates": [ [ [ 81.77435374090723, 7.088171171171171 ], [ 81.77435374090723, 7.178261261261261 ], [ 81.683404085932935, 7.178261261261261 ], [ 81.683404085932935, 7.088171171171171 ], [ 81.77435374090723, 7.088171171171171 ] ] ] } },
{ "type": "Feature", "properties": { "grid_id": "grid_14_24", "cell_number": 402, "row": 14, "col": 24, "centroid_lat": 7.1332162162162156, "centroid_lon": 81.819828568394371, "minlat": 7.0881711711711706, "maxlat": 7.1782612612612606, "minlon": 81.77435374090723, "maxlon": 81.865303395881526, "area_km2": 100.03667837865272, "cell_type": "ocean" }, "geometry": { "type": "Polygon", "coordinates": [ [ [ 81.865303395881526, 7.088171171171171 ], [ 81.865303395881526, 7.178261261261261 ], [ 81.77435374090723, 7.178261261261261 ], [ 81.77435374090723, 7.088171171171171 ], [ 81.865303395881526, 7.088171171171171 ] ] ] } },
{ "type": "Feature", "properties": { "grid_id": "grid_14_25", "cell_number": 403, "row": 14, "col": 25, "centroid_lat": 7.1332162162162156, "centroid_lon": 81.910778223368695, "minlat": 7.0881711711711706, "maxlat": 7.1782612612612606, "minlon": 81.865303395881526, "maxlon": 81.956253050855821, "area_km2": 100.04143259907731, "cell_type": "ocean" }, "geometry": { "type": "Polygon", "coordinates": [ [ [ 81.956253050855821, 7.088171171171171 ], [ 81.956253050855821, 7.178261261261261 ], [ 81.865303395881526, 7.178261261261261 ], [ 81.865303395881526, 7.088171171171171 ], [ 81.956253050855821, 7.088171171171171 ] ] ] } },
{ "type": "Feature", "properties": { "grid_id": "grid_14_26", "cell_number": 404, "row": 14, "col": 26, "centroid_lat": 7.1332162162162156, "centroid_lon": 82.001727878342962, "minlat": 7.0881711711711706, "maxlat": 7.1782612612612606, "minlon": 81.956253050855821, "maxlon": 82.047202705830117, "area_km2": 100.04668687127668, "cell_type": "ocean" }, "geometry": { "type": "Polygon", "coordinates": [ [ [ 82.047202705830117, 7.088171171171171 ], [ 82.047202705830117, 7.178261261261261 ], [ 81.956253050855821, 7.178261261261261 ], [ 81.956253050855821, 7.088171171171171 ], [ 82.047202705830117, 7.088171171171171 ] ] ] } },
{ "type": "Feature", "properties": { "grid_id": "grid_15_0", "cell_number": 405, "row": 15, "col": 0, "centroid_lat": 7.2233063063063057, "centroid_lon": 79.637036849011366, "minlat": 7.1782612612612606, "maxlat": 7.2683513513513507, "minlon": 79.591562021524211, "maxlon": 79.682511676498507, "area_km2": 100.05317985760075, "cell_type": "ocean" }, "geometry": { "type": "Polygon", "coordinates": [ [ [ 79.682511676498507, 7.178261261261261 ], [ 79.682511676498507, 7.268351351351351 ], [ 79.591562021524211, 7.268351351351351 ], [ 79.591562021524211, 7.178261261261261 ], [ 79.682511676498507, 7.178261261261261 ] ] ] } },
{ "type": "Feature", "properties": { "grid_id": "grid_15_1", "cell_number": 406, "row": 15, "col": 1, "centroid_lat": 7.2233063063063057, "centroid_lon": 79.727986503985662, "minlat": 7.1782612612612606, "maxlat": 7.2683513513513507, "minlon": 79.682511676498507, "maxlon": 79.773461331472802, "area_km2": 100.0459426276086, "cell_type": "ocean" }, "geometry": { "type": "Polygon", "coordinates": [ [ [ 79.773461331472802, 7.178261261261261 ], [ 79.773461331472802, 7.268351351351351 ], [ 79.682511676498507, 7.268351351351351 ], [ 79.682511676498507, 7.178261261261261 ], [ 79.773461331472802, 7.178261261261261 ] ] ] } },
{ "type": "Feature", "properties": { "grid_id": "grid_15_2", "cell_number": 407, "row": 15, "col": 2, "centroid_lat": 7.2233063063063057, "centroid_lon": 79.818936158959943, "minlat": 7.1782612612612606, "maxlat": 7.2683513513513507, "minlon": 79.773461331472802, "maxlon": 79.864410986447098, "area_km2": 100.0392056267455, "cell_type": "coastal" }, "geometry": { "type": "Polygon", "coordinates": [ [ [ 79.864410986447098, 7.178261261261261 ], [ 79.864410986447098, 7.268351351351351 ], [ 79.773461331472802, 7.268351351351351 ], [ 79.773461331472802, 7.178261261261261 ], [ 79.864410986447098, 7.178261261261261 ] ] ] } },
{ "type": "Feature", "properties": { "grid_id": "grid_15_3", "cell_number": 408, "row": 15, "col": 3, "centroid_lat": 7.2233063063063057, "centroid_lon": 79.909885813934224, "minlat": 7.1782612612612606, "maxlat": 7.2683513513513507, "minlon": 79.864410986447083, "maxlon": 79.955360641421379, "area_km2": 100.0329687210029, "cell_type": "land" }, "geometry": { "type": "Polygon", "coordinates": [ [ [ 79.955360641421379, 7.178261261261261 ], [ 79.955360641421379, 7.268351351351351 ], [ 79.864410986447083, 7.268351351351351 ], [ 79.864410986447083, 7.178261261261261 ], [ 79.955360641421379, 7.178261261261261 ] ] ] } },
{ "type": "Feature", "properties": { "grid_id": "grid_15_4", "cell_number": 409, "row": 15, "col": 4, "centroid_lat": 7.2233063063063057, "centroid_lon": 80.000835468908519, "minlat": 7.1782612612612606, "maxlat": 7.2683513513513507, "minlon": 79.955360641421379, "maxlon": 80.046310296395674, "area_km2": 100.02723178641368, "cell_type": "land" }, "geometry": { "type": "Polygon", "coordinates": [ [ [ 80.046310296395674, 7.178261261261261 ], [ 80.046310296395674, 7.268351351351351 ], [ 79.955360641421379, 7.268351351351351 ], [ 79.955360641421379, 7.178261261261261 ], [ 80.046310296395674, 7.178261261261261 ] ] ] } },
{ "type": "Feature", "properties": { "grid_id": "grid_15_5", "cell_number": 410, "row": 15, "col": 5, "centroid_lat": 7.2233063063063057, "centroid_lon": 80.091785123882829, "minlat": 7.1782612612612606, "maxlat": 7.2683513513513507, "minlon": 80.046310296395674, "maxlon": 80.13725995136997, "area_km2": 100.02199470892347, "cell_type": "land" }, "geometry": { "type": "Polygon", "coordinates": [ [ [ 80.13725995136997, 7.178261261261261 ], [ 80.13725995136997, 7.268351351351351 ], [ 80.046310296395674, 7.268351351351351 ], [ 80.046310296395674, 7.178261261261261 ], [ 80.13725995136997, 7.178261261261261 ] ] ] } },
{ "type": "Feature", "properties": { "grid_id": "grid_15_6", "cell_number": 411, "row": 15, "col": 6, "centroid_lat": 7.2233063063063057, "centroid_lon": 80.18273477885711, "minlat": 7.1782612612612606, "maxlat": 7.2683513513513507, "minlon": 80.13725995136997, "maxlon": 80.228209606344265, "area_km2": 100.01725738438016, "cell_type": "land" }, "geometry": { "type": "Polygon", "coordinates": [ [ [ 80.228209606344265, 7.178261261261261 ], [ 80.228209606344265, 7.268351351351351 ], [ 80.13725995136997, 7.268351351351351 ], [ 80.13725995136997, 7.178261261261261 ], [ 80.228209606344265, 7.178261261261261 ] ] ] } },
{ "type": "Feature", "properties": { "grid_id": "grid_15_7", "cell_number": 412, "row": 15, "col": 7, "centroid_lat": 7.2233063063063057, "centroid_lon": 80.273684433831406, "minlat": 7.1782612612612606, "maxlat": 7.2683513513513507, "minlon": 80.228209606344265, "maxlon": 80.319159261318561, "area_km2": 100.01301971865642, "cell_type": "land" }, "geometry": { "type": "Polygon", "coordinates": [ [ [ 80.319159261318561, 7.178261261261261 ], [ 80.319159261318561, 7.268351351351351 ], [ 80.228209606344265, 7.268351351351351 ], [ 80.228209606344265, 7.178261261261261 ], [ 80.319159261318561, 7.178261261261261 ] ] ] } },
{ "type": "Feature", "properties": { "grid_id": "grid_15_8", "cell_number": 413, "row": 15, "col": 8, "centroid_lat": 7.2233063063063057, "centroid_lon": 80.364634088805687, "minlat": 7.1782612612612606, "maxlat": 7.2683513513513507, "minlon": 80.319159261318546, "maxlon": 80.410108916292842, "area_km2": 100.00928162752096, "cell_type": "land" }, "geometry": { "type": "Polygon", "coordinates": [ [ [ 80.410108916292842, 7.178261261261261 ], [ 80.410108916292842, 7.268351351351351 ], [ 80.319159261318546, 7.268351351351351 ], [ 80.319159261318546, 7.178261261261261 ], [ 80.410108916292842, 7.178261261261261 ] ] ] } },
{ "type": "Feature", "properties": { "grid_id": "grid_15_9", "cell_number": 414, "row": 15, "col": 9, "centroid_lat": 7.2233063063063057, "centroid_lon": 80.455583743779982, "minlat": 7.1782612612612606, "maxlat": 7.2683513513513507, "minlon": 80.410108916292842, "maxlon": 80.501058571267137, "area_km2": 100.00604303663478, "cell_type": "land" }, "geometry": { "type": "Polygon", "coordinates": [ [ [ 80.501058571267137, 7.178261261261261 ], [ 80.501058571267137, 7.268351351351351 ], [ 80.410108916292842, 7.268351351351351 ], [ 80.410108916292842, 7.178261261261261 ], [ 80.501058571267137, 7.178261261261261 ] ] ] } },
{ "type": "Feature", "properties": { "grid_id": "grid_15_10", "cell_number": 415, "row": 15, "col": 10, "centroid_lat": 7.2233063063063057, "centroid_lon": 80.546533398754292, "minlat": 7.1782612612612606, "maxlat": 7.2683513513513507, "minlon": 80.501058571267137, "maxlon": 80.592008226241433, "area_km2": 100.0033038816749, "cell_type": "land" }, "geometry": { "type": "Polygon", "coordinates": [ [ [ 80.592008226241433, 7.178261261261261 ], [ 80.592008226241433, 7.268351351351351 ], [ 80.501058571267137, 7.268351351351351 ], [ 80.501058571267137, 7.178261261261261 ], [ 80.592008226241433, 7.178261261261261 ] ] ] } },
{ "type": "Feature", "properties": { "grid_id": "grid_15_11", "cell_number": 416, "row": 15, "col": 11, "centroid_lat": 7.2233063063063057, "centroid_lon": 80.637483053728573, "minlat": 7.1782612612612606, "maxlat": 7.2683513513513507, "minlon": 80.592008226241433, "maxlon": 80.682957881215728, "area_km2": 100.00106410820341, "cell_type": "land" }, "geometry": { "type": "Polygon", "coordinates": [ [ [ 80.682957881215728, 7.178261261261261 ], [ 80.682957881215728, 7.268351351351351 ], [ 80.592008226241433, 7.268351351351351 ], [ 80.592008226241433, 7.178261261261261 ], [ 80.682957881215728, 7.178261261261261 ] ] ] } },
{ "type": "Feature", "properties": { "grid_id": "grid_15_12", "cell_number": 417, "row": 15, "col": 12, "centroid_lat": 7.2233063063063057, "centroid_lon": 80.728432708702854, "minlat": 7.1782612612612606, "maxlat": 7.2683513513513507, "minlon": 80.682957881215714, "maxlon": 80.773907536190009, "area_km2": 99.999323671669728, "cell_type": "land" }, "geometry": { "type": "Polygon", "coordinates": [ [ [ 80.773907536190009, 7.178261261261261 ], [ 80.773907536190009, 7.268351351351351 ], [ 80.682957881215714, 7.268351351351351 ], [ 80.682957881215714, 7.178261261261261 ], [ 80.773907536190009, 7.178261261261261 ] ] ] } },
{ "type": "Feature", "properties": { "grid_id": "grid_15_13", "cell_number": 418, "row": 15, "col": 13, "centroid_lat": 7.2233063063063057, "centroid_lon": 80.819382363677164, "minlat": 7.1782612612612606, "maxlat": 7.2683513513513507, "minlon": 80.773907536190009, "maxlon": 80.864857191164305, "area_km2": 99.998082537527765, "cell_type": "land" }, "geometry": { "type": "Polygon", "coordinates": [ [ [ 80.864857191164305, 7.178261261261261 ], [ 80.864857191164305, 7.268351351351351 ], [ 80.773907536190009, 7.268351351351351 ], [ 80.773907536190009, 7.178261261261261 ], [ 80.864857191164305, 7.178261261261261 ] ] ] } },
{ "type": "Feature", "properties": { "grid_id": "grid_15_14", "cell_number": 419, "row": 15, "col": 14, "centroid_lat": 7.2233063063063057, "centroid_lon": 80.910332018651459, "minlat": 7.1782612612612606, "maxlat": 7.2683513513513507, "minlon": 80.864857191164305, "maxlon": 80.9558068461386, "area_km2": 99.997340681111609, "cell_type": "land" }, "geometry": { "type": "Polygon", "coordinates": [ [ [ 80.9558068461386, 7.178261261261261 ], [ 80.9558068461386, 7.268351351351351 ], [ 80.864857191164305, 7.268351351351351 ], [ 80.864857191164305, 7.178261261261261 ], [ 80.9558068461386, 7.178261261261261 ] ] ] } },
{ "type": "Feature", "properties": { "grid_id": "grid_15_15", "cell_number": 420, "row": 15, "col": 15, "centroid_lat": 7.2233063063063057, "centroid_lon": 81.001281673625741, "minlat": 7.1782612612612606, "maxlat": 7.2683513513513507, "minlon": 80.9558068461386, "maxlon": 81.046756501112895, "area_km2": 99.997098087637752, "cell_type": "land" }, "geometry": { "type": "Polygon", "coordinates": [ [ [ 81.046756501112895, 7.178261261261261 ], [ 81.046756501112895, 7.268351351351351 ], [ 80.9558068461386, 7.268351351351351 ], [ 80.9558068461386, 7.178261261261261 ], [ 81.046756501112895, 7.178261261261261 ] ] ] } },
{ "type": "Feature", "properties": { "grid_id": "grid_15_16", "cell_number": 421, "row": 15, "col": 16, "centroid_lat": 7.2233063063063057, "centroid_lon": 81.09223132860005, "minlat": 7.1782612612612606, "maxlat": 7.2683513513513507, "minlon": 81.046756501112895, "maxlon": 81.137706156087191, "area_km2": 99.99735475233301, "cell_type": "land" }, "geometry": { "type": "Polygon", "coordinates": [ [ [ 81.137706156087191, 7.178261261261261 ], [ 81.137706156087191, 7.268351351351351 ], [ 81.046756501112895, 7.268351351351351 ], [ 81.046756501112895, 7.178261261261261 ], [ 81.137706156087191, 7.178261261261261 ] ] ] } },
{ "type": "Feature", "properties": { "grid_id": "grid_15_17", "cell_number": 422, "row": 15, "col": 17, "centroid_lat": 7.2233063063063057, "centroid_lon": 81.183180983574317, "minlat": 7.1782612612612606, "maxlat": 7.2683513513513507, "minlon": 81.137706156087177, "maxlon": 81.228655811061472, "area_km2": 99.998110680292697, "cell_type": "land" }, "geometry": { "type": "Polygon", "coordinates": [ [ [ 81.228655811061472, 7.178261261261261 ], [ 81.228655811061472, 7.268351351351351 ], [ 81.137706156087177, 7.268351351351351 ], [ 81.137706156087177, 7.178261261261261 ], [ 81.228655811061472, 7.178261261261261 ] ] ] } },
{ "type": "Feature", "properties": { "grid_id": "grid_15_18", "cell_number": 423, "row": 15, "col": 18, "centroid_lat": 7.2233063063063057, "centroid_lon": 81.274130638548613, "minlat": 7.1782612612612606, "maxlat": 7.2683513513513507, "minlon": 81.228655811061472, "maxlon": 81.319605466035767, "area_km2": 99.99936588649652, "cell_type": "land" }, "geometry": { "type": "Polygon", "coordinates": [ [ [ 81.319605466035767, 7.178261261261261 ], [ 81.319605466035767, 7.268351351351351 ], [ 81.228655811061472, 7.268351351351351 ], [ 81.228655811061472, 7.178261261261261 ], [ 81.319605466035767, 7.178261261261261 ] ] ] } },
{ "type": "Feature", "properties": { "grid_id": "grid_15_19", "cell_number": 424, "row": 15, "col": 19, "centroid_lat": 7.2233063063063057, "centroid_lon": 81.365080293522922, "minlat": 7.1782612612612606, "maxlat": 7.2683513513513507, "minlon": 81.319605466035767, "maxlon": 81.410555121010063, "area_km2": 100.00112039593134, "cell_type": "land" }, "geometry": { "type": "Polygon", "coordinates": [ [ [ 81.410555121010063, 7.178261261261261 ], [ 81.410555121010063, 7.268351351351351 ], [ 81.319605466035767, 7.268351351351351 ], [ 81.319605466035767, 7.178261261261261 ], [ 81.410555121010063, 7.178261261261261 ] ] ] } },
{ "type": "Feature", "properties": { "grid_id": "grid_15_20", "cell_number": 425, "row": 15, "col": 20, "centroid_lat": 7.2233063063063057, "centroid_lon": 81.456029948497232, "minlat": 7.1782612612612606, "maxlat": 7.2683513513513507, "minlon": 81.410555121010063, "maxlon": 81.501504775984358, "area_km2": 100.00337424346566, "cell_type": "land" }, "geometry": { "type": "Polygon", "coordinates": [ [ [ 81.501504775984358, 7.178261261261261 ], [ 81.501504775984358, 7.268351351351351 ], [ 81.410555121010063, 7.268351351351351 ], [ 81.410555121010063, 7.178261261261261 ], [ 81.501504775984358, 7.178261261261261 ] ] ] } },
{ "type": "Feature", "properties": { "grid_id": "grid_15_21", "cell_number": 426, "row": 15, "col": 21, "centroid_lat": 7.2233063063063057, "centroid_lon": 81.546979603471499, "minlat": 7.1782612612612606, "maxlat": 7.2683513513513507, "minlon": 81.501504775984358, "maxlon": 81.592454430958654, "area_km2": 100.00612747384289, "cell_type": "land" }, "geometry": { "type": "Polygon", "coordinates": [ [ [ 81.592454430958654, 7.178261261261261 ], [ 81.592454430958654, 7.268351351351351 ], [ 81.501504775984358, 7.268351351351351 ], [ 81.501504775984358, 7.178261261261261 ], [ 81.592454430958654, 7.178261261261261 ] ] ] } },
{ "type": "Feature", "properties": { "grid_id": "grid_15_22", "cell_number": 427, "row": 15, "col": 22, "centroid_lat": 7.2233063063063057, "centroid_lon": 81.63792925844578, "minlat": 7.1782612612612606, "maxlat": 7.2683513513513507, "minlon": 81.592454430958639, "maxlon": 81.683404085932935, "area_km2": 100.00938014182431, "cell_type": "land" }, "geometry": { "type": "Polygon", "coordinates": [ [ [ 81.683404085932935, 7.178261261261261 ], [ 81.683404085932935, 7.268351351351351 ], [ 81.592454430958639, 7.268351351351351 ], [ 81.592454430958639, 7.178261261261261 ], [ 81.683404085932935, 7.178261261261261 ] ] ] } },
{ "type": "Feature", "properties": { "grid_id": "grid_15_23", "cell_number": 428, "row": 15, "col": 23, "centroid_lat": 7.2233063063063057, "centroid_lon": 81.72887891342009, "minlat": 7.1782612612612606, "maxlat": 7.2683513513513507, "minlon": 81.683404085932935, "maxlon": 81.77435374090723, "area_km2": 100.01313231205535, "cell_type": "coastal" }, "geometry": { "type": "Polygon", "coordinates": [ [ [ 81.77435374090723, 7.178261261261261 ], [ 81.77435374090723, 7.268351351351351 ], [ 81.683404085932935, 7.268351351351351 ], [ 81.683404085932935, 7.178261261261261 ], [ 81.77435374090723, 7.178261261261261 ] ] ] } },
{ "type": "Feature", "properties": { "grid_id": "grid_15_24", "cell_number": 429, "row": 15, "col": 24, "centroid_lat": 7.2233063063063057, "centroid_lon": 81.819828568394371, "minlat": 7.1782612612612606, "maxlat": 7.2683513513513507, "minlon": 81.77435374090723, "maxlon": 81.865303395881526, "area_km2": 100.01738405907187, "cell_type": "ocean" }, "geometry": { "type": "Polygon", "coordinates": [ [ [ 81.865303395881526, 7.178261261261261 ], [ 81.865303395881526, 7.268351351351351 ], [ 81.77435374090723, 7.268351351351351 ], [ 81.77435374090723, 7.178261261261261 ], [ 81.865303395881526, 7.178261261261261 ] ] ] } },
{ "type": "Feature", "properties": { "grid_id": "grid_15_25", "cell_number": 430, "row": 15, "col": 25, "centroid_lat": 7.2233063063063057, "centroid_lon": 81.910778223368695, "minlat": 7.1782612612612606, "maxlat": 7.2683513513513507, "minlon": 81.865303395881526, "maxlon": 81.956253050855821, "area_km2": 100.02213546742362, "cell_type": "ocean" }, "geometry": { "type": "Polygon", "coordinates": [ [ [ 81.956253050855821, 7.178261261261261 ], [ 81.956253050855821, 7.268351351351351 ], [ 81.865303395881526, 7.268351351351351 ], [ 81.865303395881526, 7.178261261261261 ], [ 81.956253050855821, 7.178261261261261 ] ] ] } },
{ "type": "Feature", "properties": { "grid_id": "grid_15_26", "cell_number": 431, "row": 15, "col": 26, "centroid_lat": 7.2233063063063057, "centroid_lon": 82.001727878342962, "minlat": 7.1782612612612606, "maxlat": 7.2683513513513507, "minlon": 81.956253050855821, "maxlon": 82.047202705830117, "area_km2": 100.02738663156235, "cell_type": "ocean" }, "geometry": { "type": "Polygon", "coordinates": [ [ [ 82.047202705830117, 7.178261261261261 ], [ 82.047202705830117, 7.268351351351351 ], [ 81.956253050855821, 7.268351351351351 ], [ 81.956253050855821, 7.178261261261261 ], [ 82.047202705830117, 7.178261261261261 ] ] ] } },
{ "type": "Feature", "properties": { "grid_id": "grid_16_0", "cell_number": 432, "row": 16, "col": 0, "centroid_lat": 7.3133963963963957, "centroid_lon": 79.637036849011366, "minlat": 7.2683513513513507, "maxlat": 7.3584414414414407, "minlon": 79.591562021524211, "maxlon": 79.682511676498507, "area_km2": 100.03362292578947, "cell_type": "ocean" }, "geometry": { "type": "Polygon", "coordinates": [ [ [ 79.682511676498507, 7.268351351351351 ], [ 79.682511676498507, 7.358441441441441 ], [ 79.591562021524211, 7.358441441441441 ], [ 79.591562021524211, 7.268351351351351 ], [ 79.682511676498507, 7.268351351351351 ] ] ] } },
{ "type": "Feature", "properties": { "grid_id": "grid_16_1", "cell_number": 433, "row": 16, "col": 1, "centroid_lat": 7.3133963963963957, "centroid_lon": 79.727986503985662, "minlat": 7.2683513513513507, "maxlat": 7.3584414414414407, "minlon": 79.682511676498507, "maxlon": 79.773461331472802, "area_km2": 100.02639003260127, "cell_type": "ocean" }, "geometry": { "type": "Polygon", "coordinates": [ [ [ 79.773461331472802, 7.268351351351351 ], [ 79.773461331472802, 7.358441441441441 ], [ 79.682511676498507, 7.358441441441441 ], [ 79.682511676498507, 7.268351351351351 ], [ 79.773461331472802, 7.268351351351351 ] ] ] } },
{ "type": "Feature", "properties": { "grid_id": "grid_16_2", "cell_number": 434, "row": 16, "col": 2, "centroid_lat": 7.3133963963963957, "centroid_lon": 79.818936158959943, "minlat": 7.2683513513513507, "maxlat": 7.3584414414414407, "minlon": 79.773461331472802, "maxlon": 79.864410986447098, "area_km2": 100.01965706840059, "cell_type": "coastal" }, "geometry": { "type": "Polygon", "coordinates": [ [ [ 79.864410986447098, 7.268351351351351 ], [ 79.864410986447098, 7.358441441441441 ], [ 79.773461331472802, 7.358441441441441 ], [ 79.773461331472802, 7.268351351351351 ], [ 79.864410986447098, 7.268351351351351 ] ] ] } },
{ "type": "Feature", "properties": { "grid_id": "grid_16_3", "cell_number": 435, "row": 16, "col": 3, "centroid_lat": 7.3133963963963957, "centroid_lon": 79.909885813934224, "minlat": 7.2683513513513507, "maxlat": 7.3584414414414407, "minlon": 79.864410986447083, "maxlon": 79.955360641421379, "area_km2": 100.01342389934393, "cell_type": "land" }, "geometry": { "type": "Polygon", "coordinates": [ [ [ 79.955360641421379, 7.268351351351351 ], [ 79.955360641421379, 7.358441441441441 ], [ 79.864410986447083, 7.358441441441441 ], [ 79.864410986447083, 7.268351351351351 ], [ 79.955360641421379, 7.268351351351351 ] ] ] } },
{ "type": "Feature", "properties": { "grid_id": "grid_16_4", "cell_number": 436, "row": 16, "col": 4, "centroid_lat": 7.3133963963963957, "centroid_lon": 80.000835468908519, "minlat": 7.2683513513513507, "maxlat": 7.3584414414414407, "minlon": 79.955360641421379, "maxlon": 80.046310296395674, "area_km2": 100.00769040161681, "cell_type": "land" }, "geometry": { "type": "Polygon", "coordinates": [ [ [ 80.046310296395674, 7.268351351351351 ], [ 80.046310296395674, 7.358441441441441 ], [ 79.955360641421379, 7.358441441441441 ], [ 79.955360641421379, 7.268351351351351 ], [ 80.046310296395674, 7.268351351351351 ] ] ] } },
{ "type": "Feature", "properties": { "grid_id": "grid_16_5", "cell_number": 437, "row": 16, "col": 5, "centroid_lat": 7.3133963963963957, "centroid_lon": 80.091785123882829, "minlat": 7.2683513513513507, "maxlat": 7.3584414414414407, "minlon": 80.046310296395674, "maxlon": 80.13725995136997, "area_km2": 100.00245646130276, "cell_type": "land" }, "geometry": { "type": "Polygon", "coordinates": [ [ [ 80.13725995136997, 7.268351351351351 ], [ 80.13725995136997, 7.358441441441441 ], [ 80.046310296395674, 7.358441441441441 ], [ 80.046310296395674, 7.268351351351351 ], [ 80.13725995136997, 7.268351351351351 ] ] ] } },
{ "type": "Feature", "properties": { "grid_id": "grid_16_6", "cell_number": 438, "row": 16, "col": 6, "centroid_lat": 7.3133963963963957, "centroid_lon": 80.18273477885711, "minlat": 7.2683513513513507, "maxlat": 7.3584414414414407, "minlon": 80.13725995136997, "maxlon": 80.228209606344265, "area_km2": 99.997721974371004, "cell_type": "land" }, "geometry": { "type": "Polygon", "coordinates": [ [ [ 80.228209606344265, 7.268351351351351 ], [ 80.228209606344265, 7.358441441441441 ], [ 80.13725995136997, 7.358441441441441 ], [ 80.13725995136997, 7.268351351351351 ], [ 80.228209606344265, 7.268351351351351 ] ] ] } },
{ "type": "Feature", "properties": { "grid_id": "grid_16_7", "cell_number": 439, "row": 16, "col": 7, "centroid_lat": 7.3133963963963957, "centroid_lon": 80.273684433831406, "minlat": 7.2683513513513507, "maxlat": 7.3584414414414407, "minlon": 80.228209606344265, "maxlon": 80.319159261318561, "area_km2": 99.993486846813468, "cell_type": "land" }, "geometry": { "type": "Polygon", "coordinates": [ [ [ 80.319159261318561, 7.268351351351351 ], [ 80.319159261318561, 7.358441441441441 ], [ 80.228209606344265, 7.358441441441441 ], [ 80.228209606344265, 7.268351351351351 ], [ 80.319159261318561, 7.268351351351351 ] ] ] } },
{ "type": "Feature", "properties": { "grid_id": "grid_16_8", "cell_number": 440, "row": 16, "col": 8, "centroid_lat": 7.3133963963963957, "centroid_lon": 80.364634088805687, "minlat": 7.2683513513513507, "maxlat": 7.3584414414414407, "minlon": 80.319159261318546, "maxlon": 80.410108916292842, "area_km2": 99.989750994499985, "cell_type": "land" }, "geometry": { "type": "Polygon", "coordinates": [ [ [ 80.410108916292842, 7.268351351351351 ], [ 80.410108916292842, 7.358441441441441 ], [ 80.319159261318546, 7.358441441441441 ], [ 80.319159261318546, 7.268351351351351 ], [ 80.410108916292842, 7.268351351351351 ] ] ] } },
{ "type": "Feature", "properties": { "grid_id": "grid_16_9", "cell_number": 441, "row": 16, "col": 9, "centroid_lat": 7.3133963963963957, "centroid_lon": 80.455583743779982, "minlat": 7.2683513513513507, "maxlat": 7.3584414414414407, "minlon": 80.410108916292842, "maxlon": 80.501058571267137, "area_km2": 99.986514343183103, "cell_type": "land" }, "geometry": { "type": "Polygon", "coordinates": [ [ [ 80.501058571267137, 7.268351351351351 ], [ 80.501058571267137, 7.358441441441441 ], [ 80.410108916292842, 7.358441441441441 ], [ 80.410108916292842, 7.268351351351351 ], [ 80.501058571267137, 7.268351351351351 ] ] ] } },
{ "type": "Feature", "properties": { "grid_id": "grid_16_10", "cell_number": 442, "row": 16, "col": 10, "centroid_lat": 7.3133963963963957, "centroid_lon": 80.546533398754292, "minlat": 7.2683513513513507, "maxlat": 7.3584414414414407, "minlon": 80.501058571267137, "maxlon": 80.592008226241433, "area_km2": 99.983776828616229, "cell_type": "land" }, "geometry": { "type": "Polygon", "coordinates": [ [ [ 80.592008226241433, 7.268351351351351 ], [ 80.592008226241433, 7.358441441441441 ], [ 80.501058571267137, 7.358441441441441 ], [ 80.501058571267137, 7.268351351351351 ], [ 80.592008226241433, 7.268351351351351 ] ] ] } },
{ "type": "Feature", "properties": { "grid_id": "grid_16_11", "cell_number": 443, "row": 16, "col": 11, "centroid_lat": 7.3133963963963957, "centroid_lon": 80.637483053728573, "minlat": 7.2683513513513507, "maxlat": 7.3584414414414407, "minlon": 80.592008226241433, "maxlon": 80.682957881215728, "area_km2": 99.981538396430167, "cell_type": "land" }, "geometry": { "type": "Polygon", "coordinates": [ [ [ 80.682957881215728, 7.268351351351351 ], [ 80.682957881215728, 7.358441441441441 ], [ 80.592008226241433, 7.358441441441441 ], [ 80.592008226241433, 7.268351351351351 ], [ 80.682957881215728, 7.268351351351351 ] ] ] } },
{ "type": "Feature", "properties": { "grid_id": "grid_16_12", "cell_number": 444, "row": 16, "col": 12, "centroid_lat": 7.3133963963963957, "centroid_lon": 80.728432708702854, "minlat": 7.2683513513513507, "maxlat": 7.3584414414414407, "minlon": 80.682957881215714, "maxlon": 80.773907536190009, "area_km2": 99.97979900212276, "cell_type": "land" }, "geometry": { "type": "Polygon", "coordinates": [ [ [ 80.773907536190009, 7.268351351351351 ], [ 80.773907536190009, 7.358441441441441 ], [ 80.682957881215714, 7.358441441441441 ], [ 80.682957881215714, 7.268351351351351 ], [ 80.773907536190009, 7.268351351351351 ] ] ] } },
{ "type": "Feature", "properties": { "grid_id": "grid_16_13", "cell_number": 445, "row": 16, "col": 13, "centroid_lat": 7.3133963963963957, "centroid_lon": 80.819382363677164, "minlat": 7.2683513513513507, "maxlat": 7.3584414414414407, "minlon": 80.773907536190009, "maxlon": 80.864857191164305, "area_km2": 99.978558611194813, "cell_type": "land" }, "geometry": { "type": "Polygon", "coordinates": [ [ [ 80.864857191164305, 7.268351351351351 ], [ 80.864857191164305, 7.358441441441441 ], [ 80.773907536190009, 7.358441441441441 ], [ 80.773907536190009, 7.268351351351351 ], [ 80.864857191164305, 7.268351351351351 ] ] ] } },
{ "type": "Feature", "properties": { "grid_id": "grid_16_14", "cell_number": 446, "row": 16, "col": 14, "centroid_lat": 7.3133963963963957, "centroid_lon": 80.910332018651459, "minlat": 7.2683513513513507, "maxlat": 7.3584414414414407, "minlon": 80.864857191164305, "maxlon": 80.9558068461386, "area_km2": 99.977817199012662, "cell_type": "land" }, "geometry": { "type": "Polygon", "coordinates": [ [ [ 80.9558068461386, 7.268351351351351 ], [ 80.9558068461386, 7.358441441441441 ], [ 80.864857191164305, 7.358441441441441 ], [ 80.864857191164305, 7.268351351351351 ], [ 80.9558068461386, 7.268351351351351 ] ] ] } },
{ "type": "Feature", "properties": { "grid_id": "grid_16_15", "cell_number": 447, "row": 16, "col": 15, "centroid_lat": 7.3133963963963957, "centroid_lon": 81.001281673625741, "minlat": 7.2683513513513507, "maxlat": 7.3584414414414407, "minlon": 80.9558068461386, "maxlon": 81.046756501112895, "area_km2": 99.97757475080833, "cell_type": "land" }, "geometry": { "type": "Polygon", "coordinates": [ [ [ 81.046756501112895, 7.268351351351351 ], [ 81.046756501112895, 7.358441441441441 ], [ 80.9558068461386, 7.358441441441441 ], [ 80.9558068461386, 7.268351351351351 ], [ 81.046756501112895, 7.268351351351351 ] ] ] } },
{ "type": "Feature", "properties": { "grid_id": "grid_16_16", "cell_number": 448, "row": 16, "col": 16, "centroid_lat": 7.3133963963963957, "centroid_lon": 81.09223132860005, "minlat": 7.2683513513513507, "maxlat": 7.3584414414414407, "minlon": 81.046756501112895, "maxlon": 81.137706156087191, "area_km2": 99.977831261809058, "cell_type": "land" }, "geometry": { "type": "Polygon", "coordinates": [ [ [ 81.137706156087191, 7.268351351351351 ], [ 81.137706156087191, 7.358441441441441 ], [ 81.046756501112895, 7.358441441441441 ], [ 81.046756501112895, 7.268351351351351 ], [ 81.137706156087191, 7.268351351351351 ] ] ] } },
{ "type": "Feature", "properties": { "grid_id": "grid_16_17", "cell_number": 449, "row": 16, "col": 17, "centroid_lat": 7.3133963963963957, "centroid_lon": 81.183180983574317, "minlat": 7.2683513513513507, "maxlat": 7.3584414414414407, "minlon": 81.137706156087177, "maxlon": 81.228655811061472, "area_km2": 99.978586737110319, "cell_type": "land" }, "geometry": { "type": "Polygon", "coordinates": [ [ [ 81.228655811061472, 7.268351351351351 ], [ 81.228655811061472, 7.358441441441441 ], [ 81.137706156087177, 7.358441441441441 ], [ 81.137706156087177, 7.268351351351351 ], [ 81.228655811061472, 7.268351351351351 ] ] ] } },
{ "type": "Feature", "properties": { "grid_id": "grid_16_18", "cell_number": 450, "row": 16, "col": 18, "centroid_lat": 7.3133963963963957, "centroid_lon": 81.274130638548613, "minlat": 7.2683513513513507, "maxlat": 7.3584414414414407, "minlon": 81.228655811061472, "maxlon": 81.319605466035767, "area_km2": 99.979841191673543, "cell_type": "land" }, "geometry": { "type": "Polygon", "coordinates": [ [ [ 81.319605466035767, 7.268351351351351 ], [ 81.319605466035767, 7.358441441441441 ], [ 81.228655811061472, 7.358441441441441 ], [ 81.228655811061472, 7.268351351351351 ], [ 81.319605466035767, 7.268351351351351 ] ] ] } },
{ "type": "Feature", "properties": { "grid_id": "grid_16_19", "cell_number": 451, "row": 16, "col": 19, "centroid_lat": 7.3133963963963957, "centroid_lon": 81.365080293522922, "minlat": 7.2683513513513507, "maxlat": 7.3584414414414407, "minlon": 81.319605466035767, "maxlon": 81.410555121010063, "area_km2": 99.981594650451626, "cell_type": "land" }, "geometry": { "type": "Polygon", "coordinates": [ [ [ 81.410555121010063, 7.268351351351351 ], [ 81.410555121010063, 7.358441441441441 ], [ 81.319605466035767, 7.358441441441441 ], [ 81.319605466035767, 7.268351351351351 ], [ 81.410555121010063, 7.268351351351351 ] ] ] } },
{ "type": "Feature", "properties": { "grid_id": "grid_16_20", "cell_number": 452, "row": 16, "col": 20, "centroid_lat": 7.3133963963963957, "centroid_lon": 81.456029948497232, "minlat": 7.2683513513513507, "maxlat": 7.3584414414414407, "minlon": 81.410555121010063, "maxlon": 81.501504775984358, "area_km2": 99.983847148269476, "cell_type": "land" }, "geometry": { "type": "Polygon", "coordinates": [ [ [ 81.501504775984358, 7.268351351351351 ], [ 81.501504775984358, 7.358441441441441 ], [ 81.410555121010063, 7.358441441441441 ], [ 81.410555121010063, 7.268351351351351 ], [ 81.501504775984358, 7.268351351351351 ] ] ] } },
{ "type": "Feature", "properties": { "grid_id": "grid_16_21", "cell_number": 453, "row": 16, "col": 21, "centroid_lat": 7.3133963963963957, "centroid_lon": 81.546979603471499, "minlat": 7.2683513513513507, "maxlat": 7.3584414414414407, "minlon": 81.501504775984358, "maxlon": 81.592454430958654, "area_km2": 99.986598729821836, "cell_type": "land" }, "geometry": { "type": "Polygon", "coordinates": [ [ [ 81.592454430958654, 7.268351351351351 ], [ 81.592454430958654, 7.358441441441441 ], [ 81.501504775984358, 7.358441441441441 ], [ 81.501504775984358, 7.268351351351351 ], [ 81.592454430958654, 7.268351351351351 ] ] ] } },
{ "type": "Feature", "properties": { "grid_id": "grid_16_22", "cell_number": 454, "row": 16, "col": 22, "centroid_lat": 7.3133963963963957, "centroid_lon": 81.63792925844578, "minlat": 7.2683513513513507, "maxlat": 7.3584414414414407, "minlon": 81.592454430958639, "maxlon": 81.683404085932935, "area_km2": 99.989849449803984, "cell_type": "land" }, "geometry": { "type": "Polygon", "coordinates": [ [ [ 81.683404085932935, 7.268351351351351 ], [ 81.683404085932935, 7.358441441441441 ], [ 81.592454430958639, 7.358441441441441 ], [ 81.592454430958639, 7.268351351351351 ], [ 81.683404085932935, 7.268351351351351 ] ] ] } },
{ "type": "Feature", "properties": { "grid_id": "grid_16_23", "cell_number": 455, "row": 16, "col": 23, "centroid_lat": 7.3133963963963957, "centroid_lon": 81.72887891342009, "minlat": 7.2683513513513507, "maxlat": 7.3584414414414407, "minlon": 81.683404085932935, "maxlon": 81.77435374090723, "area_km2": 99.993599372777496, "cell_type": "coastal" }, "geometry": { "type": "Polygon", "coordinates": [ [ [ 81.77435374090723, 7.268351351351351 ], [ 81.77435374090723, 7.358441441441441 ], [ 81.683404085932935, 7.358441441441441 ], [ 81.683404085932935, 7.268351351351351 ], [ 81.77435374090723, 7.268351351351351 ] ] ] } },
{ "type": "Feature", "properties": { "grid_id": "grid_16_24", "cell_number": 456, "row": 16, "col": 24, "centroid_lat": 7.3133963963963957, "centroid_lon": 81.819828568394371, "minlat": 7.2683513513513507, "maxlat": 7.3584414414414407, "minlon": 81.77435374090723, "maxlon": 81.865303395881526, "area_km2": 99.9978485731869, "cell_type": "ocean" }, "geometry": { "type": "Polygon", "coordinates": [ [ [ 81.865303395881526, 7.268351351351351 ], [ 81.865303395881526, 7.358441441441441 ], [ 81.77435374090723, 7.358441441441441 ], [ 81.77435374090723, 7.268351351351351 ], [ 81.865303395881526, 7.268351351351351 ] ] ] } },
{ "type": "Feature", "properties": { "grid_id": "grid_16_25", "cell_number": 457, "row": 16, "col": 25, "centroid_lat": 7.3133963963963957, "centroid_lon": 81.910778223368695, "minlat": 7.2683513513513507, "maxlat": 7.3584414414414407, "minlon": 81.865303395881526, "maxlon": 81.956253050855821, "area_km2": 100.00259713548627, "cell_type": "ocean" }, "geometry": { "type": "Polygon", "coordinates": [ [ [ 81.956253050855821, 7.268351351351351 ], [ 81.956253050855821, 7.358441441441441 ], [ 81.865303395881526, 7.358441441441441 ], [ 81.865303395881526, 7.268351351351351 ], [ 81.956253050855821, 7.268351351351351 ] ] ] } },
{ "type": "Feature", "properties": { "grid_id": "grid_16_26", "cell_number": 458, "row": 16, "col": 26, "centroid_lat": 7.3133963963963957, "centroid_lon": 82.001727878342962, "minlat": 7.2683513513513507, "maxlat": 7.3584414414414407, "minlon": 81.956253050855821, "maxlon": 82.047202705830117, "area_km2": 100.00784515400731, "cell_type": "ocean" }, "geometry": { "type": "Polygon", "coordinates": [ [ [ 82.047202705830117, 7.268351351351351 ], [ 82.047202705830117, 7.358441441441441 ], [ 81.956253050855821, 7.358441441441441 ], [ 81.956253050855821, 7.268351351351351 ], [ 82.047202705830117, 7.268351351351351 ] ] ] } },
{ "type": "Feature", "properties": { "grid_id": "grid_17_0", "cell_number": 459, "row": 17, "col": 0, "centroid_lat": 7.4034864864864858, "centroid_lon": 79.637036849011366, "minlat": 7.3584414414414407, "maxlat": 7.4485315315315308, "minlon": 79.591562021524211, "maxlon": 79.682511676498507, "area_km2": 100.01382460892756, "cell_type": "ocean" }, "geometry": { "type": "Polygon", "coordinates": [ [ [ 79.682511676498507, 7.358441441441441 ], [ 79.682511676498507, 7.448531531531531 ], [ 79.591562021524211, 7.448531531531531 ], [ 79.591562021524211, 7.358441441441441 ], [ 79.682511676498507, 7.358441441441441 ] ] ] } },
{ "type": "Feature", "properties": { "grid_id": "grid_17_1", "cell_number": 460, "row": 17, "col": 1, "centroid_lat": 7.4034864864864858, "centroid_lon": 79.727986503985662, "minlat": 7.3584414414414407, "maxlat": 7.4485315315315308, "minlon": 79.682511676498507, "maxlon": 79.773461331472802, "area_km2": 100.00659610424715, "cell_type": "ocean" }, "geometry": { "type": "Polygon", "coordinates": [ [ [ 79.773461331472802, 7.358441441441441 ], [ 79.773461331472802, 7.448531531531531 ], [ 79.682511676498507, 7.448531531531531 ], [ 79.682511676498507, 7.358441441441441 ], [ 79.773461331472802, 7.358441441441441 ] ] ] } },
{ "type": "Feature", "properties": { "grid_id": "grid_17_2", "cell_number": 461, "row": 17, "col": 2, "centroid_lat": 7.4034864864864858, "centroid_lon": 79.818936158959943, "minlat": 7.3584414414414407, "maxlat": 7.4485315315315308, "minlon": 79.773461331472802, "maxlon": 79.864410986447098, "area_km2": 99.999867224835839, "cell_type": "coastal" }, "geometry": { "type": "Polygon", "coordinates": [ [ [ 79.864410986447098, 7.358441441441441 ], [ 79.864410986447098, 7.448531531531531 ], [ 79.773461331472802, 7.448531531531531 ], [ 79.773461331472802, 7.358441441441441 ], [ 79.864410986447098, 7.358441441441441 ] ] ] } },
{ "type": "Feature", "properties": { "grid_id": "grid_17_3", "cell_number": 462, "row": 17, "col": 3, "centroid_lat": 7.4034864864864858, "centroid_lon": 79.909885813934224, "minlat": 7.3584414414414407, "maxlat": 7.4485315315315308, "minlon": 79.864410986447083, "maxlon": 79.955360641421379, "area_km2": 99.993637837016863, "cell_type": "land" }, "geometry": { "type": "Polygon", "coordinates": [ [ [ 79.955360641421379, 7.358441441441441 ], [ 79.955360641421379, 7.448531531531531 ], [ 79.864410986447083, 7.448531531531531 ], [ 79.864410986447083, 7.358441441441441 ], [ 79.955360641421379, 7.358441441441441 ] ] ] } },
{ "type": "Feature", "properties": { "grid_id": "grid_17_4", "cell_number": 463, "row": 17, "col": 4, "centroid_lat": 7.4034864864864858, "centroid_lon": 80.000835468908519, "minlat": 7.3584414414414407, "maxlat": 7.4485315315315308, "minlon": 79.955360641421379, "maxlon": 80.046310296395674, "area_km2": 99.987907817127109, "cell_type": "land" }, "geometry": { "type": "Polygon", "coordinates": [ [ [ 80.046310296395674, 7.358441441441441 ], [ 80.046310296395674, 7.448531531531531 ], [ 79.955360641421379, 7.448531531531531 ], [ 79.955360641421379, 7.358441441441441 ], [ 80.046310296395674, 7.358441441441441 ] ] ] } },
{ "type": "Feature", "properties": { "grid_id": "grid_17_5", "cell_number": 464, "row": 17, "col": 5, "centroid_lat": 7.4034864864864858, "centroid_lon": 80.091785123882829, "minlat": 7.3584414414414407, "maxlat": 7.4485315315315308, "minlon": 80.046310296395674, "maxlon": 80.13725995136997, "area_km2": 99.982677051388436, "cell_type": "land" }, "geometry": { "type": "Polygon", "coordinates": [ [ [ 80.13725995136997, 7.358441441441441 ], [ 80.13725995136997, 7.448531531531531 ], [ 80.046310296395674, 7.448531531531531 ], [ 80.046310296395674, 7.358441441441441 ], [ 80.13725995136997, 7.358441441441441 ] ] ] } },
{ "type": "Feature", "properties": { "grid_id": "grid_17_6", "cell_number": 465, "row": 17, "col": 6, "centroid_lat": 7.4034864864864858, "centroid_lon": 80.18273477885711, "minlat": 7.3584414414414407, "maxlat": 7.4485315315315308, "minlon": 80.13725995136997, "maxlon": 80.228209606344265, "area_km2": 99.977945435903791, "cell_type": "land" }, "geometry": { "type": "Polygon", "coordinates": [ [ [ 80.228209606344265, 7.358441441441441 ], [ 80.228209606344265, 7.448531531531531 ], [ 80.13725995136997, 7.448531531531531 ], [ 80.13725995136997, 7.358441441441441 ], [ 80.228209606344265, 7.358441441441441 ] ] ] } },
{ "type": "Feature", "properties": { "grid_id": "grid_17_7", "cell_number": 466, "row": 17, "col": 7, "centroid_lat": 7.4034864864864858, "centroid_lon": 80.273684433831406, "minlat": 7.3584414414414407, "maxlat": 7.4485315315315308, "minlon": 80.228209606344265, "maxlon": 80.319159261318561, "area_km2": 99.973712876774997, "cell_type": "land" }, "geometry": { "type": "Polygon", "coordinates": [ [ [ 80.319159261318561, 7.358441441441441 ], [ 80.319159261318561, 7.448531531531531 ], [ 80.228209606344265, 7.448531531531531 ], [ 80.228209606344265, 7.358441441441441 ], [ 80.319159261318561, 7.358441441441441 ] ] ] } },
{ "type": "Feature", "properties": { "grid_id": "grid_17_8", "cell_number": 467, "row": 17, "col": 8, "centroid_lat": 7.4034864864864858, "centroid_lon": 80.364634088805687, "minlat": 7.3584414414414407, "maxlat": 7.4485315315315308, "minlon": 80.319159261318546, "maxlon": 80.410108916292842, "area_km2": 99.969979289976536, "cell_type": "land" }, "geometry": { "type": "Polygon", "coordinates": [ [ [ 80.410108916292842, 7.358441441441441 ], [ 80.410108916292842, 7.448531531531531 ], [ 80.319159261318546, 7.448531531531531 ], [ 80.319159261318546, 7.358441441441441 ], [ 80.410108916292842, 7.358441441441441 ] ] ] } },
{ "type": "Feature", "properties": { "grid_id": "grid_17_9", "cell_number": 468, "row": 17, "col": 9, "centroid_lat": 7.4034864864864858, "centroid_lon": 80.455583743779982, "minlat": 7.3584414414414407, "maxlat": 7.4485315315315308, "minlon": 80.410108916292842, "maxlon": 80.501058571267137, "area_km2": 99.966744601352332, "cell_type": "land" }, "geometry": { "type": "Polygon", "coordinates": [ [ [ 80.501058571267137, 7.358441441441441 ], [ 80.501058571267137, 7.448531531531531 ], [ 80.410108916292842, 7.448531531531531 ], [ 80.410108916292842, 7.358441441441441 ], [ 80.501058571267137, 7.358441441441441 ] ] ] } },
{ "type": "Feature", "properties": { "grid_id": "grid_17_10", "cell_number": 469, "row": 17, "col": 10, "centroid_lat": 7.4034864864864858, "centroid_lon": 80.546533398754292, "minlat": 7.3584414414414407, "maxlat": 7.4485315315315308, "minlon": 80.501058571267137, "maxlon": 80.592008226241433, "area_km2": 99.964008746737633, "cell_type": "land" }, "geometry": { "type": "Polygon", "coordinates": [ [ [ 80.592008226241433, 7.358441441441441 ], [ 80.592008226241433, 7.448531531531531 ], [ 80.501058571267137, 7.448531531531531 ], [ 80.501058571267137, 7.358441441441441 ], [ 80.592008226241433, 7.358441441441441 ] ] ] } },
{ "type": "Feature", "properties": { "grid_id": "grid_17_11", "cell_number": 470, "row": 17, "col": 11, "centroid_lat": 7.4034864864864858, "centroid_lon": 80.637483053728573, "minlat": 7.3584414414414407, "maxlat": 7.4485315315315308, "minlon": 80.592008226241433, "maxlon": 80.682957881215728, "area_km2": 99.961771671825829, "cell_type": "land" }, "geometry": { "type": "Polygon", "coordinates": [ [ [ 80.682957881215728, 7.358441441441441 ], [ 80.682957881215728, 7.448531531531531 ], [ 80.592008226241433, 7.448531531531531 ], [ 80.592008226241433, 7.358441441441441 ], [ 80.682957881215728, 7.358441441441441 ] ] ] } },
{ "type": "Feature", "properties": { "grid_id": "grid_17_12", "cell_number": 471, "row": 17, "col": 12, "centroid_lat": 7.4034864864864858, "centroid_lon": 80.728432708702854, "minlat": 7.3584414414414407, "maxlat": 7.4485315315315308, "minlon": 80.682957881215714, "maxlon": 80.773907536190009, "area_km2": 99.960033332174277, "cell_type": "land" }, "geometry": { "type": "Polygon", "coordinates": [ [ [ 80.773907536190009, 7.358441441441441 ], [ 80.773907536190009, 7.448531531531531 ], [ 80.682957881215714, 7.448531531531531 ], [ 80.682957881215714, 7.358441441441441 ], [ 80.773907536190009, 7.358441441441441 ] ] ] } },
{ "type": "Feature", "properties": { "grid_id": "grid_17_13", "cell_number": 472, "row": 17, "col": 13, "centroid_lat": 7.4034864864864858, "centroid_lon": 80.819382363677164, "minlat": 7.3584414414414407, "maxlat": 7.4485315315315308, "minlon": 80.773907536190009, "maxlon": 80.864857191164305, "area_km2": 99.958793693324424, "cell_type": "land" }, "geometry": { "type": "Polygon", "coordinates": [ [ [ 80.864857191164305, 7.358441441441441 ], [ 80.864857191164305, 7.448531531531531 ], [ 80.773907536190009, 7.448531531531531 ], [ 80.773907536190009, 7.358441441441441 ], [ 80.864857191164305, 7.358441441441441 ] ] ] } },
{ "type": "Feature", "properties": { "grid_id": "grid_17_14", "cell_number": 473, "row": 17, "col": 14, "centroid_lat": 7.4034864864864858, "centroid_lon": 80.910332018651459, "minlat": 7.3584414414414407, "maxlat": 7.4485315315315308, "minlon": 80.864857191164305, "maxlon": 80.9558068461386, "area_km2": 99.958052730669166, "cell_type": "land" }, "geometry": { "type": "Polygon", "coordinates": [ [ [ 80.9558068461386, 7.358441441441441 ], [ 80.9558068461386, 7.448531531531531 ], [ 80.864857191164305, 7.448531531531531 ], [ 80.864857191164305, 7.358441441441441 ], [ 80.9558068461386, 7.358441441441441 ] ] ] } },
{ "type": "Feature", "properties": { "grid_id": "grid_17_15", "cell_number": 474, "row": 17, "col": 15, "centroid_lat": 7.4034864864864858, "centroid_lon": 81.001281673625741, "minlat": 7.3584414414414407, "maxlat": 7.4485315315315308, "minlon": 80.9558068461386, "maxlon": 81.046756501112895, "area_km2": 99.957810429465098, "cell_type": "land" }, "geometry": { "type": "Polygon", "coordinates": [ [ [ 81.046756501112895, 7.358441441441441 ], [ 81.046756501112895, 7.448531531531531 ], [ 80.9558068461386, 7.448531531531531 ], [ 80.9558068461386, 7.358441441441441 ], [ 81.046756501112895, 7.358441441441441 ] ] ] } },
{ "type": "Feature", "properties": { "grid_id": "grid_17_16", "cell_number": 475, "row": 17, "col": 16, "centroid_lat": 7.4034864864864858, "centroid_lon": 81.09223132860005, "minlat": 7.3584414414414407, "maxlat": 7.4485315315315308, "minlon": 81.046756501112895, "maxlon": 81.137706156087191, "area_km2": 99.958066784941735, "cell_type": "land" }, "geometry": { "type": "Polygon", "coordinates": [ [ [ 81.137706156087191, 7.358441441441441 ], [ 81.137706156087191, 7.448531531531531 ], [ 81.046756501112895, 7.448531531531531 ], [ 81.046756501112895, 7.358441441441441 ], [ 81.137706156087191, 7.358441441441441 ] ] ] } },
{ "type": "Feature", "properties": { "grid_id": "grid_17_17", "cell_number": 476, "row": 17, "col": 17, "centroid_lat": 7.4034864864864858, "centroid_lon": 81.183180983574317, "minlat": 7.3584414414414407, "maxlat": 7.4485315315315308, "minlon": 81.137706156087177, "maxlon": 81.228655811061472, "area_km2": 99.958821802187629, "cell_type": "land" }, "geometry": { "type": "Polygon", "coordinates": [ [ [ 81.228655811061472, 7.358441441441441 ], [ 81.228655811061472, 7.448531531531531 ], [ 81.137706156087177, 7.448531531531531 ], [ 81.137706156087177, 7.358441441441441 ], [ 81.228655811061472, 7.358441441441441 ] ] ] } },
{ "type": "Feature", "properties": { "grid_id": "grid_17_18", "cell_number": 477, "row": 17, "col": 18, "centroid_lat": 7.4034864864864858, "centroid_lon": 81.274130638548613, "minlat": 7.3584414414414407, "maxlat": 7.4485315315315308, "minlon": 81.228655811061472, "maxlon": 81.319605466035767, "area_km2": 99.960075496144754, "cell_type": "land" }, "geometry": { "type": "Polygon", "coordinates": [ [ [ 81.319605466035767, 7.358441441441441 ], [ 81.319605466035767, 7.448531531531531 ], [ 81.228655811061472, 7.448531531531531 ], [ 81.228655811061472, 7.358441441441441 ], [ 81.319605466035767, 7.358441441441441 ] ] ] } },
{ "type": "Feature", "properties": { "grid_id": "grid_17_19", "cell_number": 478, "row": 17, "col": 19, "centroid_lat": 7.4034864864864858, "centroid_lon": 81.365080293522922, "minlat": 7.3584414414414407, "maxlat": 7.4485315315315308, "minlon": 81.319605466035767, "maxlon": 81.410555121010063, "area_km2": 99.961827891739816, "cell_type": "land" }, "geometry": { "type": "Polygon", "coordinates": [ [ [ 81.410555121010063, 7.358441441441441 ], [ 81.410555121010063, 7.448531531531531 ], [ 81.319605466035767, 7.448531531531531 ], [ 81.319605466035767, 7.358441441441441 ], [ 81.410555121010063, 7.358441441441441 ] ] ] } },
{ "type": "Feature", "properties": { "grid_id": "grid_17_20", "cell_number": 479, "row": 17, "col": 20, "centroid_lat": 7.4034864864864858, "centroid_lon": 81.456029948497232, "minlat": 7.3584414414414407, "maxlat": 7.4485315315315308, "minlon": 81.410555121010063, "maxlon": 81.501504775984358, "area_km2": 99.964079023753555, "cell_type": "land" }, "geometry": { "type": "Polygon", "coordinates": [ [ [ 81.501504775984358, 7.358441441441441 ], [ 81.501504775984358, 7.448531531531531 ], [ 81.410555121010063, 7.448531531531531 ], [ 81.410555121010063, 7.358441441441441 ], [ 81.501504775984358, 7.358441441441441 ] ] ] } },
{ "type": "Feature", "properties": { "grid_id": "grid_17_21", "cell_number": 480, "row": 17, "col": 21, "centroid_lat": 7.4034864864864858, "centroid_lon": 81.546979603471499, "minlat": 7.3584414414414407, "maxlat": 7.4485315315315308, "minlon": 81.501504775984358, "maxlon": 81.592454430958654, "area_km2": 99.966828936822836, "cell_type": "land" }, "geometry": { "type": "Polygon", "coordinates": [ [ [ 81.592454430958654, 7.358441441441441 ], [ 81.592454430958654, 7.448531531531531 ], [ 81.501504775984358, 7.448531531531531 ], [ 81.501504775984358, 7.358441441441441 ], [ 81.592454430958654, 7.358441441441441 ] ] ] } },
{ "type": "Feature", "properties": { "grid_id": "grid_17_22", "cell_number": 481, "row": 17, "col": 22, "centroid_lat": 7.4034864864864858, "centroid_lon": 81.63792925844578, "minlat": 7.3584414414414407, "maxlat": 7.4485315315315308, "minlon": 81.592454430958639, "maxlon": 81.683404085932935, "area_km2": 99.970077685571852, "cell_type": "land" }, "geometry": { "type": "Polygon", "coordinates": [ [ [ 81.683404085932935, 7.358441441441441 ], [ 81.683404085932935, 7.448531531531531 ], [ 81.592454430958639, 7.448531531531531 ], [ 81.592454430958639, 7.358441441441441 ], [ 81.683404085932935, 7.358441441441441 ] ] ] } },
{ "type": "Feature", "properties": { "grid_id": "grid_17_23", "cell_number": 482, "row": 17, "col": 23, "centroid_lat": 7.4034864864864858, "centroid_lon": 81.72887891342009, "minlat": 7.3584414414414407, "maxlat": 7.4485315315315308, "minlon": 81.683404085932935, "maxlon": 81.77435374090723, "area_km2": 99.973825334494833, "cell_type": "coastal" }, "geometry": { "type": "Polygon", "coordinates": [ [ [ 81.77435374090723, 7.358441441441441 ], [ 81.77435374090723, 7.448531531531531 ], [ 81.683404085932935, 7.448531531531531 ], [ 81.683404085932935, 7.358441441441441 ], [ 81.77435374090723, 7.358441441441441 ] ] ] } },
{ "type": "Feature", "properties": { "grid_id": "grid_17_24", "cell_number": 483, "row": 17, "col": 24, "centroid_lat": 7.4034864864864858, "centroid_lon": 81.819828568394371, "minlat": 7.3584414414414407, "maxlat": 7.4485315315315308, "minlon": 81.77435374090723, "maxlon": 81.865303395881526, "area_km2": 99.978071957939378, "cell_type": "coastal" }, "geometry": { "type": "Polygon", "coordinates": [ [ [ 81.865303395881526, 7.358441441441441 ], [ 81.865303395881526, 7.448531531531531 ], [ 81.77435374090723, 7.448531531531531 ], [ 81.77435374090723, 7.358441441441441 ], [ 81.865303395881526, 7.358441441441441 ] ] ] } },
{ "type": "Feature", "properties": { "grid_id": "grid_17_25", "cell_number": 484, "row": 17, "col": 25, "centroid_lat": 7.4034864864864858, "centroid_lon": 81.910778223368695, "minlat": 7.3584414414414407, "maxlat": 7.4485315315315308, "minlon": 81.865303395881526, "maxlon": 81.956253050855821, "area_km2": 99.98281764025063, "cell_type": "ocean" }, "geometry": { "type": "Polygon", "coordinates": [ [ [ 81.956253050855821, 7.358441441441441 ], [ 81.956253050855821, 7.448531531531531 ], [ 81.865303395881526, 7.448531531531531 ], [ 81.865303395881526, 7.358441441441441 ], [ 81.956253050855821, 7.358441441441441 ] ] ] } },
{ "type": "Feature", "properties": { "grid_id": "grid_17_26", "cell_number": 485, "row": 17, "col": 26, "centroid_lat": 7.4034864864864858, "centroid_lon": 82.001727878342962, "minlat": 7.3584414414414407, "maxlat": 7.4485315315315308, "minlon": 81.956253050855821, "maxlon": 82.047202705830117, "area_km2": 99.98806247564869, "cell_type": "ocean" }, "geometry": { "type": "Polygon", "coordinates": [ [ [ 82.047202705830117, 7.358441441441441 ], [ 82.047202705830117, 7.448531531531531 ], [ 81.956253050855821, 7.448531531531531 ], [ 81.956253050855821, 7.358441441441441 ], [ 82.047202705830117, 7.358441441441441 ] ] ] } },
{ "type": "Feature", "properties": { "grid_id": "grid_18_0", "cell_number": 486, "row": 18, "col": 0, "centroid_lat": 7.4935765765765767, "centroid_lon": 79.637036849011366, "minlat": 7.4485315315315308, "maxlat": 7.5386216216216209, "minlon": 79.591562021524211, "maxlon": 79.682511676498507, "area_km2": 99.993784944767839, "cell_type": "ocean" }, "geometry": { "type": "Polygon", "coordinates": [ [ [ 79.682511676498507, 7.448531531531531 ], [ 79.682511676498507, 7.538621621621621 ], [ 79.591562021524211, 7.538621621621621 ], [ 79.591562021524211, 7.448531531531531 ], [ 79.682511676498507, 7.448531531531531 ] ] ] } },
{ "type": "Feature", "properties": { "grid_id": "grid_18_1", "cell_number": 487, "row": 18, "col": 1, "centroid_lat": 7.4935765765765767, "centroid_lon": 79.727986503985662, "minlat": 7.4485315315315308, "maxlat": 7.5386216216216209, "minlon": 79.682511676498507, "maxlon": 79.773461331472802, "area_km2": 99.986560880226108, "cell_type": "ocean" }, "geometry": { "type": "Polygon", "coordinates": [ [ [ 79.773461331472802, 7.448531531531531 ], [ 79.773461331472802, 7.538621621621621 ], [ 79.682511676498507, 7.538621621621621 ], [ 79.682511676498507, 7.448531531531531 ], [ 79.773461331472802, 7.448531531531531 ] ] ] } },
{ "type": "Feature", "properties": { "grid_id": "grid_18_2", "cell_number": 488, "row": 18, "col": 2, "centroid_lat": 7.4935765765765767, "centroid_lon": 79.818936158959943, "minlat": 7.4485315315315308, "maxlat": 7.5386216216216209, "minlon": 79.773461331472802, "maxlon": 79.864410986447098, "area_km2": 99.979836133661863, "cell_type": "coastal" }, "geometry": { "type": "Polygon", "coordinates": [ [ [ 79.864410986447098, 7.448531531531531 ], [ 79.864410986447098, 7.538621621621621 ], [ 79.773461331472802, 7.538621621621621 ], [ 79.773461331472802, 7.448531531531531 ], [ 79.864410986447098, 7.448531531531531 ] ] ] } },
{ "type": "Feature", "properties": { "grid_id": "grid_18_3", "cell_number": 489, "row": 18, "col": 3, "centroid_lat": 7.4935765765765767, "centroid_lon": 79.909885813934224, "minlat": 7.4485315315315308, "maxlat": 7.5386216216216209, "minlon": 79.864410986447083, "maxlon": 79.955360641421379, "area_km2": 99.973610571566013, "cell_type": "land" }, "geometry": { "type": "Polygon", "coordinates": [ [ [ 79.955360641421379, 7.448531531531531 ], [ 79.955360641421379, 7.538621621621621 ], [ 79.864410986447083, 7.538621621621621 ], [ 79.864410986447083, 7.448531531531531 ], [ 79.955360641421379, 7.448531531531531 ] ] ] } },
{ "type": "Feature", "properties": { "grid_id": "grid_18_4", "cell_number": 490, "row": 18, "col": 4, "centroid_lat": 7.4935765765765767, "centroid_lon": 80.000835468908519, "minlat": 7.4485315315315308, "maxlat": 7.5386216216216209, "minlon": 79.955360641421379, "maxlon": 80.046310296395674, "area_km2": 99.967884070429292, "cell_type": "land" }, "geometry": { "type": "Polygon", "coordinates": [ [ [ 80.046310296395674, 7.448531531531531 ], [ 80.046310296395674, 7.538621621621621 ], [ 79.955360641421379, 7.538621621621621 ], [ 79.955360641421379, 7.448531531531531 ], [ 80.046310296395674, 7.448531531531531 ] ] ] } },
{ "type": "Feature", "properties": { "grid_id": "grid_18_5", "cell_number": 491, "row": 18, "col": 5, "centroid_lat": 7.4935765765765767, "centroid_lon": 80.091785123882829, "minlat": 7.4485315315315308, "maxlat": 7.5386216216216209, "minlon": 80.046310296395674, "maxlon": 80.13725995136997, "area_km2": 99.962656516615453, "cell_type": "land" }, "geometry": { "type": "Polygon", "coordinates": [ [ [ 80.13725995136997, 7.448531531531531 ], [ 80.13725995136997, 7.538621621621621 ], [ 80.046310296395674, 7.538621621621621 ], [ 80.046310296395674, 7.448531531531531 ], [ 80.13725995136997, 7.448531531531531 ] ] ] } },
{ "type": "Feature", "properties": { "grid_id": "grid_18_6", "cell_number": 492, "row": 18, "col": 6, "centroid_lat": 7.4935765765765767, "centroid_lon": 80.18273477885711, "minlat": 7.4485315315315308, "maxlat": 7.5386216216216209, "minlon": 80.13725995136997, "maxlon": 80.228209606344265, "area_km2": 99.95792780635756, "cell_type": "land" }, "geometry": { "type": "Polygon", "coordinates": [ [ [ 80.228209606344265, 7.448531531531531 ], [ 80.228209606344265, 7.538621621621621 ], [ 80.13725995136997, 7.538621621621621 ], [ 80.13725995136997, 7.448531531531531 ], [ 80.228209606344265, 7.448531531531531 ] ] ] } },
{ "type": "Feature", "properties": { "grid_id": "grid_18_7", "cell_number": 493, "row": 18, "col": 7, "centroid_lat": 7.4935765765765767, "centroid_lon": 80.273684433831406, "minlat": 7.4485315315315308, "maxlat": 7.5386216216216209, "minlon": 80.228209606344265, "maxlon": 80.319159261318561, "area_km2": 99.953697845874515, "cell_type": "land" }, "geometry": { "type": "Polygon", "coordinates": [ [ [ 80.319159261318561, 7.448531531531531 ], [ 80.319159261318561, 7.538621621621621 ], [ 80.228209606344265, 7.538621621621621 ], [ 80.228209606344265, 7.448531531531531 ], [ 80.319159261318561, 7.448531531531531 ] ] ] } },
{ "type": "Feature", "properties": { "grid_id": "grid_18_8", "cell_number": 494, "row": 18, "col": 8, "centroid_lat": 7.4935765765765767, "centroid_lon": 80.364634088805687, "minlat": 7.4485315315315308, "maxlat": 7.5386216216216209, "minlon": 80.319159261318546, "maxlon": 80.410108916292842, "area_km2": 99.949966551247144, "cell_type": "land" }, "geometry": { "type": "Polygon", "coordinates": [ [ [ 80.410108916292842, 7.448531531531531 ], [ 80.410108916292842, 7.538621621621621 ], [ 80.319159261318546, 7.538621621621621 ], [ 80.319159261318546, 7.448531531531531 ], [ 80.410108916292842, 7.448531531531531 ] ] ] } },
{ "type": "Feature", "properties": { "grid_id": "grid_18_9", "cell_number": 495, "row": 18, "col": 9, "centroid_lat": 7.4935765765765767, "centroid_lon": 80.455583743779982, "minlat": 7.4485315315315308, "maxlat": 7.5386216216216209, "minlon": 80.410108916292842, "maxlon": 80.501058571267137, "area_km2": 99.946733848410702, "cell_type": "land" }, "geometry": { "type": "Polygon", "coordinates": [ [ [ 80.501058571267137, 7.448531531531531 ], [ 80.501058571267137, 7.538621621621621 ], [ 80.410108916292842, 7.538621621621621 ], [ 80.410108916292842, 7.448531531531531 ], [ 80.501058571267137, 7.448531531531531 ] ] ] } },
{ "type": "Feature", "properties": { "grid_id": "grid_18_10", "cell_number": 496, "row": 18, "col": 10, "centroid_lat": 7.4935765765765767, "centroid_lon": 80.546533398754292, "minlat": 7.4485315315315308, "maxlat": 7.5386216216216209, "minlon": 80.501058571267137, "maxlon": 80.592008226241433, "area_km2": 99.94399967327783, "cell_type": "land" }, "geometry": { "type": "Polygon", "coordinates": [ [ [ 80.592008226241433, 7.448531531531531 ], [ 80.592008226241433, 7.538621621621621 ], [ 80.501058571267137, 7.538621621621621 ], [ 80.501058571267137, 7.448531531531531 ], [ 80.592008226241433, 7.448531531531531 ] ] ] } },
{ "type": "Feature", "properties": { "grid_id": "grid_18_11", "cell_number": 497, "row": 18, "col": 11, "centroid_lat": 7.4935765765765767, "centroid_lon": 80.637483053728573, "minlat": 7.4485315315315308, "maxlat": 7.5386216216216209, "minlon": 80.592008226241433, "maxlon": 80.682957881215728, "area_km2": 99.941763971610968, "cell_type": "land" }, "geometry": { "type": "Polygon", "coordinates": [ [ [ 80.682957881215728, 7.448531531531531 ], [ 80.682957881215728, 7.538621621621621 ], [ 80.592008226241433, 7.538621621621621 ], [ 80.592008226241433, 7.448531531531531 ], [ 80.682957881215728, 7.448531531531531 ] ] ] } },
{ "type": "Feature", "properties": { "grid_id": "grid_18_12", "cell_number": 498, "row": 18, "col": 12, "centroid_lat": 7.4935765765765767, "centroid_lon": 80.728432708702854, "minlat": 7.4485315315315308, "maxlat": 7.5386216216216209, "minlon": 80.682957881215714, "maxlon": 80.773907536190009, "area_km2": 99.940026699023448, "cell_type": "land" }, "geometry": { "type": "Polygon", "coordinates": [ [ [ 80.773907536190009, 7.448531531531531 ], [ 80.773907536190009, 7.538621621621621 ], [ 80.682957881215714, 7.538621621621621 ], [ 80.682957881215714, 7.448531531531531 ], [ 80.773907536190009, 7.448531531531531 ] ] ] } },
{ "type": "Feature", "properties": { "grid_id": "grid_18_13", "cell_number": 499, "row": 18, "col": 13, "centroid_lat": 7.4935765765765767, "centroid_lon": 80.819382363677164, "minlat": 7.4485315315315308, "maxlat": 7.5386216216216209, "minlon": 80.773907536190009, "maxlon": 80.864857191164305, "area_km2": 99.938787821097165, "cell_type": "land" }, "geometry": { "type": "Polygon", "coordinates": [ [ [ 80.864857191164305, 7.448531531531531 ], [ 80.864857191164305, 7.538621621621621 ], [ 80.773907536190009, 7.538621621621621 ], [ 80.773907536190009, 7.448531531531531 ], [ 80.864857191164305, 7.448531531531531 ] ] ] } },
{ "type": "Feature", "properties": { "grid_id": "grid_18_14", "cell_number": 500, "row": 18, "col": 14, "centroid_lat": 7.4935765765765767, "centroid_lon": 80.910332018651459, "minlat": 7.4485315315315308, "maxlat": 7.5386216216216209, "minlon": 80.864857191164305, "maxlon": 80.9558068461386, "area_km2": 99.938047313260839, "cell_type": "land" }, "geometry": { "type": "Polygon", "coordinates": [ [ [ 80.9558068461386, 7.448531531531531 ], [ 80.9558068461386, 7.538621621621621 ], [ 80.864857191164305, 7.538621621621621 ], [ 80.864857191164305, 7.448531531531531 ], [ 80.9558068461386, 7.448531531531531 ] ] ] } },
{ "type": "Feature", "properties": { "grid_id": "grid_18_15", "cell_number": 501, "row": 18, "col": 15, "centroid_lat": 7.4935765765765767, "centroid_lon": 81.001281673625741, "minlat": 7.4485315315315308, "maxlat": 7.5386216216216209, "minlon": 80.9558068461386, "maxlon": 81.046756501112895, "area_km2": 99.937805160784393, "cell_type": "land" }, "geometry": { "type": "Polygon", "coordinates": [ [ [ 81.046756501112895, 7.448531531531531 ], [ 81.046756501112895, 7.538621621621621 ], [ 80.9558068461386, 7.538621621621621 ], [ 80.9558068461386, 7.448531531531531 ], [ 81.046756501112895, 7.448531531531531 ] ] ] } },
{ "type": "Feature", "properties": { "grid_id": "grid_18_16", "cell_number": 502, "row": 18, "col": 16, "centroid_lat": 7.4935765765765767, "centroid_lon": 81.09223132860005, "minlat": 7.4485315315315308, "maxlat": 7.5386216216216209, "minlon": 81.046756501112895, "maxlon": 81.137706156087191, "area_km2": 99.938061358904278, "cell_type": "land" }, "geometry": { "type": "Polygon", "coordinates": [ [ [ 81.137706156087191, 7.448531531531531 ], [ 81.137706156087191, 7.538621621621621 ], [ 81.046756501112895, 7.538621621621621 ], [ 81.046756501112895, 7.448531531531531 ], [ 81.137706156087191, 7.448531531531531 ] ] ] } },
{ "type": "Feature", "properties": { "grid_id": "grid_18_17", "cell_number": 503, "row": 18, "col": 17, "centroid_lat": 7.4935765765765767, "centroid_lon": 81.183180983574317, "minlat": 7.4485315315315308, "maxlat": 7.5386216216216209, "minlon": 81.137706156087177, "maxlon": 81.228655811061472, "area_km2": 99.938815912703987, "cell_type": "land" }, "geometry": { "type": "Polygon", "coordinates": [ [ [ 81.228655811061472, 7.448531531531531 ], [ 81.228655811061472, 7.538621621621621 ], [ 81.137706156087177, 7.538621621621621 ], [ 81.137706156087177, 7.448531531531531 ], [ 81.228655811061472, 7.448531531531531 ] ] ] } },
{ "type": "Feature", "properties": { "grid_id": "grid_18_18", "cell_number": 504, "row": 18, "col": 18, "centroid_lat": 7.4935765765765767, "centroid_lon": 81.274130638548613, "minlat": 7.4485315315315308, "maxlat": 7.5386216216216209, "minlon": 81.228655811061472, "maxlon": 81.319605466035767, "area_km2": 99.940068837109536, "cell_type": "land" }, "geometry": { "type": "Polygon", "coordinates": [ [ [ 81.319605466035767, 7.448531531531531 ], [ 81.319605466035767, 7.538621621621621 ], [ 81.228655811061472, 7.538621621621621 ], [ 81.228655811061472, 7.448531531531531 ], [ 81.319605466035767, 7.448531531531531 ] ] ] } },
{ "type": "Feature", "properties": { "grid_id": "grid_18_19", "cell_number": 505, "row": 18, "col": 19, "centroid_lat": 7.4935765765765767, "centroid_lon": 81.365080293522922, "minlat": 7.4485315315315308, "maxlat": 7.5386216216216209, "minlon": 81.319605466035767, "maxlon": 81.410555121010063, "area_km2": 99.941820157011264, "cell_type": "land" }, "geometry": { "type": "Polygon", "coordinates": [ [ [ 81.410555121010063, 7.448531531531531 ], [ 81.410555121010063, 7.538621621621621 ], [ 81.319605466035767, 7.538621621621621 ], [ 81.319605466035767, 7.448531531531531 ], [ 81.410555121010063, 7.448531531531531 ] ] ] } },
{ "type": "Feature", "properties": { "grid_id": "grid_18_20", "cell_number": 506, "row": 18, "col": 20, "centroid_lat": 7.4935765765765767, "centroid_lon": 81.456029948497232, "minlat": 7.4485315315315308, "maxlat": 7.5386216216216209, "minlon": 81.410555121010063, "maxlon": 81.501504775984358, "area_km2": 99.944069907149071, "cell_type": "land" }, "geometry": { "type": "Polygon", "coordinates": [ [ [ 81.501504775984358, 7.448531531531531 ], [ 81.501504775984358, 7.538621621621621 ], [ 81.410555121010063, 7.538621621621621 ], [ 81.410555121010063, 7.448531531531531 ], [ 81.501504775984358, 7.448531531531531 ] ] ] } },
{ "type": "Feature", "properties": { "grid_id": "grid_18_21", "cell_number": 507, "row": 18, "col": 21, "centroid_lat": 7.4935765765765767, "centroid_lon": 81.546979603471499, "minlat": 7.4485315315315308, "maxlat": 7.5386216216216209, "minlon": 81.501504775984358, "maxlon": 81.592454430958654, "area_km2": 99.946818132107353, "cell_type": "land" }, "geometry": { "type": "Polygon", "coordinates": [ [ [ 81.592454430958654, 7.448531531531531 ], [ 81.592454430958654, 7.538621621621621 ], [ 81.501504775984358, 7.538621621621621 ], [ 81.501504775984358, 7.448531531531531 ], [ 81.592454430958654, 7.448531531531531 ] ] ] } },
{ "type": "Feature", "properties": { "grid_id": "grid_18_22", "cell_number": 508, "row": 18, "col": 22, "centroid_lat": 7.4935765765765767, "centroid_lon": 81.63792925844578, "minlat": 7.4485315315315308, "maxlat": 7.5386216216216209, "minlon": 81.592454430958639, "maxlon": 81.683404085932935, "area_km2": 99.950064886441638, "cell_type": "land" }, "geometry": { "type": "Polygon", "coordinates": [ [ [ 81.683404085932935, 7.448531531531531 ], [ 81.683404085932935, 7.538621621621621 ], [ 81.592454430958639, 7.538621621621621 ], [ 81.592454430958639, 7.448531531531531 ], [ 81.683404085932935, 7.448531531531531 ] ] ] } },
{ "type": "Feature", "properties": { "grid_id": "grid_18_23", "cell_number": 509, "row": 18, "col": 23, "centroid_lat": 7.4935765765765767, "centroid_lon": 81.72887891342009, "minlat": 7.4485315315315308, "maxlat": 7.5386216216216209, "minlon": 81.683404085932935, "maxlon": 81.77435374090723, "area_km2": 99.953810234555633, "cell_type": "land" }, "geometry": { "type": "Polygon", "coordinates": [ [ [ 81.77435374090723, 7.448531531531531 ], [ 81.77435374090723, 7.538621621621621 ], [ 81.683404085932935, 7.538621621621621 ], [ 81.683404085932935, 7.448531531531531 ], [ 81.77435374090723, 7.448531531531531 ] ] ] } },
{ "type": "Feature", "properties": { "grid_id": "grid_18_24", "cell_number": 510, "row": 18, "col": 24, "centroid_lat": 7.4935765765765767, "centroid_lon": 81.819828568394371, "minlat": 7.4485315315315308, "maxlat": 7.5386216216216209, "minlon": 81.77435374090723, "maxlon": 81.865303395881526, "area_km2": 99.958054250711925, "cell_type": "coastal" }, "geometry": { "type": "Polygon", "coordinates": [ [ [ 81.865303395881526, 7.448531531531531 ], [ 81.865303395881526, 7.538621621621621 ], [ 81.77435374090723, 7.538621621621621 ], [ 81.77435374090723, 7.448531531531531 ], [ 81.865303395881526, 7.448531531531531 ] ] ] } },
{ "type": "Feature", "properties": { "grid_id": "grid_18_25", "cell_number": 511, "row": 18, "col": 25, "centroid_lat": 7.4935765765765767, "centroid_lon": 81.910778223368695, "minlat": 7.4485315315315308, "maxlat": 7.5386216216216209, "minlon": 81.865303395881526, "maxlon": 81.956253050855821, "area_km2": 99.962797019155119, "cell_type": "ocean" }, "geometry": { "type": "Polygon", "coordinates": [ [ [ 81.956253050855821, 7.448531531531531 ], [ 81.956253050855821, 7.538621621621621 ], [ 81.865303395881526, 7.538621621621621 ], [ 81.865303395881526, 7.448531531531531 ], [ 81.956253050855821, 7.448531531531531 ] ] ] } },
{ "type": "Feature", "properties": { "grid_id": "grid_18_26", "cell_number": 512, "row": 18, "col": 26, "centroid_lat": 7.4935765765765767, "centroid_lon": 82.001727878342962, "minlat": 7.4485315315315308, "maxlat": 7.5386216216216209, "minlon": 81.956253050855821, "maxlon": 82.047202705830117, "area_km2": 99.968038633982232, "cell_type": "ocean" }, "geometry": { "type": "Polygon", "coordinates": [ [ [ 82.047202705830117, 7.448531531531531 ], [ 82.047202705830117, 7.538621621621621 ], [ 81.956253050855821, 7.538621621621621 ], [ 81.956253050855821, 7.448531531531531 ], [ 82.047202705830117, 7.448531531531531 ] ] ] } },
{ "type": "Feature", "properties": { "grid_id": "grid_19_0", "cell_number": 513, "row": 19, "col": 0, "centroid_lat": 7.5836666666666668, "centroid_lon": 79.637036849011366, "minlat": 7.5386216216216209, "maxlat": 7.6287117117117109, "minlon": 79.591562021524211, "maxlon": 79.682511676498507, "area_km2": 99.97350397155158, "cell_type": "ocean" }, "geometry": { "type": "Polygon", "coordinates": [ [ [ 79.682511676498507, 7.538621621621621 ], [ 79.682511676498507, 7.628711711711711 ], [ 79.591562021524211, 7.628711711711711 ], [ 79.591562021524211, 7.538621621621621 ], [ 79.682511676498507, 7.538621621621621 ] ] ] } },
{ "type": "Feature", "properties": { "grid_id": "grid_19_1", "cell_number": 514, "row": 19, "col": 1, "centroid_lat": 7.5836666666666668, "centroid_lon": 79.727986503985662, "minlat": 7.5386216216216209, "maxlat": 7.6287117117117109, "minlon": 79.682511676498507, "maxlon": 79.773461331472802, "area_km2": 99.966284398700296, "cell_type": "coastal" }, "geometry": { "type": "Polygon", "coordinates": [ [ [ 79.773461331472802, 7.538621621621621 ], [ 79.773461331472802, 7.628711711711711 ], [ 79.682511676498507, 7.628711711711711 ], [ 79.682511676498507, 7.538621621621621 ], [ 79.773461331472802, 7.538621621621621 ] ] ] } },
{ "type": "Feature", "properties": { "grid_id": "grid_19_2", "cell_number": 515, "row": 19, "col": 2, "centroid_lat": 7.5836666666666668, "centroid_lon": 79.818936158959943, "minlat": 7.5386216216216209, "maxlat": 7.6287117117117109, "minlon": 79.773461331472802, "maxlon": 79.864410986447098, "area_km2": 99.959563832970616, "cell_type": "coastal" }, "geometry": { "type": "Polygon", "coordinates": [ [ [ 79.864410986447098, 7.538621621621621 ], [ 79.864410986447098, 7.628711711711711 ], [ 79.773461331472802, 7.628711711711711 ], [ 79.773461331472802, 7.538621621621621 ], [ 79.864410986447098, 7.538621621621621 ] ] ] } },
{ "type": "Feature", "properties": { "grid_id": "grid_19_3", "cell_number": 516, "row": 19, "col": 3, "centroid_lat": 7.5836666666666668, "centroid_lon": 79.909885813934224, "minlat": 7.5386216216216209, "maxlat": 7.6287117117117109, "minlon": 79.864410986447083, "maxlon": 79.955360641421379, "area_km2": 99.95334214101922, "cell_type": "land" }, "geometry": { "type": "Polygon", "coordinates": [ [ [ 79.955360641421379, 7.538621621621621 ], [ 79.955360641421379, 7.628711711711711 ], [ 79.864410986447083, 7.628711711711711 ], [ 79.864410986447083, 7.538621621621621 ], [ 79.955360641421379, 7.538621621621621 ] ] ] } },
{ "type": "Feature", "properties": { "grid_id": "grid_19_4", "cell_number": 517, "row": 19, "col": 4, "centroid_lat": 7.5836666666666668, "centroid_lon": 80.000835468908519, "minlat": 7.5386216216216209, "maxlat": 7.6287117117117109, "minlon": 79.955360641421379, "maxlon": 80.046310296395674, "area_km2": 99.947619199493033, "cell_type": "land" }, "geometry": { "type": "Polygon", "coordinates": [ [ [ 80.046310296395674, 7.538621621621621 ], [ 80.046310296395674, 7.628711711711711 ], [ 79.955360641421379, 7.628711711711711 ], [ 79.955360641421379, 7.538621621621621 ], [ 80.046310296395674, 7.538621621621621 ] ] ] } },
{ "type": "Feature", "properties": { "grid_id": "grid_19_5", "cell_number": 518, "row": 19, "col": 5, "centroid_lat": 7.5836666666666668, "centroid_lon": 80.091785123882829, "minlat": 7.5386216216216209, "maxlat": 7.6287117117117109, "minlon": 80.046310296395674, "maxlon": 80.13725995136997, "area_km2": 99.94239489490208, "cell_type": "land" }, "geometry": { "type": "Polygon", "coordinates": [ [ [ 80.13725995136997, 7.538621621621621 ], [ 80.13725995136997, 7.628711711711711 ], [ 80.046310296395674, 7.628711711711711 ], [ 80.046310296395674, 7.538621621621621 ], [ 80.13725995136997, 7.538621621621621 ] ] ] } },
{ "type": "Feature", "properties": { "grid_id": "grid_19_6", "cell_number": 519, "row": 19, "col": 6, "centroid_lat": 7.5836666666666668, "centroid_lon": 80.18273477885711, "minlat": 7.5386216216216209, "maxlat": 7.6287117117117109, "minlon": 80.13725995136997, "maxlon": 80.228209606344265, "area_km2": 99.937669123605815, "cell_type": "land" }, "geometry": { "type": "Polygon", "coordinates": [ [ [ 80.228209606344265, 7.538621621621621 ], [ 80.228209606344265, 7.628711711711711 ], [ 80.13725995136997, 7.628711711711711 ], [ 80.13725995136997, 7.538621621621621 ], [ 80.228209606344265, 7.538621621621621 ] ] ] } },
{ "type": "Feature", "properties": { "grid_id": "grid_19_7", "cell_number": 520, "row": 19, "col": 7, "centroid_lat": 7.5836666666666668, "centroid_lon": 80.273684433831406, "minlat": 7.5386216216216209, "maxlat": 7.6287117117117109, "minlon": 80.228209606344265, "maxlon": 80.319159261318561, "area_km2": 99.933441791942172, "cell_type": "land" }, "geometry": { "type": "Polygon", "coordinates": [ [ [ 80.319159261318561, 7.538621621621621 ], [ 80.319159261318561, 7.628711711711711 ], [ 80.228209606344265, 7.628711711711711 ], [ 80.228209606344265, 7.538621621621621 ], [ 80.319159261318561, 7.538621621621621 ] ] ] } },
{ "type": "Feature", "properties": { "grid_id": "grid_19_8", "cell_number": 521, "row": 19, "col": 8, "centroid_lat": 7.5836666666666668, "centroid_lon": 80.364634088805687, "minlat": 7.5386216216216209, "maxlat": 7.6287117117117109, "minlon": 80.319159261318546, "maxlon": 80.410108916292842, "area_km2": 99.929712816099709, "cell_type": "land" }, "geometry": { "type": "Polygon", "coordinates": [ [ [ 80.410108916292842, 7.538621621621621 ], [ 80.410108916292842, 7.628711711711711 ], [ 80.319159261318546, 7.628711711711711 ], [ 80.319159261318546, 7.538621621621621 ], [ 80.410108916292842, 7.538621621621621 ] ] ] } },
{ "type": "Feature", "properties": { "grid_id": "grid_19_9", "cell_number": 522, "row": 19, "col": 9, "centroid_lat": 7.5836666666666668, "centroid_lon": 80.455583743779982, "minlat": 7.5386216216216209, "maxlat": 7.6287117117117109, "minlon": 80.410108916292842, "maxlon": 80.501058571267137, "area_km2": 99.926482122104957, "cell_type": "land" }, "geometry": { "type": "Polygon", "coordinates": [ [ [ 80.501058571267137, 7.538621621621621 ], [ 80.501058571267137, 7.628711711711711 ], [ 80.410108916292842, 7.628711711711711 ], [ 80.410108916292842, 7.538621621621621 ], [ 80.501058571267137, 7.538621621621621 ] ] ] } },
{ "type": "Feature", "properties": { "grid_id": "grid_19_10", "cell_number": 523, "row": 19, "col": 10, "centroid_lat": 7.5836666666666668, "centroid_lon": 80.546533398754292, "minlat": 7.5386216216216209, "maxlat": 7.6287117117117109, "minlon": 80.501058571267137, "maxlon": 80.592008226241433, "area_km2": 99.923749645952583, "cell_type": "land" }, "geometry": { "type": "Polygon", "coordinates": [ [ [ 80.592008226241433, 7.538621621621621 ], [ 80.592008226241433, 7.628711711711711 ], [ 80.501058571267137, 7.628711711711711 ], [ 80.501058571267137, 7.538621621621621 ], [ 80.592008226241433, 7.538621621621621 ] ] ] } },
{ "type": "Feature", "properties": { "grid_id": "grid_19_11", "cell_number": 524, "row": 19, "col": 11, "centroid_lat": 7.5836666666666668, "centroid_lon": 80.637483053728573, "minlat": 7.5386216216216209, "maxlat": 7.6287117117117109, "minlon": 80.592008226241433, "maxlon": 80.682957881215728, "area_km2": 99.921515333477004, "cell_type": "land" }, "geometry": { "type": "Polygon", "coordinates": [ [ [ 80.682957881215728, 7.538621621621621 ], [ 80.682957881215728, 7.628711711711711 ], [ 80.592008226241433, 7.628711711711711 ], [ 80.592008226241433, 7.538621621621621 ], [ 80.682957881215728, 7.538621621621621 ] ] ] } },
{ "type": "Feature", "properties": { "grid_id": "grid_19_12", "cell_number": 525, "row": 19, "col": 12, "centroid_lat": 7.5836666666666668, "centroid_lon": 80.728432708702854, "minlat": 7.5386216216216209, "maxlat": 7.6287117117117109, "minlon": 80.682957881215714, "maxlon": 80.773907536190009, "area_km2": 99.919779140344417, "cell_type": "land" }, "geometry": { "type": "Polygon", "coordinates": [ [ [ 80.773907536190009, 7.538621621621621 ], [ 80.773907536190009, 7.628711711711711 ], [ 80.682957881215714, 7.628711711711711 ], [ 80.682957881215714, 7.538621621621621 ], [ 80.773907536190009, 7.538621621621621 ] ] ] } },
{ "type": "Feature", "properties": { "grid_id": "grid_19_13", "cell_number": 526, "row": 19, "col": 13, "centroid_lat": 7.5836666666666668, "centroid_lon": 80.819382363677164, "minlat": 7.5386216216216209, "maxlat": 7.6287117117117109, "minlon": 80.773907536190009, "maxlon": 80.864857191164305, "area_km2": 99.918541032179448, "cell_type": "land" }, "geometry": { "type": "Polygon", "coordinates": [ [ [ 80.864857191164305, 7.538621621621621 ], [ 80.864857191164305, 7.628711711711711 ], [ 80.773907536190009, 7.628711711711711 ], [ 80.773907536190009, 7.538621621621621 ], [ 80.864857191164305, 7.538621621621621 ] ] ] } },
{ "type": "Feature", "properties": { "grid_id": "grid_19_14", "cell_number": 527, "row": 19, "col": 14, "centroid_lat": 7.5836666666666668, "centroid_lon": 80.910332018651459, "minlat": 7.5386216216216209, "maxlat": 7.6287117117117109, "minlon": 80.864857191164305, "maxlon": 80.9558068461386, "area_km2": 99.917800984440831, "cell_type": "land" }, "geometry": { "type": "Polygon", "coordinates": [ [ [ 80.9558068461386, 7.538621621621621 ], [ 80.9558068461386, 7.628711711711711 ], [ 80.864857191164305, 7.628711711711711 ], [ 80.864857191164305, 7.538621621621621 ], [ 80.9558068461386, 7.538621621621621 ] ] ] } },
{ "type": "Feature", "properties": { "grid_id": "grid_19_15", "cell_number": 528, "row": 19, "col": 15, "centroid_lat": 7.5836666666666668, "centroid_lon": 81.001281673625741, "minlat": 7.5386216216216209, "maxlat": 7.6287117117117109, "minlon": 80.9558068461386, "maxlon": 81.046756501112895, "area_km2": 99.917558982417404, "cell_type": "land" }, "geometry": { "type": "Polygon", "coordinates": [ [ [ 81.046756501112895, 7.538621621621621 ], [ 81.046756501112895, 7.628711711711711 ], [ 80.9558068461386, 7.628711711711711 ], [ 80.9558068461386, 7.538621621621621 ], [ 81.046756501112895, 7.538621621621621 ] ] ] } },
{ "type": "Feature", "properties": { "grid_id": "grid_19_16", "cell_number": 529, "row": 19, "col": 16, "centroid_lat": 7.5836666666666668, "centroid_lon": 81.09223132860005, "minlat": 7.5386216216216209, "maxlat": 7.6287117117117109, "minlon": 81.046756501112895, "maxlon": 81.137706156087191, "area_km2": 99.917815021356844, "cell_type": "land" }, "geometry": { "type": "Polygon", "coordinates": [ [ [ 81.137706156087191, 7.538621621621621 ], [ 81.137706156087191, 7.628711711711711 ], [ 81.046756501112895, 7.628711711711711 ], [ 81.046756501112895, 7.538621621621621 ], [ 81.137706156087191, 7.538621621621621 ] ] ] } },
{ "type": "Feature", "properties": { "grid_id": "grid_19_17", "cell_number": 530, "row": 19, "col": 17, "centroid_lat": 7.5836666666666668, "centroid_lon": 81.183180983574317, "minlat": 7.5386216216216209, "maxlat": 7.6287117117117109, "minlon": 81.137706156087177, "maxlon": 81.228655811061472, "area_km2": 99.918569106333223, "cell_type": "land" }, "geometry": { "type": "Polygon", "coordinates": [ [ [ 81.228655811061472, 7.538621621621621 ], [ 81.228655811061472, 7.628711711711711 ], [ 81.137706156087177, 7.628711711711711 ], [ 81.137706156087177, 7.538621621621621 ], [ 81.228655811061472, 7.538621621621621 ] ] ] } },
{ "type": "Feature", "properties": { "grid_id": "grid_19_18", "cell_number": 531, "row": 19, "col": 18, "centroid_lat": 7.5836666666666668, "centroid_lon": 81.274130638548613, "minlat": 7.5386216216216209, "maxlat": 7.6287117117117109, "minlon": 81.228655811061472, "maxlon": 81.319605466035767, "area_km2": 99.919821252250259, "cell_type": "land" }, "geometry": { "type": "Polygon", "coordinates": [ [ [ 81.319605466035767, 7.538621621621621 ], [ 81.319605466035767, 7.628711711711711 ], [ 81.228655811061472, 7.628711711711711 ], [ 81.228655811061472, 7.538621621621621 ], [ 81.319605466035767, 7.538621621621621 ] ] ] } },
{ "type": "Feature", "properties": { "grid_id": "grid_19_19", "cell_number": 532, "row": 19, "col": 19, "centroid_lat": 7.5836666666666668, "centroid_lon": 81.365080293522922, "minlat": 7.5386216216216209, "maxlat": 7.6287117117117109, "minlon": 81.319605466035767, "maxlon": 81.410555121010063, "area_km2": 99.921571483968933, "cell_type": "land" }, "geometry": { "type": "Polygon", "coordinates": [ [ [ 81.410555121010063, 7.538621621621621 ], [ 81.410555121010063, 7.628711711711711 ], [ 81.319605466035767, 7.628711711711711 ], [ 81.319605466035767, 7.538621621621621 ], [ 81.410555121010063, 7.538621621621621 ] ] ] } },
{ "type": "Feature", "properties": { "grid_id": "grid_19_20", "cell_number": 533, "row": 19, "col": 20, "centroid_lat": 7.5836666666666668, "centroid_lon": 81.456029948497232, "minlat": 7.5386216216216209, "maxlat": 7.6287117117117109, "minlon": 81.410555121010063, "maxlon": 81.501504775984358, "area_km2": 99.923819836187008, "cell_type": "land" }, "geometry": { "type": "Polygon", "coordinates": [ [ [ 81.501504775984358, 7.538621621621621 ], [ 81.501504775984358, 7.628711711711711 ], [ 81.410555121010063, 7.628711711711711 ], [ 81.410555121010063, 7.538621621621621 ], [ 81.501504775984358, 7.538621621621621 ] ] ] } },
{ "type": "Feature", "properties": { "grid_id": "grid_19_21", "cell_number": 534, "row": 19, "col": 21, "centroid_lat": 7.5836666666666668, "centroid_lon": 81.546979603471499, "minlat": 7.5386216216216209, "maxlat": 7.6287117117117109, "minlon": 81.501504775984358, "maxlon": 81.592454430958654, "area_km2": 99.926566353429408, "cell_type": "land" }, "geometry": { "type": "Polygon", "coordinates": [ [ [ 81.592454430958654, 7.538621621621621 ], [ 81.592454430958654, 7.628711711711711 ], [ 81.501504775984358, 7.628711711711711 ], [ 81.501504775984358, 7.538621621621621 ], [ 81.592454430958654, 7.538621621621621 ] ] ] } },
{ "type": "Feature", "properties": { "grid_id": "grid_19_22", "cell_number": 535, "row": 19, "col": 22, "centroid_lat": 7.5836666666666668, "centroid_lon": 81.63792925844578, "minlat": 7.5386216216216209, "maxlat": 7.6287117117117109, "minlon": 81.592454430958639, "maxlon": 81.683404085932935, "area_km2": 99.929811090182113, "cell_type": "land" }, "geometry": { "type": "Polygon", "coordinates": [ [ [ 81.683404085932935, 7.538621621621621 ], [ 81.683404085932935, 7.628711711711711 ], [ 81.592454430958639, 7.628711711711711 ], [ 81.592454430958639, 7.538621621621621 ], [ 81.683404085932935, 7.538621621621621 ] ] ] } },
{ "type": "Feature", "properties": { "grid_id": "grid_19_23", "cell_number": 536, "row": 19, "col": 23, "centroid_lat": 7.5836666666666668, "centroid_lon": 81.72887891342009, "minlat": 7.5386216216216209, "maxlat": 7.6287117117117109, "minlon": 81.683404085932935, "maxlon": 81.77435374090723, "area_km2": 99.93355411077475, "cell_type": "coastal" }, "geometry": { "type": "Polygon", "coordinates": [ [ [ 81.77435374090723, 7.538621621621621 ], [ 81.77435374090723, 7.628711711711711 ], [ 81.683404085932935, 7.628711711711711 ], [ 81.683404085932935, 7.538621621621621 ], [ 81.77435374090723, 7.538621621621621 ] ] ] } },
{ "type": "Feature", "properties": { "grid_id": "grid_19_24", "cell_number": 537, "row": 19, "col": 24, "centroid_lat": 7.5836666666666668, "centroid_lon": 81.819828568394371, "minlat": 7.5386216216216209, "maxlat": 7.6287117117117109, "minlon": 81.77435374090723, "maxlon": 81.865303395881526, "area_km2": 99.937795489374011, "cell_type": "coastal" }, "geometry": { "type": "Polygon", "coordinates": [ [ [ 81.865303395881526, 7.538621621621621 ], [ 81.865303395881526, 7.628711711711711 ], [ 81.77435374090723, 7.628711711711711 ], [ 81.77435374090723, 7.538621621621621 ], [ 81.865303395881526, 7.538621621621621 ] ] ] } },
{ "type": "Feature", "properties": { "grid_id": "grid_19_25", "cell_number": 538, "row": 19, "col": 25, "centroid_lat": 7.5836666666666668, "centroid_lon": 81.910778223368695, "minlat": 7.5386216216216209, "maxlat": 7.6287117117117109, "minlon": 81.865303395881526, "maxlon": 81.956253050855821, "area_km2": 99.942535310111936, "cell_type": "ocean" }, "geometry": { "type": "Polygon", "coordinates": [ [ [ 81.956253050855821, 7.538621621621621 ], [ 81.956253050855821, 7.628711711711711 ], [ 81.865303395881526, 7.628711711711711 ], [ 81.865303395881526, 7.538621621621621 ], [ 81.956253050855821, 7.538621621621621 ] ] ] } },
{ "type": "Feature", "properties": { "grid_id": "grid_19_26", "cell_number": 539, "row": 19, "col": 26, "centroid_lat": 7.5836666666666668, "centroid_lon": 82.001727878342962, "minlat": 7.5386216216216209, "maxlat": 7.6287117117117109, "minlon": 81.956253050855821, "maxlon": 82.047202705830117, "area_km2": 99.947773666972068, "cell_type": "ocean" }, "geometry": { "type": "Polygon", "coordinates": [ [ [ 82.047202705830117, 7.538621621621621 ], [ 82.047202705830117, 7.628711711711711 ], [ 81.956253050855821, 7.628711711711711 ], [ 81.956253050855821, 7.538621621621621 ], [ 82.047202705830117, 7.538621621621621 ] ] ] } },
{ "type": "Feature", "properties": { "grid_id": "grid_20_0", "cell_number": 540, "row": 20, "col": 0, "centroid_lat": 7.6737567567567542, "centroid_lon": 79.637036849011366, "minlat": 7.6287117117117109, "maxlat": 7.718801801801801, "minlon": 79.591562021524211, "maxlon": 79.682511676498507, "area_km2": 99.952981727980344, "cell_type": "ocean" }, "geometry": { "type": "Polygon", "coordinates": [ [ [ 79.682511676498507, 7.628711711711711 ], [ 79.682511676498507, 7.718801801801801 ], [ 79.591562021524211, 7.718801801801801 ], [ 79.591562021524211, 7.628711711711711 ], [ 79.682511676498507, 7.628711711711711 ] ] ] } },
{ "type": "Feature", "properties": { "grid_id": "grid_20_1", "cell_number": 541, "row": 20, "col": 1, "centroid_lat": 7.6737567567567542, "centroid_lon": 79.727986503985662, "minlat": 7.6287117117117109, "maxlat": 7.718801801801801, "minlon": 79.682511676498507, "maxlon": 79.773461331472802, "area_km2": 99.945766698298925, "cell_type": "coastal" }, "geometry": { "type": "Polygon", "coordinates": [ [ [ 79.773461331472802, 7.628711711711711 ], [ 79.773461331472802, 7.718801801801801 ], [ 79.682511676498507, 7.718801801801801 ], [ 79.682511676498507, 7.628711711711711 ], [ 79.773461331472802, 7.628711711711711 ] ] ] } },
{ "type": "Feature", "properties": { "grid_id": "grid_20_2", "cell_number": 542, "row": 20, "col": 2, "centroid_lat": 7.6737567567567542, "centroid_lon": 79.818936158959943, "minlat": 7.6287117117117109, "maxlat": 7.718801801801801, "minlon": 79.773461331472802, "maxlon": 79.864410986447098, "area_km2": 99.939050361316305, "cell_type": "land" }, "geometry": { "type": "Polygon", "coordinates": [ [ [ 79.864410986447098, 7.628711711711711 ], [ 79.864410986447098, 7.718801801801801 ], [ 79.773461331472802, 7.718801801801801 ], [ 79.773461331472802, 7.628711711711711 ], [ 79.864410986447098, 7.628711711711711 ] ] ] } },
{ "type": "Feature", "properties": { "grid_id": "grid_20_3", "cell_number": 543, "row": 20, "col": 3, "centroid_lat": 7.6737567567567542, "centroid_lon": 79.909885813934224, "minlat": 7.6287117117117109, "maxlat": 7.718801801801801, "minlon": 79.864410986447083, "maxlon": 79.955360641421379, "area_km2": 99.932832583861668, "cell_type": "land" }, "geometry": { "type": "Polygon", "coordinates": [ [ [ 79.955360641421379, 7.628711711711711 ], [ 79.955360641421379, 7.718801801801801 ], [ 79.864410986447083, 7.718801801801801 ], [ 79.864410986447083, 7.628711711711711 ], [ 79.955360641421379, 7.628711711711711 ] ] ] } },
{ "type": "Feature", "properties": { "grid_id": "grid_20_4", "cell_number": 544, "row": 20, "col": 4, "centroid_lat": 7.6737567567567542, "centroid_lon": 80.000835468908519, "minlat": 7.6287117117117109, "maxlat": 7.718801801801801, "minlon": 79.955360641421379, "maxlon": 80.046310296395674, "area_km2": 99.92711324274363, "cell_type": "land" }, "geometry": { "type": "Polygon", "coordinates": [ [ [ 80.046310296395674, 7.628711711711711 ], [ 80.046310296395674, 7.718801801801801 ], [ 79.955360641421379, 7.718801801801801 ], [ 79.955360641421379, 7.628711711711711 ], [ 80.046310296395674, 7.628711711711711 ] ] ] } },
{ "type": "Feature", "properties": { "grid_id": "grid_20_5", "cell_number": 545, "row": 20, "col": 5, "centroid_lat": 7.6737567567567542, "centroid_lon": 80.091785123882829, "minlat": 7.6287117117117109, "maxlat": 7.718801801801801, "minlon": 80.046310296395674, "maxlon": 80.13725995136997, "area_km2": 99.921892224609692, "cell_type": "land" }, "geometry": { "type": "Polygon", "coordinates": [ [ [ 80.13725995136997, 7.628711711711711 ], [ 80.13725995136997, 7.718801801801801 ], [ 80.046310296395674, 7.718801801801801 ], [ 80.046310296395674, 7.628711711711711 ], [ 80.13725995136997, 7.628711711711711 ] ] ] } },
{ "type": "Feature", "properties": { "grid_id": "grid_20_6", "cell_number": 546, "row": 20, "col": 6, "centroid_lat": 7.6737567567567542, "centroid_lon": 80.18273477885711, "minlat": 7.6287117117117109, "maxlat": 7.718801801801801, "minlon": 80.13725995136997, "maxlon": 80.228209606344265, "area_km2": 99.91716942595589, "cell_type": "land" }, "geometry": { "type": "Polygon", "coordinates": [ [ [ 80.228209606344265, 7.628711711711711 ], [ 80.228209606344265, 7.718801801801801 ], [ 80.13725995136997, 7.718801801801801 ], [ 80.13725995136997, 7.628711711711711 ], [ 80.228209606344265, 7.628711711711711 ] ] ] } },
{ "type": "Feature", "properties": { "grid_id": "grid_20_7", "cell_number": 547, "row": 20, "col": 7, "centroid_lat": 7.6737567567567542, "centroid_lon": 80.273684433831406, "minlat": 7.6287117117117109, "maxlat": 7.718801801801801, "minlon": 80.228209606344265, "maxlon": 80.319159261318561, "area_km2": 99.91294475324402, "cell_type": "land" }, "geometry": { "type": "Polygon", "coordinates": [ [ [ 80.319159261318561, 7.628711711711711 ], [ 80.319159261318561, 7.718801801801801 ], [ 80.228209606344265, 7.718801801801801 ], [ 80.228209606344265, 7.628711711711711 ], [ 80.319159261318561, 7.628711711711711 ] ] ] } },
{ "type": "Feature", "properties": { "grid_id": "grid_20_8", "cell_number": 548, "row": 20, "col": 8, "centroid_lat": 7.6737567567567542, "centroid_lon": 80.364634088805687, "minlat": 7.6287117117117109, "maxlat": 7.718801801801801, "minlon": 80.319159261318546, "maxlon": 80.410108916292842, "area_km2": 99.909218122761544, "cell_type": "land" }, "geometry": { "type": "Polygon", "coordinates": [ [ [ 80.410108916292842, 7.628711711711711 ], [ 80.410108916292842, 7.718801801801801 ], [ 80.319159261318546, 7.718801801801801 ], [ 80.319159261318546, 7.628711711711711 ], [ 80.410108916292842, 7.628711711711711 ] ] ] } },
{ "type": "Feature", "properties": { "grid_id": "grid_20_9", "cell_number": 549, "row": 20, "col": 9, "centroid_lat": 7.6737567567567542, "centroid_lon": 80.455583743779982, "minlat": 7.6287117117117109, "maxlat": 7.718801801801801, "minlon": 80.410108916292842, "maxlon": 80.501058571267137, "area_km2": 99.905989460633521, "cell_type": "land" }, "geometry": { "type": "Polygon", "coordinates": [ [ [ 80.501058571267137, 7.628711711711711 ], [ 80.501058571267137, 7.718801801801801 ], [ 80.410108916292842, 7.718801801801801 ], [ 80.410108916292842, 7.628711711711711 ], [ 80.501058571267137, 7.628711711711711 ] ] ] } },
{ "type": "Feature", "properties": { "grid_id": "grid_20_10", "cell_number": 550, "row": 20, "col": 10, "centroid_lat": 7.6737567567567542, "centroid_lon": 80.546533398754292, "minlat": 7.6287117117117109, "maxlat": 7.718801801801801, "minlon": 80.501058571267137, "maxlon": 80.592008226241433, "area_km2": 99.903258702938388, "cell_type": "land" }, "geometry": { "type": "Polygon", "coordinates": [ [ [ 80.592008226241433, 7.628711711711711 ], [ 80.592008226241433, 7.718801801801801 ], [ 80.501058571267137, 7.718801801801801 ], [ 80.501058571267137, 7.628711711711711 ], [ 80.592008226241433, 7.628711711711711 ] ] ] } },
{ "type": "Feature", "properties": { "grid_id": "grid_20_11", "cell_number": 551, "row": 20, "col": 11, "centroid_lat": 7.6737567567567542, "centroid_lon": 80.637483053728573, "minlat": 7.6287117117117109, "maxlat": 7.718801801801801, "minlon": 80.592008226241433, "maxlon": 80.682957881215728, "area_km2": 99.901025795575208, "cell_type": "land" }, "geometry": { "type": "Polygon", "coordinates": [ [ [ 80.682957881215728, 7.628711711711711 ], [ 80.682957881215728, 7.718801801801801 ], [ 80.592008226241433, 7.718801801801801 ], [ 80.592008226241433, 7.628711711711711 ], [ 80.682957881215728, 7.628711711711711 ] ] ] } },
{ "type": "Feature", "properties": { "grid_id": "grid_20_12", "cell_number": 552, "row": 20, "col": 12, "centroid_lat": 7.6737567567567542, "centroid_lon": 80.728432708702854, "minlat": 7.6287117117117109, "maxlat": 7.718801801801801, "minlon": 80.682957881215714, "maxlon": 80.773907536190009, "area_km2": 99.899290694266597, "cell_type": "land" }, "geometry": { "type": "Polygon", "coordinates": [ [ [ 80.773907536190009, 7.628711711711711 ], [ 80.773907536190009, 7.718801801801801 ], [ 80.682957881215714, 7.718801801801801 ], [ 80.682957881215714, 7.628711711711711 ], [ 80.773907536190009, 7.628711711711711 ] ] ] } },
{ "type": "Feature", "properties": { "grid_id": "grid_20_13", "cell_number": 553, "row": 20, "col": 13, "centroid_lat": 7.6737567567567542, "centroid_lon": 80.819382363677164, "minlat": 7.6287117117117109, "maxlat": 7.718801801801801, "minlon": 80.773907536190009, "maxlon": 80.864857191164305, "area_km2": 99.898053364684884, "cell_type": "land" }, "geometry": { "type": "Polygon", "coordinates": [ [ [ 80.864857191164305, 7.628711711711711 ], [ 80.864857191164305, 7.718801801801801 ], [ 80.773907536190009, 7.718801801801801 ], [ 80.773907536190009, 7.628711711711711 ], [ 80.864857191164305, 7.628711711711711 ] ] ] } },
{ "type": "Feature", "properties": { "grid_id": "grid_20_14", "cell_number": 554, "row": 20, "col": 14, "centroid_lat": 7.6737567567567542, "centroid_lon": 80.910332018651459, "minlat": 7.6287117117117109, "maxlat": 7.718801801801801, "minlon": 80.864857191164305, "maxlon": 80.9558068461386, "area_km2": 99.897313782318477, "cell_type": "land" }, "geometry": { "type": "Polygon", "coordinates": [ [ [ 80.9558068461386, 7.628711711711711 ], [ 80.9558068461386, 7.718801801801801 ], [ 80.864857191164305, 7.718801801801801 ], [ 80.864857191164305, 7.628711711711711 ], [ 80.9558068461386, 7.628711711711711 ] ] ] } },
{ "type": "Feature", "properties": { "grid_id": "grid_20_15", "cell_number": 555, "row": 20, "col": 15, "centroid_lat": 7.6737567567567542, "centroid_lon": 81.001281673625741, "minlat": 7.6287117117117109, "maxlat": 7.718801801801801, "minlon": 80.9558068461386, "maxlon": 81.046756501112895, "area_km2": 99.897071932477857, "cell_type": "land" }, "geometry": { "type": "Polygon", "coordinates": [ [ [ 81.046756501112895, 7.628711711711711 ], [ 81.046756501112895, 7.718801801801801 ], [ 80.9558068461386, 7.718801801801801 ], [ 80.9558068461386, 7.628711711711711 ], [ 81.046756501112895, 7.628711711711711 ] ] ] } },
{ "type": "Feature", "properties": { "grid_id": "grid_20_16", "cell_number": 556, "row": 20, "col": 16, "centroid_lat": 7.6737567567567542, "centroid_lon": 81.09223132860005, "minlat": 7.6287117117117109, "maxlat": 7.718801801801801, "minlon": 81.046756501112895, "maxlon": 81.137706156087191, "area_km2": 99.897327810410133, "cell_type": "land" }, "geometry": { "type": "Polygon", "coordinates": [ [ [ 81.137706156087191, 7.628711711711711 ], [ 81.137706156087191, 7.718801801801801 ], [ 81.046756501112895, 7.718801801801801 ], [ 81.046756501112895, 7.628711711711711 ], [ 81.137706156087191, 7.628711711711711 ] ] ] } },
{ "type": "Feature", "properties": { "grid_id": "grid_20_17", "cell_number": 557, "row": 20, "col": 17, "centroid_lat": 7.6737567567567542, "centroid_lon": 81.183180983574317, "minlat": 7.6287117117117109, "maxlat": 7.718801801801801, "minlon": 81.137706156087177, "maxlon": 81.228655811061472, "area_km2": 99.898081421183647, "cell_type": "land" }, "geometry": { "type": "Polygon", "coordinates": [ [ [ 81.228655811061472, 7.628711711711711 ], [ 81.228655811061472, 7.718801801801801 ], [ 81.137706156087177, 7.718801801801801 ], [ 81.137706156087177, 7.628711711711711 ], [ 81.228655811061472, 7.628711711711711 ] ] ] } },
{ "type": "Feature", "properties": { "grid_id": "grid_20_18", "cell_number": 558, "row": 20, "col": 18, "centroid_lat": 7.6737567567567542, "centroid_lon": 81.274130638548613, "minlat": 7.6287117117117109, "maxlat": 7.718801801801801, "minlon": 81.228655811061472, "maxlon": 81.319605466035767, "area_km2": 99.899332779688621, "cell_type": "land" }, "geometry": { "type": "Polygon", "coordinates": [ [ [ 81.319605466035767, 7.628711711711711 ], [ 81.319605466035767, 7.718801801801801 ], [ 81.228655811061472, 7.718801801801801 ], [ 81.228655811061472, 7.628711711711711 ], [ 81.319605466035767, 7.628711711711711 ] ] ] } },
{ "type": "Feature", "properties": { "grid_id": "grid_20_19", "cell_number": 559, "row": 20, "col": 19, "centroid_lat": 7.6737567567567542, "centroid_lon": 81.365080293522922, "minlat": 7.6287117117117109, "maxlat": 7.718801801801801, "minlon": 81.319605466035767, "maxlon": 81.410555121010063, "area_km2": 99.901081910753874, "cell_type": "land" }, "geometry": { "type": "Polygon", "coordinates": [ [ [ 81.410555121010063, 7.628711711711711 ], [ 81.410555121010063, 7.718801801801801 ], [ 81.319605466035767, 7.718801801801801 ], [ 81.319605466035767, 7.628711711711711 ], [ 81.410555121010063, 7.628711711711711 ] ] ] } },
{ "type": "Feature", "properties": { "grid_id": "grid_20_20", "cell_number": 560, "row": 20, "col": 20, "centroid_lat": 7.6737567567567542, "centroid_lon": 81.456029948497232, "minlat": 7.6287117117117109, "maxlat": 7.718801801801801, "minlon": 81.410555121010063, "maxlon": 81.501504775984358, "area_km2": 99.903328849029833, "cell_type": "land" }, "geometry": { "type": "Polygon", "coordinates": [ [ [ 81.501504775984358, 7.628711711711711 ], [ 81.501504775984358, 7.718801801801801 ], [ 81.410555121010063, 7.718801801801801 ], [ 81.410555121010063, 7.628711711711711 ], [ 81.501504775984358, 7.628711711711711 ] ] ] } },
{ "type": "Feature", "properties": { "grid_id": "grid_20_21", "cell_number": 561, "row": 20, "col": 21, "centroid_lat": 7.6737567567567542, "centroid_lon": 81.546979603471499, "minlat": 7.6287117117117109, "maxlat": 7.718801801801801, "minlon": 81.501504775984358, "maxlon": 81.592454430958654, "area_km2": 99.90607363898387, "cell_type": "land" }, "geometry": { "type": "Polygon", "coordinates": [ [ [ 81.592454430958654, 7.628711711711711 ], [ 81.592454430958654, 7.718801801801801 ], [ 81.501504775984358, 7.718801801801801 ], [ 81.501504775984358, 7.628711711711711 ], [ 81.592454430958654, 7.628711711711711 ] ] ] } },
{ "type": "Feature", "properties": { "grid_id": "grid_20_22", "cell_number": 562, "row": 20, "col": 22, "centroid_lat": 7.6737567567567542, "centroid_lon": 81.63792925844578, "minlat": 7.6287117117117109, "maxlat": 7.718801801801801, "minlon": 81.592454430958639, "maxlon": 81.683404085932935, "area_km2": 99.909316335033665, "cell_type": "land" }, "geometry": { "type": "Polygon", "coordinates": [ [ [ 81.683404085932935, 7.628711711711711 ], [ 81.683404085932935, 7.718801801801801 ], [ 81.592454430958639, 7.718801801801801 ], [ 81.592454430958639, 7.628711711711711 ], [ 81.683404085932935, 7.628711711711711 ] ] ] } },
{ "type": "Feature", "properties": { "grid_id": "grid_20_23", "cell_number": 563, "row": 20, "col": 23, "centroid_lat": 7.6737567567567542, "centroid_lon": 81.72887891342009, "minlat": 7.6287117117117109, "maxlat": 7.718801801801801, "minlon": 81.683404085932935, "maxlon": 81.77435374090723, "area_km2": 99.913057001429735, "cell_type": "coastal" }, "geometry": { "type": "Polygon", "coordinates": [ [ [ 81.77435374090723, 7.628711711711711 ], [ 81.77435374090723, 7.718801801801801 ], [ 81.683404085932935, 7.718801801801801 ], [ 81.683404085932935, 7.628711711711711 ], [ 81.77435374090723, 7.628711711711711 ] ] ] } },
{ "type": "Feature", "properties": { "grid_id": "grid_20_24", "cell_number": 564, "row": 20, "col": 24, "centroid_lat": 7.6737567567567542, "centroid_lon": 81.819828568394371, "minlat": 7.6287117117117109, "maxlat": 7.718801801801801, "minlon": 81.77435374090723, "maxlon": 81.865303395881526, "area_km2": 99.917295712238953, "cell_type": "ocean" }, "geometry": { "type": "Polygon", "coordinates": [ [ [ 81.865303395881526, 7.628711711711711 ], [ 81.865303395881526, 7.718801801801801 ], [ 81.77435374090723, 7.718801801801801 ], [ 81.77435374090723, 7.628711711711711 ], [ 81.865303395881526, 7.628711711711711 ] ] ] } },
{ "type": "Feature", "properties": { "grid_id": "grid_20_25", "cell_number": 565, "row": 20, "col": 25, "centroid_lat": 7.6737567567567542, "centroid_lon": 81.910778223368695, "minlat": 7.6287117117117109, "maxlat": 7.718801801801801, "minlon": 81.865303395881526, "maxlon": 81.956253050855821, "area_km2": 99.92203255148975, "cell_type": "ocean" }, "geometry": { "type": "Polygon", "coordinates": [ [ [ 81.956253050855821, 7.628711711711711 ], [ 81.956253050855821, 7.718801801801801 ], [ 81.865303395881526, 7.718801801801801 ], [ 81.865303395881526, 7.628711711711711 ], [ 81.956253050855821, 7.628711711711711 ] ] ] } },
{ "type": "Feature", "properties": { "grid_id": "grid_20_26", "cell_number": 566, "row": 20, "col": 26, "centroid_lat": 7.6737567567567542, "centroid_lon": 82.001727878342962, "minlat": 7.6287117117117109, "maxlat": 7.718801801801801, "minlon": 81.956253050855821, "maxlon": 82.047202705830117, "area_km2": 99.927267613045487, "cell_type": "ocean" }, "geometry": { "type": "Polygon", "coordinates": [ [ [ 82.047202705830117, 7.628711711711711 ], [ 82.047202705830117, 7.718801801801801 ], [ 81.956253050855821, 7.718801801801801 ], [ 81.956253050855821, 7.628711711711711 ], [ 82.047202705830117, 7.628711711711711 ] ] ] } },
{ "type": "Feature", "properties": { "grid_id": "grid_21_0", "cell_number": 567, "row": 21, "col": 0, "centroid_lat": 7.763846846846846, "centroid_lon": 79.637036849011366, "minlat": 7.7188018018018019, "maxlat": 7.8088918918918919, "minlon": 79.591562021524211, "maxlon": 79.682511676498507, "area_km2": 99.932218253204454, "cell_type": "ocean" }, "geometry": { "type": "Polygon", "coordinates": [ [ [ 79.682511676498507, 7.718801801801802 ], [ 79.682511676498507, 7.808891891891892 ], [ 79.591562021524211, 7.808891891891892 ], [ 79.591562021524211, 7.718801801801802 ], [ 79.682511676498507, 7.718801801801802 ] ] ] } },
{ "type": "Feature", "properties": { "grid_id": "grid_21_1", "cell_number": 568, "row": 21, "col": 1, "centroid_lat": 7.763846846846846, "centroid_lon": 79.727986503985662, "minlat": 7.7188018018018019, "maxlat": 7.8088918918918919, "minlon": 79.682511676498507, "maxlon": 79.773461331472802, "area_km2": 99.925007818089156, "cell_type": "coastal" }, "geometry": { "type": "Polygon", "coordinates": [ [ [ 79.773461331472802, 7.718801801801802 ], [ 79.773461331472802, 7.808891891891892 ], [ 79.682511676498507, 7.808891891891892 ], [ 79.682511676498507, 7.718801801801802 ], [ 79.773461331472802, 7.718801801801802 ] ] ] } },
{ "type": "Feature", "properties": { "grid_id": "grid_21_2", "cell_number": 569, "row": 21, "col": 2, "centroid_lat": 7.763846846846846, "centroid_lon": 79.818936158959943, "minlat": 7.7188018018018019, "maxlat": 7.8088918918918919, "minlon": 79.773461331472802, "maxlon": 79.864410986447098, "area_km2": 99.918295757697365, "cell_type": "land" }, "geometry": { "type": "Polygon", "coordinates": [ [ [ 79.864410986447098, 7.718801801801802 ], [ 79.864410986447098, 7.808891891891892 ], [ 79.773461331472802, 7.808891891891892 ], [ 79.773461331472802, 7.718801801801802 ], [ 79.864410986447098, 7.718801801801802 ] ] ] } },
{ "type": "Feature", "properties": { "grid_id": "grid_21_3", "cell_number": 570, "row": 21, "col": 3, "centroid_lat": 7.763846846846846, "centroid_lon": 79.909885813934224, "minlat": 7.7188018018018019, "maxlat": 7.8088918918918919, "minlon": 79.864410986447083, "maxlon": 79.955360641421379, "area_km2": 99.912081939030031, "cell_type": "land" }, "geometry": { "type": "Polygon", "coordinates": [ [ [ 79.955360641421379, 7.718801801801802 ], [ 79.955360641421379, 7.808891891891892 ], [ 79.864410986447083, 7.808891891891892 ], [ 79.864410986447083, 7.718801801801802 ], [ 79.955360641421379, 7.718801801801802 ] ] ] } },
{ "type": "Feature", "properties": { "grid_id": "grid_21_4", "cell_number": 571, "row": 21, "col": 4, "centroid_lat": 7.763846846846846, "centroid_lon": 80.000835468908519, "minlat": 7.7188018018018019, "maxlat": 7.8088918918918919, "minlon": 79.955360641421379, "maxlon": 80.046310296395674, "area_km2": 99.906366239051337, "cell_type": "land" }, "geometry": { "type": "Polygon", "coordinates": [ [ [ 80.046310296395674, 7.718801801801802 ], [ 80.046310296395674, 7.808891891891892 ], [ 79.955360641421379, 7.808891891891892 ], [ 79.955360641421379, 7.718801801801802 ], [ 80.046310296395674, 7.718801801801802 ] ] ] } },
{ "type": "Feature", "properties": { "grid_id": "grid_21_5", "cell_number": 572, "row": 21, "col": 5, "centroid_lat": 7.763846846846846, "centroid_lon": 80.091785123882829, "minlat": 7.7188018018018019, "maxlat": 7.8088918918918919, "minlon": 80.046310296395674, "maxlon": 80.13725995136997, "area_km2": 99.901148544559987, "cell_type": "land" }, "geometry": { "type": "Polygon", "coordinates": [ [ [ 80.13725995136997, 7.718801801801802 ], [ 80.13725995136997, 7.808891891891892 ], [ 80.046310296395674, 7.808891891891892 ], [ 80.046310296395674, 7.718801801801802 ], [ 80.13725995136997, 7.718801801801802 ] ] ] } },
{ "type": "Feature", "properties": { "grid_id": "grid_21_6", "cell_number": 573, "row": 21, "col": 6, "centroid_lat": 7.763846846846846, "centroid_lon": 80.18273477885711, "minlat": 7.7188018018018019, "maxlat": 7.8088918918918919, "minlon": 80.13725995136997, "maxlon": 80.228209606344265, "area_km2": 99.896428752184576, "cell_type": "land" }, "geometry": { "type": "Polygon", "coordinates": [ [ [ 80.228209606344265, 7.718801801801802 ], [ 80.228209606344265, 7.808891891891892 ], [ 80.13725995136997, 7.808891891891892 ], [ 80.13725995136997, 7.718801801801802 ], [ 80.228209606344265, 7.718801801801802 ] ] ] } },
{ "type": "Feature", "properties": { "grid_id": "grid_21_7", "cell_number": 574, "row": 21, "col": 7, "centroid_lat": 7.763846846846846, "centroid_lon": 80.273684433831406, "minlat": 7.7188018018018019, "maxlat": 7.8088918918918919, "minlon": 80.228209606344265, "maxlon": 80.319159261318561, "area_km2": 99.892206768504536, "cell_type": "land" }, "geometry": { "type": "Polygon", "coordinates": [ [ [ 80.319159261318561, 7.718801801801802 ], [ 80.319159261318561, 7.808891891891892 ], [ 80.228209606344265, 7.808891891891892 ], [ 80.228209606344265, 7.718801801801802 ], [ 80.319159261318561, 7.718801801801802 ] ] ] } },
{ "type": "Feature", "properties": { "grid_id": "grid_21_8", "cell_number": 575, "row": 21, "col": 8, "centroid_lat": 7.763846846846846, "centroid_lon": 80.364634088805687, "minlat": 7.7188018018018019, "maxlat": 7.8088918918918919, "minlon": 80.319159261318546, "maxlon": 80.410108916292842, "area_km2": 99.888482509919612, "cell_type": "land" }, "geometry": { "type": "Polygon", "coordinates": [ [ [ 80.410108916292842, 7.718801801801802 ], [ 80.410108916292842, 7.808891891891892 ], [ 80.319159261318546, 7.808891891891892 ], [ 80.319159261318546, 7.718801801801802 ], [ 80.410108916292842, 7.718801801801802 ] ] ] } },
{ "type": "Feature", "properties": { "grid_id": "grid_21_9", "cell_number": 576, "row": 21, "col": 9, "centroid_lat": 7.763846846846846, "centroid_lon": 80.455583743779982, "minlat": 7.7188018018018019, "maxlat": 7.8088918918918919, "minlon": 80.410108916292842, "maxlon": 80.501058571267137, "area_km2": 99.885255902648353, "cell_type": "land" }, "geometry": { "type": "Polygon", "coordinates": [ [ [ 80.501058571267137, 7.718801801801802 ], [ 80.501058571267137, 7.808891891891892 ], [ 80.410108916292842, 7.808891891891892 ], [ 80.410108916292842, 7.718801801801802 ], [ 80.501058571267137, 7.718801801801802 ] ] ] } },
{ "type": "Feature", "properties": { "grid_id": "grid_21_10", "cell_number": 577, "row": 21, "col": 10, "centroid_lat": 7.763846846846846, "centroid_lon": 80.546533398754292, "minlat": 7.7188018018018019, "maxlat": 7.8088918918918919, "minlon": 80.501058571267137, "maxlon": 80.592008226241433, "area_km2": 99.88252688285003, "cell_type": "land" }, "geometry": { "type": "Polygon", "coordinates": [ [ [ 80.592008226241433, 7.718801801801802 ], [ 80.592008226241433, 7.808891891891892 ], [ 80.501058571267137, 7.808891891891892 ], [ 80.501058571267137, 7.718801801801802 ], [ 80.592008226241433, 7.718801801801802 ] ] ] } },
{ "type": "Feature", "properties": { "grid_id": "grid_21_11", "cell_number": 578, "row": 21, "col": 11, "centroid_lat": 7.763846846846846, "centroid_lon": 80.637483053728573, "minlat": 7.7188018018018019, "maxlat": 7.8088918918918919, "minlon": 80.592008226241433, "maxlon": 80.682957881215728, "area_km2": 99.880295396496578, "cell_type": "land" }, "geometry": { "type": "Polygon", "coordinates": [ [ [ 80.682957881215728, 7.718801801801802 ], [ 80.682957881215728, 7.808891891891892 ], [ 80.592008226241433, 7.808891891891892 ], [ 80.592008226241433, 7.718801801801802 ], [ 80.682957881215728, 7.718801801801802 ] ] ] } },
{ "type": "Feature", "properties": { "grid_id": "grid_21_12", "cell_number": 579, "row": 21, "col": 12, "centroid_lat": 7.763846846846846, "centroid_lon": 80.728432708702854, "minlat": 7.7188018018018019, "maxlat": 7.8088918918918919, "minlon": 80.682957881215714, "maxlon": 80.773907536190009, "area_km2": 99.878561399369005, "cell_type": "land" }, "geometry": { "type": "Polygon", "coordinates": [ [ [ 80.773907536190009, 7.718801801801802 ], [ 80.773907536190009, 7.808891891891892 ], [ 80.682957881215714, 7.808891891891892 ], [ 80.682957881215714, 7.718801801801802 ], [ 80.773907536190009, 7.718801801801802 ] ] ] } },
{ "type": "Feature", "properties": { "grid_id": "grid_21_13", "cell_number": 580, "row": 21, "col": 13, "centroid_lat": 7.763846846846846, "centroid_lon": 80.819382363677164, "minlat": 7.7188018018018019, "maxlat": 7.8088918918918919, "minlon": 80.773907536190009, "maxlon": 80.864857191164305, "area_km2": 99.87732485717936, "cell_type": "land" }, "geometry": { "type": "Polygon", "coordinates": [ [ [ 80.864857191164305, 7.718801801801802 ], [ 80.864857191164305, 7.808891891891892 ], [ 80.773907536190009, 7.808891891891892 ], [ 80.773907536190009, 7.718801801801802 ], [ 80.864857191164305, 7.718801801801802 ] ] ] } },
{ "type": "Feature", "properties": { "grid_id": "grid_21_14", "cell_number": 581, "row": 21, "col": 14, "centroid_lat": 7.763846846846846, "centroid_lon": 80.910332018651459, "minlat": 7.7188018018018019, "maxlat": 7.8088918918918919, "minlon": 80.864857191164305, "maxlon": 80.9558068461386, "area_km2": 99.876585745449106, "cell_type": "land" }, "geometry": { "type": "Polygon", "coordinates": [ [ [ 80.9558068461386, 7.718801801801802 ], [ 80.9558068461386, 7.808891891891892 ], [ 80.864857191164305, 7.808891891891892 ], [ 80.864857191164305, 7.718801801801802 ], [ 80.9558068461386, 7.718801801801802 ] ] ] } },
{ "type": "Feature", "properties": { "grid_id": "grid_21_15", "cell_number": 582, "row": 21, "col": 15, "centroid_lat": 7.763846846846846, "centroid_lon": 81.001281673625741, "minlat": 7.7188018018018019, "maxlat": 7.8088918918918919, "minlon": 80.9558068461386, "maxlon": 81.046756501112895, "area_km2": 99.87634404950785, "cell_type": "land" }, "geometry": { "type": "Polygon", "coordinates": [ [ [ 81.046756501112895, 7.718801801801802 ], [ 81.046756501112895, 7.808891891891892 ], [ 80.9558068461386, 7.808891891891892 ], [ 80.9558068461386, 7.718801801801802 ], [ 81.046756501112895, 7.718801801801802 ] ] ] } },
{ "type": "Feature", "properties": { "grid_id": "grid_21_16", "cell_number": 583, "row": 21, "col": 16, "centroid_lat": 7.763846846846846, "centroid_lon": 81.09223132860005, "minlat": 7.7188018018018019, "maxlat": 7.8088918918918919, "minlon": 81.046756501112895, "maxlon": 81.137706156087191, "area_km2": 99.876599764612465, "cell_type": "land" }, "geometry": { "type": "Polygon", "coordinates": [ [ [ 81.137706156087191, 7.718801801801802 ], [ 81.137706156087191, 7.808891891891892 ], [ 81.046756501112895, 7.808891891891892 ], [ 81.046756501112895, 7.718801801801802 ], [ 81.137706156087191, 7.718801801801802 ] ] ] } },
{ "type": "Feature", "properties": { "grid_id": "grid_21_17", "cell_number": 584, "row": 21, "col": 17, "centroid_lat": 7.763846846846846, "centroid_lon": 81.183180983574317, "minlat": 7.7188018018018019, "maxlat": 7.8088918918918919, "minlon": 81.137706156087177, "maxlon": 81.228655811061472, "area_km2": 99.877352895825354, "cell_type": "land" }, "geometry": { "type": "Polygon", "coordinates": [ [ [ 81.228655811061472, 7.718801801801802 ], [ 81.228655811061472, 7.808891891891892 ], [ 81.137706156087177, 7.808891891891892 ], [ 81.137706156087177, 7.718801801801802 ], [ 81.228655811061472, 7.718801801801802 ] ] ] } },
{ "type": "Feature", "properties": { "grid_id": "grid_21_18", "cell_number": 585, "row": 21, "col": 18, "centroid_lat": 7.763846846846846, "centroid_lon": 81.274130638548613, "minlat": 7.7188018018018019, "maxlat": 7.8088918918918919, "minlon": 81.228655811061472, "maxlon": 81.319605466035767, "area_km2": 99.878603458009906, "cell_type": "land" }, "geometry": { "type": "Polygon", "coordinates": [ [ [ 81.319605466035767, 7.718801801801802 ], [ 81.319605466035767, 7.808891891891892 ], [ 81.228655811061472, 7.808891891891892 ], [ 81.228655811061472, 7.718801801801802 ], [ 81.319605466035767, 7.718801801801802 ] ] ] } },
{ "type": "Feature", "properties": { "grid_id": "grid_21_19", "cell_number": 586, "row": 21, "col": 19, "centroid_lat": 7.763846846846846, "centroid_lon": 81.365080293522922, "minlat": 7.7188018018018019, "maxlat": 7.8088918918918919, "minlon": 81.319605466035767, "maxlon": 81.410555121010063, "area_km2": 99.880351475964787, "cell_type": "land" }, "geometry": { "type": "Polygon", "coordinates": [ [ [ 81.410555121010063, 7.718801801801802 ], [ 81.410555121010063, 7.808891891891892 ], [ 81.319605466035767, 7.808891891891892 ], [ 81.319605466035767, 7.718801801801802 ], [ 81.410555121010063, 7.718801801801802 ] ] ] } },
{ "type": "Feature", "properties": { "grid_id": "grid_21_20", "cell_number": 587, "row": 21, "col": 20, "centroid_lat": 7.763846846846846, "centroid_lon": 81.456029948497232, "minlat": 7.7188018018018019, "maxlat": 7.8088918918918919, "minlon": 81.410555121010063, "maxlon": 81.501504775984358, "area_km2": 99.882596984297024, "cell_type": "land" }, "geometry": { "type": "Polygon", "coordinates": [ [ [ 81.501504775984358, 7.718801801801802 ], [ 81.501504775984358, 7.808891891891892 ], [ 81.410555121010063, 7.808891891891892 ], [ 81.410555121010063, 7.718801801801802 ], [ 81.501504775984358, 7.718801801801802 ] ] ] } },
{ "type": "Feature", "properties": { "grid_id": "grid_21_21", "cell_number": 588, "row": 21, "col": 21, "centroid_lat": 7.763846846846846, "centroid_lon": 81.546979603471499, "minlat": 7.7188018018018019, "maxlat": 7.8088918918918919, "minlon": 81.501504775984358, "maxlon": 81.592454430958654, "area_km2": 99.885340027422401, "cell_type": "land" }, "geometry": { "type": "Polygon", "coordinates": [ [ [ 81.592454430958654, 7.718801801801802 ], [ 81.592454430958654, 7.808891891891892 ], [ 81.501504775984358, 7.808891891891892 ], [ 81.501504775984358, 7.718801801801802 ], [ 81.592454430958654, 7.718801801801802 ] ] ] } },
{ "type": "Feature", "properties": { "grid_id": "grid_21_22", "cell_number": 589, "row": 21, "col": 22, "centroid_lat": 7.763846846846846, "centroid_lon": 81.63792925844578, "minlat": 7.7188018018018019, "maxlat": 7.8088918918918919, "minlon": 81.592454430958639, "maxlon": 81.683404085932935, "area_km2": 99.888580659685758, "cell_type": "coastal" }, "geometry": { "type": "Polygon", "coordinates": [ [ [ 81.683404085932935, 7.718801801801802 ], [ 81.683404085932935, 7.808891891891892 ], [ 81.592454430958639, 7.808891891891892 ], [ 81.592454430958639, 7.718801801801802 ], [ 81.683404085932935, 7.718801801801802 ] ] ] } },
{ "type": "Feature", "properties": { "grid_id": "grid_21_23", "cell_number": 590, "row": 21, "col": 23, "centroid_lat": 7.763846846846846, "centroid_lon": 81.72887891342009, "minlat": 7.7188018018018019, "maxlat": 7.8088918918918919, "minlon": 81.683404085932935, "maxlon": 81.77435374090723, "area_km2": 99.892318945249897, "cell_type": "coastal" }, "geometry": { "type": "Polygon", "coordinates": [ [ [ 81.77435374090723, 7.718801801801802 ], [ 81.77435374090723, 7.808891891891892 ], [ 81.683404085932935, 7.808891891891892 ], [ 81.683404085932935, 7.718801801801802 ], [ 81.77435374090723, 7.718801801801802 ] ] ] } },
{ "type": "Feature", "properties": { "grid_id": "grid_21_24", "cell_number": 591, "row": 21, "col": 24, "centroid_lat": 7.763846846846846, "centroid_lon": 81.819828568394371, "minlat": 7.7188018018018019, "maxlat": 7.8088918918918919, "minlon": 81.77435374090723, "maxlon": 81.865303395881526, "area_km2": 99.896554958085019, "cell_type": "ocean" }, "geometry": { "type": "Polygon", "coordinates": [ [ [ 81.865303395881526, 7.718801801801802 ], [ 81.865303395881526, 7.808891891891892 ], [ 81.77435374090723, 7.808891891891892 ], [ 81.77435374090723, 7.718801801801802 ], [ 81.865303395881526, 7.718801801801802 ] ] ] } },
{ "type": "Feature", "properties": { "grid_id": "grid_21_25", "cell_number": 592, "row": 21, "col": 25, "centroid_lat": 7.763846846846846, "centroid_lon": 81.910778223368695, "minlat": 7.7188018018018019, "maxlat": 7.8088918918918919, "minlon": 81.865303395881526, "maxlon": 81.956253050855821, "area_km2": 99.9012887821156, "cell_type": "ocean" }, "geometry": { "type": "Polygon", "coordinates": [ [ [ 81.956253050855821, 7.718801801801802 ], [ 81.956253050855821, 7.808891891891892 ], [ 81.865303395881526, 7.808891891891892 ], [ 81.865303395881526, 7.718801801801802 ], [ 81.956253050855821, 7.718801801801802 ] ] ] } },
{ "type": "Feature", "properties": { "grid_id": "grid_21_26", "cell_number": 593, "row": 21, "col": 26, "centroid_lat": 7.763846846846846, "centroid_lon": 82.001727878342962, "minlat": 7.7188018018018019, "maxlat": 7.8088918918918919, "minlon": 81.956253050855821, "maxlon": 82.047202705830117, "area_km2": 99.90652051108151, "cell_type": "ocean" }, "geometry": { "type": "Polygon", "coordinates": [ [ [ 82.047202705830117, 7.718801801801802 ], [ 82.047202705830117, 7.808891891891892 ], [ 81.956253050855821, 7.808891891891892 ], [ 81.956253050855821, 7.718801801801802 ], [ 82.047202705830117, 7.718801801801802 ] ] ] } },
{ "type": "Feature", "properties": { "grid_id": "grid_22_0", "cell_number": 594, "row": 22, "col": 0, "centroid_lat": 7.853936936936937, "centroid_lon": 79.637036849011366, "minlat": 7.8088918918918919, "maxlat": 7.898981981981982, "minlon": 79.591562021524211, "maxlon": 79.682511676498507, "area_km2": 99.911213586873927, "cell_type": "ocean" }, "geometry": { "type": "Polygon", "coordinates": [ [ [ 79.682511676498507, 7.808891891891892 ], [ 79.682511676498507, 7.898981981981982 ], [ 79.591562021524211, 7.898981981981982 ], [ 79.591562021524211, 7.808891891891892 ], [ 79.682511676498507, 7.808891891891892 ] ] ] } },
{ "type": "Feature", "properties": { "grid_id": "grid_22_1", "cell_number": 595, "row": 22, "col": 1, "centroid_lat": 7.853936936936937, "centroid_lon": 79.727986503985662, "minlat": 7.8088918918918919, "maxlat": 7.898981981981982, "minlon": 79.682511676498507, "maxlon": 79.773461331472802, "area_km2": 99.904007797644411, "cell_type": "coastal" }, "geometry": { "type": "Polygon", "coordinates": [ [ [ 79.773461331472802, 7.808891891891892 ], [ 79.773461331472802, 7.898981981981982 ], [ 79.682511676498507, 7.898981981981982 ], [ 79.682511676498507, 7.808891891891892 ], [ 79.773461331472802, 7.808891891891892 ] ] ] } },
{ "type": "Feature", "properties": { "grid_id": "grid_22_2", "cell_number": 596, "row": 22, "col": 2, "centroid_lat": 7.853936936936937, "centroid_lon": 79.818936158959943, "minlat": 7.8088918918918919, "maxlat": 7.898981981981982, "minlon": 79.773461331472802, "maxlon": 79.864410986447098, "area_km2": 99.897300061611375, "cell_type": "land" }, "geometry": { "type": "Polygon", "coordinates": [ [ [ 79.864410986447098, 7.808891891891892 ], [ 79.864410986447098, 7.898981981981982 ], [ 79.773461331472802, 7.898981981981982 ], [ 79.773461331472802, 7.808891891891892 ], [ 79.864410986447098, 7.808891891891892 ] ] ] } },
{ "type": "Feature", "properties": { "grid_id": "grid_22_3", "cell_number": 597, "row": 22, "col": 3, "centroid_lat": 7.853936936936937, "centroid_lon": 79.909885813934224, "minlat": 7.8088918918918919, "maxlat": 7.898981981981982, "minlon": 79.864410986447083, "maxlon": 79.955360641421379, "area_km2": 99.891090245951716, "cell_type": "land" }, "geometry": { "type": "Polygon", "coordinates": [ [ [ 79.955360641421379, 7.808891891891892 ], [ 79.955360641421379, 7.898981981981982 ], [ 79.864410986447083, 7.898981981981982 ], [ 79.864410986447083, 7.808891891891892 ], [ 79.955360641421379, 7.808891891891892 ] ] ] } },
{ "type": "Feature", "properties": { "grid_id": "grid_22_4", "cell_number": 598, "row": 22, "col": 4, "centroid_lat": 7.853936936936937, "centroid_lon": 80.000835468908519, "minlat": 7.8088918918918919, "maxlat": 7.898981981981982, "minlon": 79.955360641421379, "maxlon": 80.046310296395674, "area_km2": 99.885378227786248, "cell_type": "land" }, "geometry": { "type": "Polygon", "coordinates": [ [ [ 80.046310296395674, 7.808891891891892 ], [ 80.046310296395674, 7.898981981981982 ], [ 79.955360641421379, 7.898981981981982 ], [ 79.955360641421379, 7.808891891891892 ], [ 80.046310296395674, 7.808891891891892 ] ] ] } },
{ "type": "Feature", "properties": { "grid_id": "grid_22_5", "cell_number": 599, "row": 22, "col": 5, "centroid_lat": 7.853936936936937, "centroid_lon": 80.091785123882829, "minlat": 7.8088918918918919, "maxlat": 7.898981981981982, "minlon": 80.046310296395674, "maxlon": 80.13725995136997, "area_km2": 99.880163894063372, "cell_type": "land" }, "geometry": { "type": "Polygon", "coordinates": [ [ [ 80.13725995136997, 7.808891891891892 ], [ 80.13725995136997, 7.898981981981982 ], [ 80.046310296395674, 7.898981981981982 ], [ 80.046310296395674, 7.808891891891892 ], [ 80.13725995136997, 7.808891891891892 ] ] ] } },
{ "type": "Feature", "properties": { "grid_id": "grid_22_6", "cell_number": 600, "row": 22, "col": 6, "centroid_lat": 7.853936936936937, "centroid_lon": 80.18273477885711, "minlat": 7.8088918918918919, "maxlat": 7.898981981981982, "minlon": 80.13725995136997, "maxlon": 80.228209606344265, "area_km2": 99.8754471415469, "cell_type": "land" }, "geometry": { "type": "Polygon", "coordinates": [ [ [ 80.228209606344265, 7.808891891891892 ], [ 80.228209606344265, 7.898981981981982 ], [ 80.13725995136997, 7.898981981981982 ], [ 80.13725995136997, 7.808891891891892 ], [ 80.228209606344265, 7.808891891891892 ] ] ] } },
{ "type": "Feature", "properties": { "grid_id": "grid_22_7", "cell_number": 601, "row": 22, "col": 7, "centroid_lat": 7.853936936936937, "centroid_lon": 80.273684433831406, "minlat": 7.8088918918918919, "maxlat": 7.898981981981982, "minlon": 80.228209606344265, "maxlon": 80.319159261318561, "area_km2": 99.871227876935833, "cell_type": "land" }, "geometry": { "type": "Polygon", "coordinates": [ [ [ 80.319159261318561, 7.808891891891892 ], [ 80.319159261318561, 7.898981981981982 ], [ 80.228209606344265, 7.898981981981982 ], [ 80.228209606344265, 7.808891891891892 ], [ 80.319159261318561, 7.808891891891892 ] ] ] } },
{ "type": "Feature", "properties": { "grid_id": "grid_22_8", "cell_number": 602, "row": 22, "col": 8, "centroid_lat": 7.853936936936937, "centroid_lon": 80.364634088805687, "minlat": 7.8088918918918919, "maxlat": 7.898981981981982, "minlon": 80.319159261318546, "maxlon": 80.410108916292842, "area_km2": 99.867506016740947, "cell_type": "land" }, "geometry": { "type": "Polygon", "coordinates": [ [ [ 80.410108916292842, 7.808891891891892 ], [ 80.410108916292842, 7.898981981981982 ], [ 80.319159261318546, 7.898981981981982 ], [ 80.319159261318546, 7.808891891891892 ], [ 80.410108916292842, 7.808891891891892 ] ] ] } },
{ "type": "Feature", "properties": { "grid_id": "grid_22_9", "cell_number": 603, "row": 22, "col": 9, "centroid_lat": 7.853936936936937, "centroid_lon": 80.455583743779982, "minlat": 7.8088918918918919, "maxlat": 7.898981981981982, "minlon": 80.410108916292842, "maxlon": 80.501058571267137, "area_km2": 99.86428148728001, "cell_type": "land" }, "geometry": { "type": "Polygon", "coordinates": [ [ [ 80.501058571267137, 7.808891891891892 ], [ 80.501058571267137, 7.898981981981982 ], [ 80.410108916292842, 7.898981981981982 ], [ 80.410108916292842, 7.808891891891892 ], [ 80.501058571267137, 7.808891891891892 ] ] ] } },
{ "type": "Feature", "properties": { "grid_id": "grid_22_10", "cell_number": 604, "row": 22, "col": 10, "centroid_lat": 7.853936936936937, "centroid_lon": 80.546533398754292, "minlat": 7.8088918918918919, "maxlat": 7.898981981981982, "minlon": 80.501058571267137, "maxlon": 80.592008226241433, "area_km2": 99.861554224793494, "cell_type": "land" }, "geometry": { "type": "Polygon", "coordinates": [ [ [ 80.592008226241433, 7.808891891891892 ], [ 80.592008226241433, 7.898981981981982 ], [ 80.501058571267137, 7.898981981981982 ], [ 80.501058571267137, 7.808891891891892 ], [ 80.592008226241433, 7.808891891891892 ] ] ] } },
{ "type": "Feature", "properties": { "grid_id": "grid_22_11", "cell_number": 605, "row": 22, "col": 11, "centroid_lat": 7.853936936936937, "centroid_lon": 80.637483053728573, "minlat": 7.8088918918918919, "maxlat": 7.898981981981982, "minlon": 80.592008226241433, "maxlon": 80.682957881215728, "area_km2": 99.859324175322897, "cell_type": "land" }, "geometry": { "type": "Polygon", "coordinates": [ [ [ 80.682957881215728, 7.808891891891892 ], [ 80.682957881215728, 7.898981981981982 ], [ 80.592008226241433, 7.898981981981982 ], [ 80.592008226241433, 7.808891891891892 ], [ 80.682957881215728, 7.808891891891892 ] ] ] } },
{ "type": "Feature", "properties": { "grid_id": "grid_22_12", "cell_number": 606, "row": 22, "col": 12, "centroid_lat": 7.853936936936937, "centroid_lon": 80.728432708702854, "minlat": 7.8088918918918919, "maxlat": 7.898981981981982, "minlon": 80.682957881215714, "maxlon": 80.773907536190009, "area_km2": 99.857591294706282, "cell_type": "land" }, "geometry": { "type": "Polygon", "coordinates": [ [ [ 80.773907536190009, 7.808891891891892 ], [ 80.773907536190009, 7.898981981981982 ], [ 80.682957881215714, 7.898981981981982 ], [ 80.682957881215714, 7.808891891891892 ], [ 80.773907536190009, 7.808891891891892 ] ] ] } },
{ "type": "Feature", "properties": { "grid_id": "grid_22_13", "cell_number": 607, "row": 22, "col": 13, "centroid_lat": 7.853936936936937, "centroid_lon": 80.819382363677164, "minlat": 7.8088918918918919, "maxlat": 7.898981981981982, "minlon": 80.773907536190009, "maxlon": 80.864857191164305, "area_km2": 99.856355548705878, "cell_type": "land" }, "geometry": { "type": "Polygon", "coordinates": [ [ [ 80.864857191164305, 7.808891891891892 ], [ 80.864857191164305, 7.898981981981982 ], [ 80.773907536190009, 7.898981981981982 ], [ 80.773907536190009, 7.808891891891892 ], [ 80.864857191164305, 7.808891891891892 ] ] ] } },
{ "type": "Feature", "properties": { "grid_id": "grid_22_14", "cell_number": 608, "row": 22, "col": 14, "centroid_lat": 7.853936936936937, "centroid_lon": 80.910332018651459, "minlat": 7.8088918918918919, "maxlat": 7.898981981981982, "minlon": 80.864857191164305, "maxlon": 80.9558068461386, "area_km2": 99.855616912873501, "cell_type": "land" }, "geometry": { "type": "Polygon", "coordinates": [ [ [ 80.9558068461386, 7.808891891891892 ], [ 80.9558068461386, 7.898981981981982 ], [ 80.864857191164305, 7.898981981981982 ], [ 80.864857191164305, 7.808891891891892 ], [ 80.9558068461386, 7.808891891891892 ] ] ] } },
{ "type": "Feature", "properties": { "grid_id": "grid_22_15", "cell_number": 609, "row": 22, "col": 15, "centroid_lat": 7.853936936936937, "centroid_lon": 81.001281673625741, "minlat": 7.8088918918918919, "maxlat": 7.898981981981982, "minlon": 80.9558068461386, "maxlon": 81.046756501112895, "area_km2": 99.855375372554363, "cell_type": "land" }, "geometry": { "type": "Polygon", "coordinates": [ [ [ 81.046756501112895, 7.808891891891892 ], [ 81.046756501112895, 7.898981981981982 ], [ 80.9558068461386, 7.898981981981982 ], [ 80.9558068461386, 7.808891891891892 ], [ 81.046756501112895, 7.808891891891892 ] ] ] } },
{ "type": "Feature", "properties": { "grid_id": "grid_22_16", "cell_number": 610, "row": 22, "col": 16, "centroid_lat": 7.853936936936937, "centroid_lon": 81.09223132860005, "minlat": 7.8088918918918919, "maxlat": 7.898981981981982, "minlon": 81.046756501112895, "maxlon": 81.137706156087191, "area_km2": 99.855630923011816, "cell_type": "land" }, "geometry": { "type": "Polygon", "coordinates": [ [ [ 81.137706156087191, 7.808891891891892 ], [ 81.137706156087191, 7.898981981981982 ], [ 81.046756501112895, 7.898981981981982 ], [ 81.046756501112895, 7.808891891891892 ], [ 81.137706156087191, 7.808891891891892 ] ] ] } },
{ "type": "Feature", "properties": { "grid_id": "grid_22_17", "cell_number": 611, "row": 22, "col": 17, "centroid_lat": 7.853936936936937, "centroid_lon": 81.183180983574317, "minlat": 7.8088918918918919, "maxlat": 7.898981981981982, "minlon": 81.137706156087177, "maxlon": 81.228655811061472, "area_km2": 99.85638356929806, "cell_type": "land" }, "geometry": { "type": "Polygon", "coordinates": [ [ [ 81.228655811061472, 7.808891891891892 ], [ 81.228655811061472, 7.898981981981982 ], [ 81.137706156087177, 7.898981981981982 ], [ 81.137706156087177, 7.808891891891892 ], [ 81.228655811061472, 7.808891891891892 ] ] ] } },
{ "type": "Feature", "properties": { "grid_id": "grid_22_18", "cell_number": 612, "row": 22, "col": 18, "centroid_lat": 7.853936936936937, "centroid_lon": 81.274130638548613, "minlat": 7.8088918918918919, "maxlat": 7.898981981981982, "minlon": 81.228655811061472, "maxlon": 81.319605466035767, "area_km2": 99.857633326267063, "cell_type": "land" }, "geometry": { "type": "Polygon", "coordinates": [ [ [ 81.319605466035767, 7.808891891891892 ], [ 81.319605466035767, 7.898981981981982 ], [ 81.228655811061472, 7.898981981981982 ], [ 81.228655811061472, 7.808891891891892 ], [ 81.319605466035767, 7.808891891891892 ] ] ] } },
{ "type": "Feature", "properties": { "grid_id": "grid_22_19", "cell_number": 613, "row": 22, "col": 19, "centroid_lat": 7.853936936936937, "centroid_lon": 81.365080293522922, "minlat": 7.8088918918918919, "maxlat": 7.898981981981982, "minlon": 81.319605466035767, "maxlon": 81.410555121010063, "area_km2": 99.859380218683754, "cell_type": "land" }, "geometry": { "type": "Polygon", "coordinates": [ [ [ 81.410555121010063, 7.808891891891892 ], [ 81.410555121010063, 7.898981981981982 ], [ 81.319605466035767, 7.898981981981982 ], [ 81.319605466035767, 7.808891891891892 ], [ 81.410555121010063, 7.808891891891892 ] ] ] } },
{ "type": "Feature", "properties": { "grid_id": "grid_22_20", "cell_number": 614, "row": 22, "col": 20, "centroid_lat": 7.853936936936937, "centroid_lon": 81.456029948497232, "minlat": 7.8088918918918919, "maxlat": 7.898981981981982, "minlon": 81.410555121010063, "maxlon": 81.501504775984358, "area_km2": 99.861624281103616, "cell_type": "land" }, "geometry": { "type": "Polygon", "coordinates": [ [ [ 81.501504775984358, 7.808891891891892 ], [ 81.501504775984358, 7.898981981981982 ], [ 81.410555121010063, 7.898981981981982 ], [ 81.410555121010063, 7.808891891891892 ], [ 81.501504775984358, 7.808891891891892 ] ] ] } },
{ "type": "Feature", "properties": { "grid_id": "grid_22_21", "cell_number": 615, "row": 22, "col": 21, "centroid_lat": 7.853936936936937, "centroid_lon": 81.546979603471499, "minlat": 7.8088918918918919, "maxlat": 7.898981981981982, "minlon": 81.501504775984358, "maxlon": 81.592454430958654, "area_km2": 99.864365557885677, "cell_type": "land" }, "geometry": { "type": "Polygon", "coordinates": [ [ [ 81.592454430958654, 7.808891891891892 ], [ 81.592454430958654, 7.898981981981982 ], [ 81.501504775984358, 7.898981981981982 ], [ 81.501504775984358, 7.808891891891892 ], [ 81.592454430958654, 7.808891891891892 ] ] ] } },
{ "type": "Feature", "properties": { "grid_id": "grid_22_22", "cell_number": 616, "row": 22, "col": 22, "centroid_lat": 7.853936936936937, "centroid_lon": 81.63792925844578, "minlat": 7.8088918918918919, "maxlat": 7.898981981981982, "minlon": 81.592454430958639, "maxlon": 81.683404085932935, "area_km2": 99.867604103303876, "cell_type": "coastal" }, "geometry": { "type": "Polygon", "coordinates": [ [ [ 81.683404085932935, 7.808891891891892 ], [ 81.683404085932935, 7.898981981981982 ], [ 81.592454430958639, 7.898981981981982 ], [ 81.592454430958639, 7.808891891891892 ], [ 81.683404085932935, 7.808891891891892 ] ] ] } },
{ "type": "Feature", "properties": { "grid_id": "grid_22_23", "cell_number": 617, "row": 22, "col": 23, "centroid_lat": 7.853936936936937, "centroid_lon": 81.72887891342009, "minlat": 7.8088918918918919, "maxlat": 7.898981981981982, "minlon": 81.683404085932935, "maxlon": 81.77435374090723, "area_km2": 99.871339981436378, "cell_type": "ocean" }, "geometry": { "type": "Polygon", "coordinates": [ [ [ 81.77435374090723, 7.808891891891892 ], [ 81.77435374090723, 7.898981981981982 ], [ 81.683404085932935, 7.898981981981982 ], [ 81.683404085932935, 7.808891891891892 ], [ 81.77435374090723, 7.808891891891892 ] ] ] } },
{ "type": "Feature", "properties": { "grid_id": "grid_22_24", "cell_number": 618, "row": 22, "col": 24, "centroid_lat": 7.853936936936937, "centroid_lon": 81.819828568394371, "minlat": 7.8088918918918919, "maxlat": 7.898981981981982, "minlon": 81.77435374090723, "maxlon": 81.865303395881526, "area_km2": 99.875573266162704, "cell_type": "ocean" }, "geometry": { "type": "Polygon", "coordinates": [ [ [ 81.865303395881526, 7.808891891891892 ], [ 81.865303395881526, 7.898981981981982 ], [ 81.77435374090723, 7.898981981981982 ], [ 81.77435374090723, 7.808891891891892 ], [ 81.865303395881526, 7.808891891891892 ] ] ] } },
{ "type": "Feature", "properties": { "grid_id": "grid_22_25", "cell_number": 619, "row": 22, "col": 25, "centroid_lat": 7.853936936936937, "centroid_lon": 81.910778223368695, "minlat": 7.8088918918918919, "maxlat": 7.898981981981982, "minlon": 81.865303395881526, "maxlon": 81.956253050855821, "area_km2": 99.880304041294295, "cell_type": "ocean" }, "geometry": { "type": "Polygon", "coordinates": [ [ [ 81.956253050855821, 7.808891891891892 ], [ 81.956253050855821, 7.898981981981982 ], [ 81.865303395881526, 7.898981981981982 ], [ 81.865303395881526, 7.808891891891892 ], [ 81.956253050855821, 7.808891891891892 ] ] ] } },
{ "type": "Feature", "properties": { "grid_id": "grid_22_26", "cell_number": 620, "row": 22, "col": 26, "centroid_lat": 7.853936936936937, "centroid_lon": 82.001727878342962, "minlat": 7.8088918918918919, "maxlat": 7.898981981981982, "minlon": 81.956253050855821, "maxlon": 82.047202705830117, "area_km2": 99.885532400446039, "cell_type": "ocean" }, "geometry": { "type": "Polygon", "coordinates": [ [ [ 82.047202705830117, 7.808891891891892 ], [ 82.047202705830117, 7.898981981981982 ], [ 81.956253050855821, 7.898981981981982 ], [ 81.956253050855821, 7.808891891891892 ], [ 82.047202705830117, 7.808891891891892 ] ] ] } },
{ "type": "Feature", "properties": { "grid_id": "grid_23_0", "cell_number": 621, "row": 23, "col": 0, "centroid_lat": 7.9440270270270252, "centroid_lon": 79.637036849011366, "minlat": 7.8989819819819811, "maxlat": 7.9890720720720712, "minlon": 79.591562021524211, "maxlon": 79.682511676498507, "area_km2": 99.889967769073692, "cell_type": "ocean" }, "geometry": { "type": "Polygon", "coordinates": [ [ [ 79.682511676498507, 7.898981981981981 ], [ 79.682511676498507, 7.989072072072071 ], [ 79.591562021524211, 7.989072072072071 ], [ 79.591562021524211, 7.898981981981981 ], [ 79.682511676498507, 7.898981981981981 ] ] ] } },
{ "type": "Feature", "properties": { "grid_id": "grid_23_1", "cell_number": 622, "row": 23, "col": 1, "centroid_lat": 7.9440270270270252, "centroid_lon": 79.727986503985662, "minlat": 7.8989819819819811, "maxlat": 7.9890720720720712, "minlon": 79.682511676498507, "maxlon": 79.773461331472802, "area_km2": 99.882766676978463, "cell_type": "coastal" }, "geometry": { "type": "Polygon", "coordinates": [ [ [ 79.773461331472802, 7.898981981981981 ], [ 79.773461331472802, 7.989072072072071 ], [ 79.682511676498507, 7.989072072072071 ], [ 79.682511676498507, 7.898981981981981 ], [ 79.773461331472802, 7.898981981981981 ] ] ] } },
{ "type": "Feature", "properties": { "grid_id": "grid_23_2", "cell_number": 623, "row": 23, "col": 2, "centroid_lat": 7.9440270270270252, "centroid_lon": 79.818936158959943, "minlat": 7.8989819819819811, "maxlat": 7.9890720720720712, "minlon": 79.773461331472802, "maxlon": 79.864410986447098, "area_km2": 99.876063313003741, "cell_type": "land" }, "geometry": { "type": "Polygon", "coordinates": [ [ [ 79.864410986447098, 7.898981981981981 ], [ 79.864410986447098, 7.989072072072071 ], [ 79.773461331472802, 7.989072072072071 ], [ 79.773461331472802, 7.898981981981981 ], [ 79.864410986447098, 7.898981981981981 ] ] ] } },
{ "type": "Feature", "properties": { "grid_id": "grid_23_3", "cell_number": 624, "row": 23, "col": 3, "centroid_lat": 7.9440270270270252, "centroid_lon": 79.909885813934224, "minlat": 7.8989819819819811, "maxlat": 7.9890720720720712, "minlon": 79.864410986447083, "maxlon": 79.955360641421379, "area_km2": 99.869857544498942, "cell_type": "land" }, "geometry": { "type": "Polygon", "coordinates": [ [ [ 79.955360641421379, 7.898981981981981 ], [ 79.955360641421379, 7.989072072072071 ], [ 79.864410986447083, 7.989072072072071 ], [ 79.864410986447083, 7.898981981981981 ], [ 79.955360641421379, 7.898981981981981 ] ] ] } },
{ "type": "Feature", "properties": { "grid_id": "grid_23_4", "cell_number": 625, "row": 23, "col": 4, "centroid_lat": 7.9440270270270252, "centroid_lon": 80.000835468908519, "minlat": 7.8989819819819811, "maxlat": 7.9890720720720712, "minlon": 79.955360641421379, "maxlon": 80.046310296395674, "area_km2": 99.864149248756434, "cell_type": "land" }, "geometry": { "type": "Polygon", "coordinates": [ [ [ 80.046310296395674, 7.898981981981981 ], [ 80.046310296395674, 7.989072072072071 ], [ 79.955360641421379, 7.989072072072071 ], [ 79.955360641421379, 7.898981981981981 ], [ 80.046310296395674, 7.898981981981981 ] ] ] } },
{ "type": "Feature", "properties": { "grid_id": "grid_23_5", "cell_number": 626, "row": 23, "col": 5, "centroid_lat": 7.9440270270270252, "centroid_lon": 80.091785123882829, "minlat": 7.8989819819819811, "maxlat": 7.9890720720720712, "minlon": 80.046310296395674, "maxlon": 80.13725995136997, "area_km2": 99.858938312870862, "cell_type": "land" }, "geometry": { "type": "Polygon", "coordinates": [ [ [ 80.13725995136997, 7.898981981981981 ], [ 80.13725995136997, 7.989072072072071 ], [ 80.046310296395674, 7.989072072072071 ], [ 80.046310296395674, 7.898981981981981 ], [ 80.13725995136997, 7.898981981981981 ] ] ] } },
{ "type": "Feature", "properties": { "grid_id": "grid_23_6", "cell_number": 627, "row": 23, "col": 6, "centroid_lat": 7.9440270270270252, "centroid_lon": 80.18273477885711, "minlat": 7.8989819819819811, "maxlat": 7.9890720720720712, "minlon": 80.13725995136997, "maxlon": 80.228209606344265, "area_km2": 99.854224633739506, "cell_type": "land" }, "geometry": { "type": "Polygon", "coordinates": [ [ [ 80.228209606344265, 7.898981981981981 ], [ 80.228209606344265, 7.989072072072071 ], [ 80.13725995136997, 7.989072072072071 ], [ 80.13725995136997, 7.898981981981981 ], [ 80.228209606344265, 7.898981981981981 ] ] ] } },
{ "type": "Feature", "properties": { "grid_id": "grid_23_7", "cell_number": 628, "row": 23, "col": 7, "centroid_lat": 7.9440270270270252, "centroid_lon": 80.273684433831406, "minlat": 7.8989819819819811, "maxlat": 7.9890720720720712, "minlon": 80.228209606344265, "maxlon": 80.319159261318561, "area_km2": 99.850008118188725, "cell_type": "land" }, "geometry": { "type": "Polygon", "coordinates": [ [ [ 80.319159261318561, 7.898981981981981 ], [ 80.319159261318561, 7.989072072072071 ], [ 80.228209606344265, 7.989072072072071 ], [ 80.228209606344265, 7.898981981981981 ], [ 80.319159261318561, 7.898981981981981 ] ] ] } },
{ "type": "Feature", "properties": { "grid_id": "grid_23_8", "cell_number": 629, "row": 23, "col": 8, "centroid_lat": 7.9440270270270252, "centroid_lon": 80.364634088805687, "minlat": 7.8989819819819811, "maxlat": 7.9890720720720712, "minlon": 80.319159261318546, "maxlon": 80.410108916292842, "area_km2": 99.846288682842612, "cell_type": "land" }, "geometry": { "type": "Polygon", "coordinates": [ [ [ 80.410108916292842, 7.898981981981981 ], [ 80.410108916292842, 7.989072072072071 ], [ 80.319159261318546, 7.989072072072071 ], [ 80.319159261318546, 7.898981981981981 ], [ 80.410108916292842, 7.898981981981981 ] ] ] } },
{ "type": "Feature", "properties": { "grid_id": "grid_23_9", "cell_number": 630, "row": 23, "col": 9, "centroid_lat": 7.9440270270270252, "centroid_lon": 80.455583743779982, "minlat": 7.8989819819819811, "maxlat": 7.9890720720720712, "minlon": 80.410108916292842, "maxlon": 80.501058571267137, "area_km2": 99.843066254110624, "cell_type": "land" }, "geometry": { "type": "Polygon", "coordinates": [ [ [ 80.501058571267137, 7.898981981981981 ], [ 80.501058571267137, 7.989072072072071 ], [ 80.410108916292842, 7.989072072072071 ], [ 80.410108916292842, 7.898981981981981 ], [ 80.501058571267137, 7.898981981981981 ] ] ] } },
{ "type": "Feature", "properties": { "grid_id": "grid_23_10", "cell_number": 631, "row": 23, "col": 10, "centroid_lat": 7.9440270270270252, "centroid_lon": 80.546533398754292, "minlat": 7.8989819819819811, "maxlat": 7.9890720720720712, "minlon": 80.501058571267137, "maxlon": 80.592008226241433, "area_km2": 99.840340768318597, "cell_type": "land" }, "geometry": { "type": "Polygon", "coordinates": [ [ [ 80.592008226241433, 7.898981981981981 ], [ 80.592008226241433, 7.989072072072071 ], [ 80.501058571267137, 7.989072072072071 ], [ 80.501058571267137, 7.898981981981981 ], [ 80.592008226241433, 7.898981981981981 ] ] ] } },
{ "type": "Feature", "properties": { "grid_id": "grid_23_11", "cell_number": 632, "row": 23, "col": 11, "centroid_lat": 7.9440270270270252, "centroid_lon": 80.637483053728573, "minlat": 7.8989819819819811, "maxlat": 7.9890720720720712, "minlon": 80.592008226241433, "maxlon": 80.682957881215728, "area_km2": 99.83811217158069, "cell_type": "land" }, "geometry": { "type": "Polygon", "coordinates": [ [ [ 80.682957881215728, 7.898981981981981 ], [ 80.682957881215728, 7.989072072072071 ], [ 80.592008226241433, 7.989072072072071 ], [ 80.592008226241433, 7.898981981981981 ], [ 80.682957881215728, 7.898981981981981 ] ] ] } },
{ "type": "Feature", "properties": { "grid_id": "grid_23_12", "cell_number": 633, "row": 23, "col": 12, "centroid_lat": 7.9440270270270252, "centroid_lon": 80.728432708702854, "minlat": 7.8989819819819811, "maxlat": 7.9890720720720712, "minlon": 80.682957881215714, "maxlon": 80.773907536190009, "area_km2": 99.836380419793699, "cell_type": "land" }, "geometry": { "type": "Polygon", "coordinates": [ [ [ 80.773907536190009, 7.898981981981981 ], [ 80.773907536190009, 7.989072072072071 ], [ 80.682957881215714, 7.989072072072071 ], [ 80.682957881215714, 7.898981981981981 ], [ 80.773907536190009, 7.898981981981981 ] ] ] } },
{ "type": "Feature", "properties": { "grid_id": "grid_23_13", "cell_number": 634, "row": 23, "col": 13, "centroid_lat": 7.9440270270270252, "centroid_lon": 80.819382363677164, "minlat": 7.8989819819819811, "maxlat": 7.9890720720720712, "minlon": 80.773907536190009, "maxlon": 80.864857191164305, "area_km2": 99.835145478762897, "cell_type": "land" }, "geometry": { "type": "Polygon", "coordinates": [ [ [ 80.864857191164305, 7.898981981981981 ], [ 80.864857191164305, 7.989072072072071 ], [ 80.773907536190009, 7.989072072072071 ], [ 80.773907536190009, 7.898981981981981 ], [ 80.864857191164305, 7.898981981981981 ] ] ] } },
{ "type": "Feature", "properties": { "grid_id": "grid_23_14", "cell_number": 635, "row": 23, "col": 14, "centroid_lat": 7.9440270270270252, "centroid_lon": 80.910332018651459, "minlat": 7.8989819819819811, "maxlat": 7.9890720720720712, "minlon": 80.864857191164305, "maxlon": 80.9558068461386, "area_km2": 99.83440732407189, "cell_type": "land" }, "geometry": { "type": "Polygon", "coordinates": [ [ [ 80.9558068461386, 7.898981981981981 ], [ 80.9558068461386, 7.989072072072071 ], [ 80.864857191164305, 7.989072072072071 ], [ 80.864857191164305, 7.898981981981981 ], [ 80.9558068461386, 7.898981981981981 ] ] ] } },
{ "type": "Feature", "properties": { "grid_id": "grid_23_15", "cell_number": 636, "row": 23, "col": 15, "centroid_lat": 7.9440270270270252, "centroid_lon": 81.001281673625741, "minlat": 7.8989819819819811, "maxlat": 7.9890720720720712, "minlon": 80.9558068461386, "maxlon": 81.046756501112895, "area_km2": 99.834165941088031, "cell_type": "land" }, "geometry": { "type": "Polygon", "coordinates": [ [ [ 81.046756501112895, 7.898981981981981 ], [ 81.046756501112895, 7.989072072072071 ], [ 80.9558068461386, 7.989072072072071 ], [ 80.9558068461386, 7.898981981981981 ], [ 81.046756501112895, 7.898981981981981 ] ] ] } },
{ "type": "Feature", "properties": { "grid_id": "grid_23_16", "cell_number": 637, "row": 23, "col": 16, "centroid_lat": 7.9440270270270252, "centroid_lon": 81.09223132860005, "minlat": 7.8989819819819811, "maxlat": 7.9890720720720712, "minlon": 81.046756501112895, "maxlon": 81.137706156087191, "area_km2": 99.834421325080456, "cell_type": "land" }, "geometry": { "type": "Polygon", "coordinates": [ [ [ 81.137706156087191, 7.898981981981981 ], [ 81.137706156087191, 7.989072072072071 ], [ 81.046756501112895, 7.989072072072071 ], [ 81.046756501112895, 7.898981981981981 ], [ 81.137706156087191, 7.898981981981981 ] ] ] } },
{ "type": "Feature", "properties": { "grid_id": "grid_23_17", "cell_number": 638, "row": 23, "col": 17, "centroid_lat": 7.9440270270270252, "centroid_lon": 81.183180983574317, "minlat": 7.8989819819819811, "maxlat": 7.9890720720720712, "minlon": 81.137706156087177, "maxlon": 81.228655811061472, "area_km2": 99.835173481100085, "cell_type": "land" }, "geometry": { "type": "Polygon", "coordinates": [ [ [ 81.228655811061472, 7.898981981981981 ], [ 81.228655811061472, 7.989072072072071 ], [ 81.137706156087177, 7.989072072072071 ], [ 81.137706156087177, 7.898981981981981 ], [ 81.228655811061472, 7.898981981981981 ] ] ] } },
{ "type": "Feature", "properties": { "grid_id": "grid_23_18", "cell_number": 639, "row": 23, "col": 18, "centroid_lat": 7.9440270270270252, "centroid_lon": 81.274130638548613, "minlat": 7.8989819819819811, "maxlat": 7.9890720720720712, "minlon": 81.228655811061472, "maxlon": 81.319605466035767, "area_km2": 99.83642242397174, "cell_type": "land" }, "geometry": { "type": "Polygon", "coordinates": [ [ [ 81.319605466035767, 7.898981981981981 ], [ 81.319605466035767, 7.989072072072071 ], [ 81.228655811061472, 7.989072072072071 ], [ 81.228655811061472, 7.898981981981981 ], [ 81.319605466035767, 7.898981981981981 ] ] ] } },
{ "type": "Feature", "properties": { "grid_id": "grid_23_19", "cell_number": 640, "row": 23, "col": 19, "centroid_lat": 7.9440270270270252, "centroid_lon": 81.365080293522922, "minlat": 7.8989819819819811, "maxlat": 7.9890720720720712, "minlon": 81.319605466035767, "maxlon": 81.410555121010063, "area_km2": 99.838168178430436, "cell_type": "land" }, "geometry": { "type": "Polygon", "coordinates": [ [ [ 81.410555121010063, 7.898981981981981 ], [ 81.410555121010063, 7.989072072072071 ], [ 81.319605466035767, 7.989072072072071 ], [ 81.319605466035767, 7.898981981981981 ], [ 81.410555121010063, 7.898981981981981 ] ] ] } },
{ "type": "Feature", "properties": { "grid_id": "grid_23_20", "cell_number": 641, "row": 23, "col": 20, "centroid_lat": 7.9440270270270252, "centroid_lon": 81.456029948497232, "minlat": 7.8989819819819811, "maxlat": 7.9890720720720712, "minlon": 81.410555121010063, "maxlon": 81.501504775984358, "area_km2": 99.840410778990957, "cell_type": "land" }, "geometry": { "type": "Polygon", "coordinates": [ [ [ 81.501504775984358, 7.898981981981981 ], [ 81.501504775984358, 7.989072072072071 ], [ 81.410555121010063, 7.989072072072071 ], [ 81.410555121010063, 7.898981981981981 ], [ 81.501504775984358, 7.898981981981981 ] ] ] } },
{ "type": "Feature", "properties": { "grid_id": "grid_23_21", "cell_number": 642, "row": 23, "col": 21, "centroid_lat": 7.9440270270270252, "centroid_lon": 81.546979603471499, "minlat": 7.8989819819819811, "maxlat": 7.9890720720720712, "minlon": 81.501504775984358, "maxlon": 81.592454430958654, "area_km2": 99.843150269943536, "cell_type": "coastal" }, "geometry": { "type": "Polygon", "coordinates": [ [ [ 81.592454430958654, 7.898981981981981 ], [ 81.592454430958654, 7.989072072072071 ], [ 81.501504775984358, 7.989072072072071 ], [ 81.501504775984358, 7.898981981981981 ], [ 81.592454430958654, 7.898981981981981 ] ] ] } },
{ "type": "Feature", "properties": { "grid_id": "grid_23_22", "cell_number": 643, "row": 23, "col": 22, "centroid_lat": 7.9440270270270252, "centroid_lon": 81.63792925844578, "minlat": 7.8989819819819811, "maxlat": 7.9890720720720712, "minlon": 81.592454430958639, "maxlon": 81.683404085932935, "area_km2": 99.846386705498816, "cell_type": "coastal" }, "geometry": { "type": "Polygon", "coordinates": [ [ [ 81.683404085932935, 7.898981981981981 ], [ 81.683404085932935, 7.989072072072071 ], [ 81.592454430958639, 7.989072072072071 ], [ 81.592454430958639, 7.898981981981981 ], [ 81.683404085932935, 7.898981981981981 ] ] ] } },
{ "type": "Feature", "properties": { "grid_id": "grid_23_23", "cell_number": 644, "row": 23, "col": 23, "centroid_lat": 7.9440270270270252, "centroid_lon": 81.72887891342009, "minlat": 7.8989819819819811, "maxlat": 7.9890720720720712, "minlon": 81.683404085932935, "maxlon": 81.77435374090723, "area_km2": 99.850120149650593, "cell_type": "ocean" }, "geometry": { "type": "Polygon", "coordinates": [ [ [ 81.77435374090723, 7.898981981981981 ], [ 81.77435374090723, 7.989072072072071 ], [ 81.683404085932935, 7.989072072072071 ], [ 81.683404085932935, 7.898981981981981 ], [ 81.77435374090723, 7.898981981981981 ] ] ] } },
{ "type": "Feature", "properties": { "grid_id": "grid_23_24", "cell_number": 645, "row": 23, "col": 24, "centroid_lat": 7.9440270270270252, "centroid_lon": 81.819828568394371, "minlat": 7.8989819819819811, "maxlat": 7.9890720720720712, "minlon": 81.77435374090723, "maxlon": 81.865303395881526, "area_km2": 99.854350676176807, "cell_type": "ocean" }, "geometry": { "type": "Polygon", "coordinates": [ [ [ 81.865303395881526, 7.898981981981981 ], [ 81.865303395881526, 7.989072072072071 ], [ 81.77435374090723, 7.989072072072071 ], [ 81.77435374090723, 7.898981981981981 ], [ 81.865303395881526, 7.898981981981981 ] ] ] } },
{ "type": "Feature", "properties": { "grid_id": "grid_23_25", "cell_number": 646, "row": 23, "col": 25, "centroid_lat": 7.9440270270270252, "centroid_lon": 81.910778223368695, "minlat": 7.8989819819819811, "maxlat": 7.9890720720720712, "minlon": 81.865303395881526, "maxlon": 81.956253050855821, "area_km2": 99.859078368776593, "cell_type": "ocean" }, "geometry": { "type": "Polygon", "coordinates": [ [ [ 81.956253050855821, 7.898981981981981 ], [ 81.956253050855821, 7.989072072072071 ], [ 81.865303395881526, 7.989072072072071 ], [ 81.865303395881526, 7.898981981981981 ], [ 81.956253050855821, 7.898981981981981 ] ] ] } },
{ "type": "Feature", "properties": { "grid_id": "grid_23_26", "cell_number": 647, "row": 23, "col": 26, "centroid_lat": 7.9440270270270252, "centroid_lon": 82.001727878342962, "minlat": 7.8989819819819811, "maxlat": 7.9890720720720712, "minlon": 81.956253050855821, "maxlon": 82.047202705830117, "area_km2": 99.864303320944813, "cell_type": "ocean" }, "geometry": { "type": "Polygon", "coordinates": [ [ [ 82.047202705830117, 7.898981981981981 ], [ 82.047202705830117, 7.989072072072071 ], [ 81.956253050855821, 7.989072072072071 ], [ 81.956253050855821, 7.898981981981981 ], [ 82.047202705830117, 7.898981981981981 ] ] ] } },
{ "type": "Feature", "properties": { "grid_id": "grid_24_0", "cell_number": 648, "row": 24, "col": 0, "centroid_lat": 8.034117117117118, "centroid_lon": 79.637036849011366, "minlat": 7.989072072072072, "maxlat": 8.079162162162163, "minlon": 79.591562021524211, "maxlon": 79.682511676498507, "area_km2": 99.86848084038526, "cell_type": "ocean" }, "geometry": { "type": "Polygon", "coordinates": [ [ [ 79.682511676498507, 7.989072072072072 ], [ 79.682511676498507, 8.079162162162163 ], [ 79.591562021524211, 8.079162162162163 ], [ 79.591562021524211, 7.989072072072072 ], [ 79.682511676498507, 7.989072072072072 ] ] ] } },
{ "type": "Feature", "properties": { "grid_id": "grid_24_1", "cell_number": 649, "row": 24, "col": 1, "centroid_lat": 8.034117117117118, "centroid_lon": 79.727986503985647, "minlat": 7.989072072072072, "maxlat": 8.079162162162163, "minlon": 79.682511676498507, "maxlon": 79.773461331472802, "area_km2": 99.861284496577326, "cell_type": "coastal" }, "geometry": { "type": "Polygon", "coordinates": [ [ [ 79.773461331472802, 7.989072072072072 ], [ 79.773461331472802, 8.079162162162163 ], [ 79.682511676498507, 8.079162162162163 ], [ 79.682511676498507, 7.989072072072072 ], [ 79.773461331472802, 7.989072072072072 ] ] ] } },
{ "type": "Feature", "properties": { "grid_id": "grid_24_2", "cell_number": 650, "row": 24, "col": 2, "centroid_lat": 8.034117117117118, "centroid_lon": 79.818936158959957, "minlat": 7.989072072072072, "maxlat": 8.079162162162163, "minlon": 79.773461331472802, "maxlon": 79.864410986447098, "area_km2": 99.854585552280568, "cell_type": "land" }, "geometry": { "type": "Polygon", "coordinates": [ [ [ 79.864410986447098, 7.989072072072072 ], [ 79.864410986447098, 8.079162162162163 ], [ 79.773461331472802, 8.079162162162163 ], [ 79.773461331472802, 7.989072072072072 ], [ 79.864410986447098, 7.989072072072072 ] ] ] } },
{ "type": "Feature", "properties": { "grid_id": "grid_24_3", "cell_number": 651, "row": 24, "col": 3, "centroid_lat": 8.034117117117118, "centroid_lon": 79.909885813934224, "minlat": 7.989072072072072, "maxlat": 8.079162162162163, "minlon": 79.864410986447083, "maxlon": 79.955360641421379, "area_km2": 99.848383875018683, "cell_type": "land" }, "geometry": { "type": "Polygon", "coordinates": [ [ [ 79.955360641421379, 7.989072072072072 ], [ 79.955360641421379, 8.079162162162163 ], [ 79.864410986447083, 8.079162162162163 ], [ 79.864410986447083, 7.989072072072072 ], [ 79.955360641421379, 7.989072072072072 ] ] ] } },
{ "type": "Feature", "properties": { "grid_id": "grid_24_4", "cell_number": 652, "row": 24, "col": 4, "centroid_lat": 8.034117117117118, "centroid_lon": 80.000835468908519, "minlat": 7.989072072072072, "maxlat": 8.079162162162163, "minlon": 79.955360641421379, "maxlon": 80.046310296395674, "area_km2": 99.842679342243912, "cell_type": "land" }, "geometry": { "type": "Polygon", "coordinates": [ [ [ 80.046310296395674, 7.989072072072072 ], [ 80.046310296395674, 8.079162162162163 ], [ 79.955360641421379, 8.079162162162163 ], [ 79.955360641421379, 7.989072072072072 ], [ 80.046310296395674, 7.989072072072072 ] ] ] } },
{ "type": "Feature", "properties": { "grid_id": "grid_24_5", "cell_number": 653, "row": 24, "col": 5, "centroid_lat": 8.034117117117118, "centroid_lon": 80.091785123882829, "minlat": 7.989072072072072, "maxlat": 8.079162162162163, "minlon": 80.046310296395674, "maxlon": 80.13725995136997, "area_km2": 99.837471841203495, "cell_type": "land" }, "geometry": { "type": "Polygon", "coordinates": [ [ [ 80.13725995136997, 7.989072072072072 ], [ 80.13725995136997, 8.079162162162163 ], [ 80.046310296395674, 8.079162162162163 ], [ 80.046310296395674, 7.989072072072072 ], [ 80.13725995136997, 7.989072072072072 ] ] ] } },
{ "type": "Feature", "properties": { "grid_id": "grid_24_6", "cell_number": 654, "row": 24, "col": 6, "centroid_lat": 8.034117117117118, "centroid_lon": 80.182734778857125, "minlat": 7.989072072072072, "maxlat": 8.079162162162163, "minlon": 80.13725995136997, "maxlon": 80.228209606344265, "area_km2": 99.832761268936665, "cell_type": "land" }, "geometry": { "type": "Polygon", "coordinates": [ [ [ 80.228209606344265, 7.989072072072072 ], [ 80.228209606344265, 8.079162162162163 ], [ 80.13725995136997, 8.079162162162163 ], [ 80.13725995136997, 7.989072072072072 ], [ 80.228209606344265, 7.989072072072072 ] ] ] } },
{ "type": "Feature", "properties": { "grid_id": "grid_24_7", "cell_number": 655, "row": 24, "col": 7, "centroid_lat": 8.034117117117118, "centroid_lon": 80.27368443383142, "minlat": 7.989072072072072, "maxlat": 8.079162162162163, "minlon": 80.228209606344265, "maxlon": 80.319159261318561, "area_km2": 99.828547532394666, "cell_type": "land" }, "geometry": { "type": "Polygon", "coordinates": [ [ [ 80.319159261318561, 7.989072072072072 ], [ 80.319159261318561, 8.079162162162163 ], [ 80.228209606344265, 8.079162162162163 ], [ 80.228209606344265, 7.989072072072072 ], [ 80.319159261318561, 7.989072072072072 ] ] ] } },
{ "type": "Feature", "properties": { "grid_id": "grid_24_8", "cell_number": 656, "row": 24, "col": 8, "centroid_lat": 8.034117117117118, "centroid_lon": 80.364634088805687, "minlat": 7.989072072072072, "maxlat": 8.079162162162163, "minlon": 80.319159261318546, "maxlon": 80.410108916292842, "area_km2": 99.824830548306707, "cell_type": "land" }, "geometry": { "type": "Polygon", "coordinates": [ [ [ 80.410108916292842, 7.989072072072072 ], [ 80.410108916292842, 8.079162162162163 ], [ 80.319159261318546, 8.079162162162163 ], [ 80.319159261318546, 7.989072072072072 ], [ 80.410108916292842, 7.989072072072072 ] ] ] } },
{ "type": "Feature", "properties": { "grid_id": "grid_24_9", "cell_number": 657, "row": 24, "col": 9, "centroid_lat": 8.034117117117118, "centroid_lon": 80.455583743779982, "minlat": 7.989072072072072, "maxlat": 8.079162162162163, "minlon": 80.410108916292842, "maxlon": 80.501058571267137, "area_km2": 99.821610243185162, "cell_type": "land" }, "geometry": { "type": "Polygon", "coordinates": [ [ [ 80.501058571267137, 7.989072072072072 ], [ 80.501058571267137, 8.079162162162163 ], [ 80.410108916292842, 8.079162162162163 ], [ 80.410108916292842, 7.989072072072072 ], [ 80.501058571267137, 7.989072072072072 ] ] ] } },
{ "type": "Feature", "properties": { "grid_id": "grid_24_10", "cell_number": 658, "row": 24, "col": 10, "centroid_lat": 8.034117117117118, "centroid_lon": 80.546533398754292, "minlat": 7.989072072072072, "maxlat": 8.079162162162163, "minlon": 80.501058571267137, "maxlon": 80.592008226241433, "area_km2": 99.818886553439327, "cell_type": "land" }, "geometry": { "type": "Polygon", "coordinates": [ [ [ 80.592008226241433, 7.989072072072072 ], [ 80.592008226241433, 8.079162162162163 ], [ 80.501058571267137, 8.079162162162163 ], [ 80.501058571267137, 7.989072072072072 ], [ 80.592008226241433, 7.989072072072072 ] ] ] } },
{ "type": "Feature", "properties": { "grid_id": "grid_24_11", "cell_number": 659, "row": 24, "col": 11, "centroid_lat": 8.034117117117118, "centroid_lon": 80.637483053728573, "minlat": 7.989072072072072, "maxlat": 8.079162162162163, "minlon": 80.592008226241433, "maxlon": 80.682957881215728, "area_km2": 99.816659425258223, "cell_type": "land" }, "geometry": { "type": "Polygon", "coordinates": [ [ [ 80.682957881215728, 7.989072072072072 ], [ 80.682957881215728, 8.079162162162163 ], [ 80.592008226241433, 8.079162162162163 ], [ 80.592008226241433, 7.989072072072072 ], [ 80.682957881215728, 7.989072072072072 ] ] ] } },
{ "type": "Feature", "properties": { "grid_id": "grid_24_12", "cell_number": 660, "row": 24, "col": 12, "centroid_lat": 8.034117117117118, "centroid_lon": 80.728432708702854, "minlat": 7.989072072072072, "maxlat": 8.079162162162163, "minlon": 80.682957881215714, "maxlon": 80.773907536190009, "area_km2": 99.814928814596328, "cell_type": "land" }, "geometry": { "type": "Polygon", "coordinates": [ [ [ 80.773907536190009, 7.989072072072072 ], [ 80.773907536190009, 8.079162162162163 ], [ 80.682957881215714, 8.079162162162163 ], [ 80.682957881215714, 7.989072072072072 ], [ 80.773907536190009, 7.989072072072072 ] ] ] } },
{ "type": "Feature", "properties": { "grid_id": "grid_24_13", "cell_number": 661, "row": 24, "col": 13, "centroid_lat": 8.034117117117118, "centroid_lon": 80.81938236367715, "minlat": 7.989072072072072, "maxlat": 8.079162162162163, "minlon": 80.773907536190009, "maxlon": 80.864857191164305, "area_km2": 99.813694687304263, "cell_type": "land" }, "geometry": { "type": "Polygon", "coordinates": [ [ [ 80.864857191164305, 7.989072072072072 ], [ 80.864857191164305, 8.079162162162163 ], [ 80.773907536190009, 8.079162162162163 ], [ 80.773907536190009, 7.989072072072072 ], [ 80.864857191164305, 7.989072072072072 ] ] ] } },
{ "type": "Feature", "properties": { "grid_id": "grid_24_14", "cell_number": 662, "row": 24, "col": 14, "centroid_lat": 8.034117117117118, "centroid_lon": 80.910332018651459, "minlat": 7.989072072072072, "maxlat": 8.079162162162163, "minlon": 80.864857191164305, "maxlon": 80.9558068461386, "area_km2": 99.812957019001686, "cell_type": "land" }, "geometry": { "type": "Polygon", "coordinates": [ [ [ 80.9558068461386, 7.989072072072072 ], [ 80.9558068461386, 8.079162162162163 ], [ 80.864857191164305, 8.079162162162163 ], [ 80.864857191164305, 7.989072072072072 ], [ 80.9558068461386, 7.989072072072072 ] ] ] } },
{ "type": "Feature", "properties": { "grid_id": "grid_24_15", "cell_number": 663, "row": 24, "col": 15, "centroid_lat": 8.034117117117118, "centroid_lon": 81.001281673625755, "minlat": 7.989072072072072, "maxlat": 8.079162162162163, "minlon": 80.9558068461386, "maxlon": 81.046756501112895, "area_km2": 99.812715795070289, "cell_type": "land" }, "geometry": { "type": "Polygon", "coordinates": [ [ [ 81.046756501112895, 7.989072072072072 ], [ 81.046756501112895, 8.079162162162163 ], [ 80.9558068461386, 8.079162162162163 ], [ 80.9558068461386, 7.989072072072072 ], [ 81.046756501112895, 7.989072072072072 ] ] ] } },
{ "type": "Feature", "properties": { "grid_id": "grid_24_16", "cell_number": 664, "row": 24, "col": 16, "centroid_lat": 8.034117117117118, "centroid_lon": 81.092231328600036, "minlat": 7.989072072072072, "maxlat": 8.079162162162163, "minlon": 81.046756501112895, "maxlon": 81.137706156087191, "area_km2": 99.812971010786015, "cell_type": "land" }, "geometry": { "type": "Polygon", "coordinates": [ [ [ 81.137706156087191, 7.989072072072072 ], [ 81.137706156087191, 8.079162162162163 ], [ 81.046756501112895, 8.079162162162163 ], [ 81.046756501112895, 7.989072072072072 ], [ 81.137706156087191, 7.989072072072072 ] ] ] } },
{ "type": "Feature", "properties": { "grid_id": "grid_24_17", "cell_number": 665, "row": 24, "col": 17, "centroid_lat": 8.034117117117118, "centroid_lon": 81.183180983574331, "minlat": 7.989072072072072, "maxlat": 8.079162162162163, "minlon": 81.137706156087177, "maxlon": 81.228655811061472, "area_km2": 99.813722671192465, "cell_type": "land" }, "geometry": { "type": "Polygon", "coordinates": [ [ [ 81.228655811061472, 7.989072072072072 ], [ 81.228655811061472, 8.079162162162163 ], [ 81.137706156087177, 8.079162162162163 ], [ 81.137706156087177, 7.989072072072072 ], [ 81.228655811061472, 7.989072072072072 ] ] ] } },
{ "type": "Feature", "properties": { "grid_id": "grid_24_18", "cell_number": 666, "row": 24, "col": 18, "centroid_lat": 8.034117117117118, "centroid_lon": 81.274130638548627, "minlat": 7.989072072072072, "maxlat": 8.079162162162163, "minlon": 81.228655811061472, "maxlon": 81.319605466035767, "area_km2": 99.814970791099611, "cell_type": "land" }, "geometry": { "type": "Polygon", "coordinates": [ [ [ 81.319605466035767, 7.989072072072072 ], [ 81.319605466035767, 8.079162162162163 ], [ 81.228655811061472, 8.079162162162163 ], [ 81.228655811061472, 7.989072072072072 ], [ 81.319605466035767, 7.989072072072072 ] ] ] } },
{ "type": "Feature", "properties": { "grid_id": "grid_24_19", "cell_number": 667, "row": 24, "col": 19, "centroid_lat": 8.034117117117118, "centroid_lon": 81.365080293522908, "minlat": 7.989072072072072, "maxlat": 8.079162162162163, "minlon": 81.319605466035767, "maxlon": 81.410555121010063, "area_km2": 99.816715395204753, "cell_type": "land" }, "geometry": { "type": "Polygon", "coordinates": [ [ [ 81.410555121010063, 7.989072072072072 ], [ 81.410555121010063, 8.079162162162163 ], [ 81.319605466035767, 8.079162162162163 ], [ 81.319605466035767, 7.989072072072072 ], [ 81.410555121010063, 7.989072072072072 ] ] ] } },
{ "type": "Feature", "properties": { "grid_id": "grid_24_20", "cell_number": 668, "row": 24, "col": 20, "centroid_lat": 8.034117117117118, "centroid_lon": 81.456029948497218, "minlat": 7.989072072072072, "maxlat": 8.079162162162163, "minlon": 81.410555121010063, "maxlon": 81.501504775984358, "area_km2": 99.81895651797538, "cell_type": "land" }, "geometry": { "type": "Polygon", "coordinates": [ [ [ 81.501504775984358, 7.989072072072072 ], [ 81.501504775984358, 8.079162162162163 ], [ 81.410555121010063, 8.079162162162163 ], [ 81.410555121010063, 7.989072072072072 ], [ 81.501504775984358, 7.989072072072072 ] ] ] } },
{ "type": "Feature", "properties": { "grid_id": "grid_24_21", "cell_number": 669, "row": 24, "col": 21, "centroid_lat": 8.034117117117118, "centroid_lon": 81.546979603471513, "minlat": 7.989072072072072, "maxlat": 8.079162162162163, "minlon": 81.501504775984358, "maxlon": 81.592454430958654, "area_km2": 99.821694203651106, "cell_type": "coastal" }, "geometry": { "type": "Polygon", "coordinates": [ [ [ 81.592454430958654, 7.989072072072072 ], [ 81.592454430958654, 8.079162162162163 ], [ 81.501504775984358, 8.079162162162163 ], [ 81.501504775984358, 7.989072072072072 ], [ 81.592454430958654, 7.989072072072072 ] ] ] } },
{ "type": "Feature", "properties": { "grid_id": "grid_24_22", "cell_number": 670, "row": 24, "col": 22, "centroid_lat": 8.034117117117118, "centroid_lon": 81.63792925844578, "minlat": 7.989072072072072, "maxlat": 8.079162162162163, "minlon": 81.592454430958639, "maxlon": 81.683404085932935, "area_km2": 99.824928506364287, "cell_type": "ocean" }, "geometry": { "type": "Polygon", "coordinates": [ [ [ 81.683404085932935, 7.989072072072072 ], [ 81.683404085932935, 8.079162162162163 ], [ 81.592454430958639, 8.079162162162163 ], [ 81.592454430958639, 7.989072072072072 ], [ 81.683404085932935, 7.989072072072072 ] ] ] } },
{ "type": "Feature", "properties": { "grid_id": "grid_24_23", "cell_number": 671, "row": 24, "col": 23, "centroid_lat": 8.034117117117118, "centroid_lon": 81.72887891342009, "minlat": 7.989072072072072, "maxlat": 8.079162162162163, "minlon": 81.683404085932935, "maxlon": 81.77435374090723, "area_km2": 99.828659490020925, "cell_type": "ocean" }, "geometry": { "type": "Polygon", "coordinates": [ [ [ 81.77435374090723, 7.989072072072072 ], [ 81.77435374090723, 8.079162162162163 ], [ 81.683404085932935, 8.079162162162163 ], [ 81.683404085932935, 7.989072072072072 ], [ 81.77435374090723, 7.989072072072072 ] ] ] } },
{ "type": "Feature", "properties": { "grid_id": "grid_24_24", "cell_number": 672, "row": 24, "col": 24, "centroid_lat": 8.034117117117118, "centroid_lon": 81.819828568394371, "minlat": 7.989072072072072, "maxlat": 8.079162162162163, "minlon": 81.77435374090723, "maxlon": 81.865303395881526, "area_km2": 99.832887228302894, "cell_type": "ocean" }, "geometry": { "type": "Polygon", "coordinates": [ [ [ 81.865303395881526, 7.989072072072072 ], [ 81.865303395881526, 8.079162162162163 ], [ 81.77435374090723, 8.079162162162163 ], [ 81.77435374090723, 7.989072072072072 ], [ 81.865303395881526, 7.989072072072072 ] ] ] } },
{ "type": "Feature", "properties": { "grid_id": "grid_24_25", "cell_number": 673, "row": 24, "col": 25, "centroid_lat": 8.034117117117118, "centroid_lon": 81.910778223368681, "minlat": 7.989072072072072, "maxlat": 8.079162162162163, "minlon": 81.865303395881526, "maxlon": 81.956253050855821, "area_km2": 99.837611804798428, "cell_type": "ocean" }, "geometry": { "type": "Polygon", "coordinates": [ [ [ 81.956253050855821, 7.989072072072072 ], [ 81.956253050855821, 8.079162162162163 ], [ 81.865303395881526, 8.079162162162163 ], [ 81.865303395881526, 7.989072072072072 ], [ 81.956253050855821, 7.989072072072072 ] ] ] } },
{ "type": "Feature", "properties": { "grid_id": "grid_24_26", "cell_number": 674, "row": 24, "col": 26, "centroid_lat": 8.034117117117118, "centroid_lon": 82.001727878342962, "minlat": 7.989072072072072, "maxlat": 8.079162162162163, "minlon": 81.956253050855821, "maxlon": 82.047202705830117, "area_km2": 99.842833312872017, "cell_type": "ocean" }, "geometry": { "type": "Polygon", "coordinates": [ [ [ 82.047202705830117, 7.989072072072072 ], [ 82.047202705830117, 8.079162162162163 ], [ 81.956253050855821, 8.079162162162163 ], [ 81.956253050855821, 7.989072072072072 ], [ 82.047202705830117, 7.989072072072072 ] ] ] } },
{ "type": "Feature", "properties": { "grid_id": "grid_25_0", "cell_number": 675, "row": 25, "col": 0, "centroid_lat": 8.1242072072072098, "centroid_lon": 79.637036849011366, "minlat": 8.079162162162163, "maxlat": 8.169252252252253, "minlon": 79.591562021524211, "maxlon": 79.682511676498507, "area_km2": 99.846752841827069, "cell_type": "ocean" }, "geometry": { "type": "Polygon", "coordinates": [ [ [ 79.682511676498507, 8.079162162162163 ], [ 79.682511676498507, 8.169252252252253 ], [ 79.591562021524211, 8.169252252252253 ], [ 79.591562021524211, 8.079162162162163 ], [ 79.682511676498507, 8.079162162162163 ] ] ] } },
{ "type": "Feature", "properties": { "grid_id": "grid_25_1", "cell_number": 676, "row": 25, "col": 1, "centroid_lat": 8.1242072072072098, "centroid_lon": 79.727986503985662, "minlat": 8.079162162162163, "maxlat": 8.169252252252253, "minlon": 79.682511676498507, "maxlon": 79.773461331472802, "area_km2": 99.839561297392848, "cell_type": "coastal" }, "geometry": { "type": "Polygon", "coordinates": [ [ [ 79.773461331472802, 8.079162162162163 ], [ 79.773461331472802, 8.169252252252253 ], [ 79.682511676498507, 8.169252252252253 ], [ 79.682511676498507, 8.079162162162163 ], [ 79.773461331472802, 8.079162162162163 ] ] ] } },
{ "type": "Feature", "properties": { "grid_id": "grid_25_2", "cell_number": 677, "row": 25, "col": 2, "centroid_lat": 8.1242072072072098, "centroid_lon": 79.818936158959943, "minlat": 8.079162162162163, "maxlat": 8.169252252252253, "minlon": 79.773461331472802, "maxlon": 79.864410986447098, "area_km2": 99.832866820315658, "cell_type": "land" }, "geometry": { "type": "Polygon", "coordinates": [ [ [ 79.864410986447098, 8.079162162162163 ], [ 79.864410986447098, 8.169252252252253 ], [ 79.773461331472802, 8.169252252252253 ], [ 79.773461331472802, 8.079162162162163 ], [ 79.864410986447098, 8.079162162162163 ] ] ] } },
{ "type": "Feature", "properties": { "grid_id": "grid_25_3", "cell_number": 678, "row": 25, "col": 3, "centroid_lat": 8.1242072072072098, "centroid_lon": 79.909885813934224, "minlat": 8.079162162162163, "maxlat": 8.169252252252253, "minlon": 79.864410986447083, "maxlon": 79.955360641421379, "area_km2": 99.826669278306696, "cell_type": "land" }, "geometry": { "type": "Polygon", "coordinates": [ [ [ 79.955360641421379, 8.079162162162163 ], [ 79.955360641421379, 8.169252252252253 ], [ 79.864410986447083, 8.169252252252253 ], [ 79.864410986447083, 8.079162162162163 ], [ 79.955360641421379, 8.079162162162163 ] ] ] } },
{ "type": "Feature", "properties": { "grid_id": "grid_25_4", "cell_number": 679, "row": 25, "col": 4, "centroid_lat": 8.1242072072072098, "centroid_lon": 80.000835468908519, "minlat": 8.079162162162163, "maxlat": 8.169252252252253, "minlon": 79.955360641421379, "maxlon": 80.046310296395674, "area_km2": 99.820968548979934, "cell_type": "land" }, "geometry": { "type": "Polygon", "coordinates": [ [ [ 80.046310296395674, 8.079162162162163 ], [ 80.046310296395674, 8.169252252252253 ], [ 79.955360641421379, 8.169252252252253 ], [ 79.955360641421379, 8.079162162162163 ], [ 80.046310296395674, 8.079162162162163 ] ] ] } },
{ "type": "Feature", "properties": { "grid_id": "grid_25_5", "cell_number": 680, "row": 25, "col": 5, "centroid_lat": 8.1242072072072098, "centroid_lon": 80.091785123882829, "minlat": 8.079162162162163, "maxlat": 8.169252252252253, "minlon": 80.046310296395674, "maxlon": 80.13725995136997, "area_km2": 99.81576451974027, "cell_type": "land" }, "geometry": { "type": "Polygon", "coordinates": [ [ [ 80.13725995136997, 8.079162162162163 ], [ 80.13725995136997, 8.169252252252253 ], [ 80.046310296395674, 8.169252252252253 ], [ 80.046310296395674, 8.079162162162163 ], [ 80.13725995136997, 8.079162162162163 ] ] ] } },
{ "type": "Feature", "properties": { "grid_id": "grid_25_6", "cell_number": 681, "row": 25, "col": 6, "centroid_lat": 8.1242072072072098, "centroid_lon": 80.18273477885711, "minlat": 8.079162162162163, "maxlat": 8.169252252252253, "minlon": 80.13725995136997, "maxlon": 80.228209606344265, "area_km2": 99.811057087763686, "cell_type": "land" }, "geometry": { "type": "Polygon", "coordinates": [ [ [ 80.228209606344265, 8.079162162162163 ], [ 80.228209606344265, 8.169252252252253 ], [ 80.13725995136997, 8.169252252252253 ], [ 80.13725995136997, 8.079162162162163 ], [ 80.228209606344265, 8.079162162162163 ] ] ] } },
{ "type": "Feature", "properties": { "grid_id": "grid_25_7", "cell_number": 682, "row": 25, "col": 7, "centroid_lat": 8.1242072072072098, "centroid_lon": 80.273684433831406, "minlat": 8.079162162162163, "maxlat": 8.169252252252253, "minlon": 80.228209606344265, "maxlon": 80.319159261318561, "area_km2": 99.806846160123641, "cell_type": "land" }, "geometry": { "type": "Polygon", "coordinates": [ [ [ 80.319159261318561, 8.079162162162163 ], [ 80.319159261318561, 8.169252252252253 ], [ 80.228209606344265, 8.169252252252253 ], [ 80.228209606344265, 8.079162162162163 ], [ 80.319159261318561, 8.079162162162163 ] ] ] } },
{ "type": "Feature", "properties": { "grid_id": "grid_25_8", "cell_number": 683, "row": 25, "col": 8, "centroid_lat": 8.1242072072072098, "centroid_lon": 80.364634088805687, "minlat": 8.079162162162163, "maxlat": 8.169252252252253, "minlon": 80.319159261318546, "maxlon": 80.410108916292842, "area_km2": 99.803131653665162, "cell_type": "land" }, "geometry": { "type": "Polygon", "coordinates": [ [ [ 80.410108916292842, 8.079162162162163 ], [ 80.410108916292842, 8.169252252252253 ], [ 80.319159261318546, 8.169252252252253 ], [ 80.319159261318546, 8.079162162162163 ], [ 80.410108916292842, 8.079162162162163 ] ] ] } },
{ "type": "Feature", "properties": { "grid_id": "grid_25_9", "cell_number": 684, "row": 25, "col": 9, "centroid_lat": 8.1242072072072098, "centroid_lon": 80.455583743779982, "minlat": 8.079162162162163, "maxlat": 8.169252252252253, "minlon": 80.410108916292842, "maxlon": 80.501058571267137, "area_km2": 99.799913494999174, "cell_type": "land" }, "geometry": { "type": "Polygon", "coordinates": [ [ [ 80.501058571267137, 8.079162162162163 ], [ 80.501058571267137, 8.169252252252253 ], [ 80.410108916292842, 8.169252252252253 ], [ 80.410108916292842, 8.079162162162163 ], [ 80.501058571267137, 8.079162162162163 ] ] ] } },
{ "type": "Feature", "properties": { "grid_id": "grid_25_10", "cell_number": 685, "row": 25, "col": 10, "centroid_lat": 8.1242072072072098, "centroid_lon": 80.546533398754292, "minlat": 8.079162162162163, "maxlat": 8.169252252252253, "minlon": 80.501058571267137, "maxlon": 80.592008226241433, "area_km2": 99.797191620622968, "cell_type": "land" }, "geometry": { "type": "Polygon", "coordinates": [ [ [ 80.592008226241433, 8.079162162162163 ], [ 80.592008226241433, 8.169252252252253 ], [ 80.501058571267137, 8.169252252252253 ], [ 80.501058571267137, 8.079162162162163 ], [ 80.592008226241433, 8.079162162162163 ] ] ] } },
{ "type": "Feature", "properties": { "grid_id": "grid_25_11", "cell_number": 686, "row": 25, "col": 11, "centroid_lat": 8.1242072072072098, "centroid_lon": 80.637483053728573, "minlat": 8.079162162162163, "maxlat": 8.169252252252253, "minlon": 80.592008226241433, "maxlon": 80.682957881215728, "area_km2": 99.794965976797911, "cell_type": "land" }, "geometry": { "type": "Polygon", "coordinates": [ [ [ 80.682957881215728, 8.079162162162163 ], [ 80.682957881215728, 8.169252252252253 ], [ 80.592008226241433, 8.169252252252253 ], [ 80.592008226241433, 8.079162162162163 ], [ 80.682957881215728, 8.079162162162163 ] ] ] } },
{ "type": "Feature", "properties": { "grid_id": "grid_25_12", "cell_number": 687, "row": 25, "col": 12, "centroid_lat": 8.1242072072072098, "centroid_lon": 80.728432708702854, "minlat": 8.079162162162163, "maxlat": 8.169252252252253, "minlon": 80.682957881215714, "maxlon": 80.773907536190009, "area_km2": 99.793236519537928, "cell_type": "land" }, "geometry": { "type": "Polygon", "coordinates": [ [ [ 80.773907536190009, 8.079162162162163 ], [ 80.773907536190009, 8.169252252252253 ], [ 80.682957881215714, 8.169252252252253 ], [ 80.682957881215714, 8.079162162162163 ], [ 80.773907536190009, 8.079162162162163 ] ] ] } },
{ "type": "Feature", "properties": { "grid_id": "grid_25_13", "cell_number": 688, "row": 25, "col": 13, "centroid_lat": 8.1242072072072098, "centroid_lon": 80.819382363677164, "minlat": 8.079162162162163, "maxlat": 8.169252252252253, "minlon": 80.773907536190009, "maxlon": 80.864857191164305, "area_km2": 99.792003214739651, "cell_type": "land" }, "geometry": { "type": "Polygon", "coordinates": [ [ [ 80.864857191164305, 8.079162162162163 ], [ 80.864857191164305, 8.169252252252253 ], [ 80.773907536190009, 8.169252252252253 ], [ 80.773907536190009, 8.079162162162163 ], [ 80.864857191164305, 8.079162162162163 ] ] ] } },
{ "type": "Feature", "properties": { "grid_id": "grid_25_14", "cell_number": 689, "row": 25, "col": 14, "centroid_lat": 8.1242072072072098, "centroid_lon": 80.910332018651459, "minlat": 8.079162162162163, "maxlat": 8.169252252252253, "minlon": 80.864857191164305, "maxlon": 80.9558068461386, "area_km2": 99.791266038052058, "cell_type": "land" }, "geometry": { "type": "Polygon", "coordinates": [ [ [ 80.9558068461386, 8.079162162162163 ], [ 80.9558068461386, 8.169252252252253 ], [ 80.864857191164305, 8.169252252252253 ], [ 80.864857191164305, 8.079162162162163 ], [ 80.9558068461386, 8.079162162162163 ] ] ] } },
{ "type": "Feature", "properties": { "grid_id": "grid_25_15", "cell_number": 690, "row": 25, "col": 15, "centroid_lat": 8.1242072072072098, "centroid_lon": 81.001281673625741, "minlat": 8.079162162162163, "maxlat": 8.169252252252253, "minlon": 80.9558068461386, "maxlon": 81.046756501112895, "area_km2": 99.791024974880756, "cell_type": "land" }, "geometry": { "type": "Polygon", "coordinates": [ [ [ 81.046756501112895, 8.079162162162163 ], [ 81.046756501112895, 8.169252252252253 ], [ 80.9558068461386, 8.169252252252253 ], [ 80.9558068461386, 8.079162162162163 ], [ 81.046756501112895, 8.079162162162163 ] ] ] } },
{ "type": "Feature", "properties": { "grid_id": "grid_25_16", "cell_number": 691, "row": 25, "col": 16, "centroid_lat": 8.1242072072072098, "centroid_lon": 81.09223132860005, "minlat": 8.079162162162163, "maxlat": 8.169252252252253, "minlon": 81.046756501112895, "maxlon": 81.137706156087191, "area_km2": 99.791280020512019, "cell_type": "land" }, "geometry": { "type": "Polygon", "coordinates": [ [ [ 81.137706156087191, 8.079162162162163 ], [ 81.137706156087191, 8.169252252252253 ], [ 81.046756501112895, 8.169252252252253 ], [ 81.046756501112895, 8.079162162162163 ], [ 81.137706156087191, 8.079162162162163 ] ] ] } },
{ "type": "Feature", "properties": { "grid_id": "grid_25_17", "cell_number": 692, "row": 25, "col": 17, "centroid_lat": 8.1242072072072098, "centroid_lon": 81.183180983574317, "minlat": 8.079162162162163, "maxlat": 8.169252252252253, "minlon": 81.137706156087177, "maxlon": 81.228655811061472, "area_km2": 99.792031179976291, "cell_type": "land" }, "geometry": { "type": "Polygon", "coordinates": [ [ [ 81.228655811061472, 8.079162162162163 ], [ 81.228655811061472, 8.169252252252253 ], [ 81.137706156087177, 8.169252252252253 ], [ 81.137706156087177, 8.079162162162163 ], [ 81.228655811061472, 8.079162162162163 ] ] ] } },
{ "type": "Feature", "properties": { "grid_id": "grid_25_18", "cell_number": 693, "row": 25, "col": 18, "centroid_lat": 8.1242072072072098, "centroid_lon": 81.274130638548613, "minlat": 8.079162162162163, "maxlat": 8.169252252252253, "minlon": 81.228655811061472, "maxlon": 81.319605466035767, "area_km2": 99.793278468063761, "cell_type": "land" }, "geometry": { "type": "Polygon", "coordinates": [ [ [ 81.319605466035767, 8.079162162162163 ], [ 81.319605466035767, 8.169252252252253 ], [ 81.228655811061472, 8.169252252252253 ], [ 81.228655811061472, 8.079162162162163 ], [ 81.319605466035767, 8.079162162162163 ] ] ] } },
{ "type": "Feature", "properties": { "grid_id": "grid_25_19", "cell_number": 694, "row": 25, "col": 19, "centroid_lat": 8.1242072072072098, "centroid_lon": 81.365080293522922, "minlat": 8.079162162162163, "maxlat": 8.169252252252253, "minlon": 81.319605466035767, "maxlon": 81.410555121010063, "area_km2": 99.795021909440493, "cell_type": "land" }, "geometry": { "type": "Polygon", "coordinates": [ [ [ 81.410555121010063, 8.079162162162163 ], [ 81.410555121010063, 8.169252252252253 ], [ 81.319605466035767, 8.169252252252253 ], [ 81.319605466035767, 8.079162162162163 ], [ 81.410555121010063, 8.079162162162163 ] ] ] } },
{ "type": "Feature", "properties": { "grid_id": "grid_25_20", "cell_number": 695, "row": 25, "col": 20, "centroid_lat": 8.1242072072072098, "centroid_lon": 81.456029948497232, "minlat": 8.079162162162163, "maxlat": 8.169252252252253, "minlon": 81.410555121010063, "maxlon": 81.501504775984358, "area_km2": 99.797261538531458, "cell_type": "coastal" }, "geometry": { "type": "Polygon", "coordinates": [ [ [ 81.501504775984358, 8.079162162162163 ], [ 81.501504775984358, 8.169252252252253 ], [ 81.410555121010063, 8.169252252252253 ], [ 81.410555121010063, 8.079162162162163 ], [ 81.501504775984358, 8.079162162162163 ] ] ] } },
{ "type": "Feature", "properties": { "grid_id": "grid_25_21", "cell_number": 696, "row": 25, "col": 21, "centroid_lat": 8.1242072072072098, "centroid_lon": 81.546979603471499, "minlat": 8.079162162162163, "maxlat": 8.169252252252253, "minlon": 81.501504775984358, "maxlon": 81.592454430958654, "area_km2": 99.799997399506481, "cell_type": "coastal" }, "geometry": { "type": "Polygon", "coordinates": [ [ [ 81.592454430958654, 8.079162162162163 ], [ 81.592454430958654, 8.169252252252253 ], [ 81.501504775984358, 8.169252252252253 ], [ 81.501504775984358, 8.079162162162163 ], [ 81.592454430958654, 8.079162162162163 ] ] ] } },
{ "type": "Feature", "properties": { "grid_id": "grid_25_22", "cell_number": 697, "row": 25, "col": 22, "centroid_lat": 8.1242072072072098, "centroid_lon": 81.63792925844578, "minlat": 8.079162162162163, "maxlat": 8.169252252252253, "minlon": 81.592454430958639, "maxlon": 81.683404085932935, "area_km2": 99.803229546427374, "cell_type": "ocean" }, "geometry": { "type": "Polygon", "coordinates": [ [ [ 81.683404085932935, 8.079162162162163 ], [ 81.683404085932935, 8.169252252252253 ], [ 81.592454430958639, 8.169252252252253 ], [ 81.592454430958639, 8.079162162162163 ], [ 81.683404085932935, 8.079162162162163 ] ] ] } },
{ "type": "Feature", "properties": { "grid_id": "grid_25_23", "cell_number": 698, "row": 25, "col": 23, "centroid_lat": 8.1242072072072098, "centroid_lon": 81.72887891342009, "minlat": 8.079162162162163, "maxlat": 8.169252252252253, "minlon": 81.683404085932935, "maxlon": 81.77435374090723, "area_km2": 99.806958043118385, "cell_type": "ocean" }, "geometry": { "type": "Polygon", "coordinates": [ [ [ 81.77435374090723, 8.079162162162163 ], [ 81.77435374090723, 8.169252252252253 ], [ 81.683404085932935, 8.169252252252253 ], [ 81.683404085932935, 8.079162162162163 ], [ 81.77435374090723, 8.079162162162163 ] ] ] } },
{ "type": "Feature", "properties": { "grid_id": "grid_25_24", "cell_number": 699, "row": 25, "col": 24, "centroid_lat": 8.1242072072072098, "centroid_lon": 81.819828568394371, "minlat": 8.079162162162163, "maxlat": 8.169252252252253, "minlon": 81.77435374090723, "maxlon": 81.865303395881526, "area_km2": 99.811182963159027, "cell_type": "ocean" }, "geometry": { "type": "Polygon", "coordinates": [ [ [ 81.865303395881526, 8.079162162162163 ], [ 81.865303395881526, 8.169252252252253 ], [ 81.77435374090723, 8.169252252252253 ], [ 81.77435374090723, 8.079162162162163 ], [ 81.865303395881526, 8.079162162162163 ] ] ] } },
{ "type": "Feature", "properties": { "grid_id": "grid_25_25", "cell_number": 700, "row": 25, "col": 25, "centroid_lat": 8.1242072072072098, "centroid_lon": 81.910778223368695, "minlat": 8.079162162162163, "maxlat": 8.169252252252253, "minlon": 81.865303395881526, "maxlon": 81.956253050855821, "area_km2": 99.81590439002332, "cell_type": "ocean" }, "geometry": { "type": "Polygon", "coordinates": [ [ [ 81.956253050855821, 8.079162162162163 ], [ 81.956253050855821, 8.169252252252253 ], [ 81.865303395881526, 8.169252252252253 ], [ 81.865303395881526, 8.079162162162163 ], [ 81.956253050855821, 8.079162162162163 ] ] ] } },
{ "type": "Feature", "properties": { "grid_id": "grid_25_26", "cell_number": 701, "row": 25, "col": 26, "centroid_lat": 8.1242072072072098, "centroid_lon": 82.001727878342962, "minlat": 8.079162162162163, "maxlat": 8.169252252252253, "minlon": 81.956253050855821, "maxlon": 82.047202705830117, "area_km2": 99.821122416954481, "cell_type": "ocean" }, "geometry": { "type": "Polygon", "coordinates": [ [ [ 82.047202705830117, 8.079162162162163 ], [ 82.047202705830117, 8.169252252252253 ], [ 81.956253050855821, 8.169252252252253 ], [ 81.956253050855821, 8.079162162162163 ], [ 82.047202705830117, 8.079162162162163 ] ] ] } },
{ "type": "Feature", "properties": { "grid_id": "grid_26_0", "cell_number": 702, "row": 26, "col": 0, "centroid_lat": 8.2142972972972981, "centroid_lon": 79.637036849011366, "minlat": 8.169252252252253, "maxlat": 8.2593423423423431, "minlon": 79.591562021524211, "maxlon": 79.682511676498507, "area_km2": 99.824783814913488, "cell_type": "ocean" }, "geometry": { "type": "Polygon", "coordinates": [ [ [ 79.682511676498507, 8.169252252252253 ], [ 79.682511676498507, 8.259342342342343 ], [ 79.591562021524211, 8.259342342342343 ], [ 79.591562021524211, 8.169252252252253 ], [ 79.682511676498507, 8.169252252252253 ] ] ] } },
{ "type": "Feature", "properties": { "grid_id": "grid_26_1", "cell_number": 703, "row": 26, "col": 1, "centroid_lat": 8.2142972972972981, "centroid_lon": 79.727986503985662, "minlat": 8.169252252252253, "maxlat": 8.2593423423423431, "minlon": 79.682511676498507, "maxlon": 79.773461331472802, "area_km2": 99.817597120847381, "cell_type": "coastal" }, "geometry": { "type": "Polygon", "coordinates": [ [ [ 79.773461331472802, 8.169252252252253 ], [ 79.773461331472802, 8.259342342342343 ], [ 79.682511676498507, 8.259342342342343 ], [ 79.682511676498507, 8.169252252252253 ], [ 79.773461331472802, 8.169252252252253 ] ] ] } },
{ "type": "Feature", "properties": { "grid_id": "grid_26_2", "cell_number": 704, "row": 26, "col": 2, "centroid_lat": 8.2142972972972981, "centroid_lon": 79.818936158959943, "minlat": 8.169252252252253, "maxlat": 8.2593423423423431, "minlon": 79.773461331472802, "maxlon": 79.864410986447098, "area_km2": 99.810907158464161, "cell_type": "land" }, "geometry": { "type": "Polygon", "coordinates": [ [ [ 79.864410986447098, 8.169252252252253 ], [ 79.864410986447098, 8.259342342342343 ], [ 79.773461331472802, 8.259342342342343 ], [ 79.773461331472802, 8.169252252252253 ], [ 79.864410986447098, 8.169252252252253 ] ] ] } },
{ "type": "Feature", "properties": { "grid_id": "grid_26_3", "cell_number": 705, "row": 26, "col": 3, "centroid_lat": 8.2142972972972981, "centroid_lon": 79.909885813934224, "minlat": 8.169252252252253, "maxlat": 8.2593423423423431, "minlon": 79.864410986447083, "maxlon": 79.955360641421379, "area_km2": 99.804713795649846, "cell_type": "land" }, "geometry": { "type": "Polygon", "coordinates": [ [ [ 79.955360641421379, 8.169252252252253 ], [ 79.955360641421379, 8.259342342342343 ], [ 79.864410986447083, 8.259342342342343 ], [ 79.864410986447083, 8.169252252252253 ], [ 79.955360641421379, 8.169252252252253 ] ] ] } },
{ "type": "Feature", "properties": { "grid_id": "grid_26_4", "cell_number": 706, "row": 26, "col": 4, "centroid_lat": 8.2142972972972981, "centroid_lon": 80.000835468908519, "minlat": 8.169252252252253, "maxlat": 8.2593423423423431, "minlon": 79.955360641421379, "maxlon": 80.046310296395674, "area_km2": 99.799016910192762, "cell_type": "land" }, "geometry": { "type": "Polygon", "coordinates": [ [ [ 80.046310296395674, 8.169252252252253 ], [ 80.046310296395674, 8.259342342342343 ], [ 79.955360641421379, 8.259342342342343 ], [ 79.955360641421379, 8.169252252252253 ], [ 80.046310296395674, 8.169252252252253 ] ] ] } },
{ "type": "Feature", "properties": { "grid_id": "grid_26_5", "cell_number": 707, "row": 26, "col": 5, "centroid_lat": 8.2142972972972981, "centroid_lon": 80.091785123882829, "minlat": 8.169252252252253, "maxlat": 8.2593423423423431, "minlon": 80.046310296395674, "maxlon": 80.13725995136997, "area_km2": 99.79381638964459, "cell_type": "land" }, "geometry": { "type": "Polygon", "coordinates": [ [ [ 80.13725995136997, 8.169252252252253 ], [ 80.13725995136997, 8.259342342342343 ], [ 80.046310296395674, 8.259342342342343 ], [ 80.046310296395674, 8.169252252252253 ], [ 80.13725995136997, 8.169252252252253 ] ] ] } },
{ "type": "Feature", "properties": { "grid_id": "grid_26_6", "cell_number": 708, "row": 26, "col": 6, "centroid_lat": 8.2142972972972981, "centroid_lon": 80.18273477885711, "minlat": 8.169252252252253, "maxlat": 8.2593423423423431, "minlon": 80.13725995136997, "maxlon": 80.228209606344265, "area_km2": 99.789112131322213, "cell_type": "land" }, "geometry": { "type": "Polygon", "coordinates": [ [ [ 80.228209606344265, 8.169252252252253 ], [ 80.228209606344265, 8.259342342342343 ], [ 80.13725995136997, 8.259342342342343 ], [ 80.13725995136997, 8.169252252252253 ], [ 80.228209606344265, 8.169252252252253 ] ] ] } },
{ "type": "Feature", "properties": { "grid_id": "grid_26_7", "cell_number": 709, "row": 26, "col": 7, "centroid_lat": 8.2142972972972981, "centroid_lon": 80.273684433831406, "minlat": 8.169252252252253, "maxlat": 8.2593423423423431, "minlon": 80.228209606344265, "maxlon": 80.319159261318561, "area_km2": 99.784904042433411, "cell_type": "land" }, "geometry": { "type": "Polygon", "coordinates": [ [ [ 80.319159261318561, 8.169252252252253 ], [ 80.319159261318561, 8.259342342342343 ], [ 80.228209606344265, 8.259342342342343 ], [ 80.228209606344265, 8.169252252252253 ], [ 80.319159261318561, 8.169252252252253 ] ] ] } },
{ "type": "Feature", "properties": { "grid_id": "grid_26_8", "cell_number": 710, "row": 26, "col": 8, "centroid_lat": 8.2142972972972981, "centroid_lon": 80.364634088805687, "minlat": 8.169252252252253, "maxlat": 8.2593423423423431, "minlon": 80.319159261318546, "maxlon": 80.410108916292842, "area_km2": 99.781192039935107, "cell_type": "land" }, "geometry": { "type": "Polygon", "coordinates": [ [ [ 80.410108916292842, 8.169252252252253 ], [ 80.410108916292842, 8.259342342342343 ], [ 80.319159261318546, 8.259342342342343 ], [ 80.319159261318546, 8.169252252252253 ], [ 80.410108916292842, 8.169252252252253 ] ] ] } },
{ "type": "Feature", "properties": { "grid_id": "grid_26_9", "cell_number": 711, "row": 26, "col": 9, "centroid_lat": 8.2142972972972981, "centroid_lon": 80.455583743779982, "minlat": 8.169252252252253, "maxlat": 8.2593423423423431, "minlon": 80.410108916292842, "maxlon": 80.501058571267137, "area_km2": 99.777976050536751, "cell_type": "land" }, "geometry": { "type": "Polygon", "coordinates": [ [ [ 80.501058571267137, 8.169252252252253 ], [ 80.501058571267137, 8.259342342342343 ], [ 80.410108916292842, 8.259342342342343 ], [ 80.410108916292842, 8.169252252252253 ], [ 80.501058571267137, 8.169252252252253 ] ] ] } },
{ "type": "Feature", "properties": { "grid_id": "grid_26_10", "cell_number": 712, "row": 26, "col": 10, "centroid_lat": 8.2142972972972981, "centroid_lon": 80.546533398754292, "minlat": 8.169252252252253, "maxlat": 8.2593423423423431, "minlon": 80.501058571267137, "maxlon": 80.592008226241433, "area_km2": 99.775256010824918, "cell_type": "land" }, "geometry": { "type": "Polygon", "coordinates": [ [ [ 80.592008226241433, 8.169252252252253 ], [ 80.592008226241433, 8.259342342342343 ], [ 80.501058571267137, 8.259342342342343 ], [ 80.501058571267137, 8.169252252252253 ], [ 80.592008226241433, 8.169252252252253 ] ] ] } },
{ "type": "Feature", "properties": { "grid_id": "grid_26_11", "cell_number": 713, "row": 26, "col": 11, "centroid_lat": 8.2142972972972981, "centroid_lon": 80.637483053728573, "minlat": 8.169252252252253, "maxlat": 8.2593423423423431, "minlon": 80.592008226241433, "maxlon": 80.682957881215728, "area_km2": 99.773031867130825, "cell_type": "land" }, "geometry": { "type": "Polygon", "coordinates": [ [ [ 80.682957881215728, 8.169252252252253 ], [ 80.682957881215728, 8.259342342342343 ], [ 80.592008226241433, 8.259342342342343 ], [ 80.592008226241433, 8.169252252252253 ], [ 80.682957881215728, 8.169252252252253 ] ] ] } },
{ "type": "Feature", "properties": { "grid_id": "grid_26_12", "cell_number": 714, "row": 26, "col": 12, "centroid_lat": 8.2142972972972981, "centroid_lon": 80.728432708702854, "minlat": 8.169252252252253, "maxlat": 8.2593423423423431, "minlon": 80.682957881215714, "maxlon": 80.773907536190009, "area_km2": 99.771303575527668, "cell_type": "land" }, "geometry": { "type": "Polygon", "coordinates": [ [ [ 80.773907536190009, 8.169252252252253 ], [ 80.773907536190009, 8.259342342342343 ], [ 80.682957881215714, 8.259342342342343 ], [ 80.682957881215714, 8.169252252252253 ], [ 80.773907536190009, 8.169252252252253 ] ] ] } },
{ "type": "Feature", "properties": { "grid_id": "grid_26_13", "cell_number": 715, "row": 26, "col": 13, "centroid_lat": 8.2142972972972981, "centroid_lon": 80.819382363677164, "minlat": 8.169252252252253, "maxlat": 8.2593423423423431, "minlon": 80.773907536190009, "maxlon": 80.864857191164305, "area_km2": 99.770071101959829, "cell_type": "land" }, "geometry": { "type": "Polygon", "coordinates": [ [ [ 80.864857191164305, 8.169252252252253 ], [ 80.864857191164305, 8.259342342342343 ], [ 80.773907536190009, 8.259342342342343 ], [ 80.773907536190009, 8.169252252252253 ], [ 80.864857191164305, 8.169252252252253 ] ] ] } },
{ "type": "Feature", "properties": { "grid_id": "grid_26_14", "cell_number": 716, "row": 26, "col": 14, "centroid_lat": 8.2142972972972981, "centroid_lon": 80.910332018651459, "minlat": 8.169252252252253, "maxlat": 8.2593423423423431, "minlon": 80.864857191164305, "maxlon": 80.9558068461386, "area_km2": 99.769334422115449, "cell_type": "land" }, "geometry": { "type": "Polygon", "coordinates": [ [ [ 80.9558068461386, 8.169252252252253 ], [ 80.9558068461386, 8.259342342342343 ], [ 80.864857191164305, 8.259342342342343 ], [ 80.864857191164305, 8.169252252252253 ], [ 80.9558068461386, 8.169252252252253 ] ] ] } },
{ "type": "Feature", "properties": { "grid_id": "grid_26_15", "cell_number": 717, "row": 26, "col": 15, "centroid_lat": 8.2142972972972981, "centroid_lon": 81.001281673625741, "minlat": 8.169252252252253, "maxlat": 8.2593423423423431, "minlon": 80.9558068461386, "maxlon": 81.046756501112895, "area_km2": 99.76909352141702, "cell_type": "land" }, "geometry": { "type": "Polygon", "coordinates": [ [ [ 81.046756501112895, 8.169252252252253 ], [ 81.046756501112895, 8.259342342342343 ], [ 80.9558068461386, 8.259342342342343 ], [ 80.9558068461386, 8.169252252252253 ], [ 81.046756501112895, 8.169252252252253 ] ] ] } },
{ "type": "Feature", "properties": { "grid_id": "grid_26_16", "cell_number": 718, "row": 26, "col": 16, "centroid_lat": 8.2142972972972981, "centroid_lon": 81.09223132860005, "minlat": 8.169252252252253, "maxlat": 8.2593423423423431, "minlon": 81.046756501112895, "maxlon": 81.137706156087191, "area_km2": 99.769348395153486, "cell_type": "land" }, "geometry": { "type": "Polygon", "coordinates": [ [ [ 81.137706156087191, 8.169252252252253 ], [ 81.137706156087191, 8.259342342342343 ], [ 81.046756501112895, 8.259342342342343 ], [ 81.046756501112895, 8.169252252252253 ], [ 81.137706156087191, 8.169252252252253 ] ] ] } },
{ "type": "Feature", "properties": { "grid_id": "grid_26_17", "cell_number": 719, "row": 26, "col": 17, "centroid_lat": 8.2142972972972981, "centroid_lon": 81.183180983574317, "minlat": 8.169252252252253, "maxlat": 8.2593423423423431, "minlon": 81.137706156087177, "maxlon": 81.228655811061472, "area_km2": 99.770099048351526, "cell_type": "land" }, "geometry": { "type": "Polygon", "coordinates": [ [ [ 81.228655811061472, 8.169252252252253 ], [ 81.228655811061472, 8.259342342342343 ], [ 81.137706156087177, 8.259342342342343 ], [ 81.137706156087177, 8.169252252252253 ], [ 81.228655811061472, 8.169252252252253 ] ] ] } },
{ "type": "Feature", "properties": { "grid_id": "grid_26_18", "cell_number": 720, "row": 26, "col": 18, "centroid_lat": 8.2142972972972981, "centroid_lon": 81.274130638548613, "minlat": 8.169252252252253, "maxlat": 8.2593423423423431, "minlon": 81.228655811061472, "maxlon": 81.319605466035767, "area_km2": 99.771345495780182, "cell_type": "land" }, "geometry": { "type": "Polygon", "coordinates": [ [ [ 81.319605466035767, 8.169252252252253 ], [ 81.319605466035767, 8.259342342342343 ], [ 81.228655811061472, 8.259342342342343 ], [ 81.228655811061472, 8.169252252252253 ], [ 81.319605466035767, 8.169252252252253 ] ] ] } },
{ "type": "Feature", "properties": { "grid_id": "grid_26_19", "cell_number": 721, "row": 26, "col": 19, "centroid_lat": 8.2142972972972981, "centroid_lon": 81.365080293522922, "minlat": 8.169252252252253, "maxlat": 8.2593423423423431, "minlon": 81.319605466035767, "maxlon": 81.410555121010063, "area_km2": 99.773087762072507, "cell_type": "land" }, "geometry": { "type": "Polygon", "coordinates": [ [ [ 81.410555121010063, 8.169252252252253 ], [ 81.410555121010063, 8.259342342342343 ], [ 81.319605466035767, 8.259342342342343 ], [ 81.319605466035767, 8.169252252252253 ], [ 81.410555121010063, 8.169252252252253 ] ] ] } },
{ "type": "Feature", "properties": { "grid_id": "grid_26_20", "cell_number": 722, "row": 26, "col": 20, "centroid_lat": 8.2142972972972981, "centroid_lon": 81.456029948497232, "minlat": 8.169252252252253, "maxlat": 8.2593423423423431, "minlon": 81.410555121010063, "maxlon": 81.501504775984358, "area_km2": 99.775325881602058, "cell_type": "coastal" }, "geometry": { "type": "Polygon", "coordinates": [ [ [ 81.501504775984358, 8.169252252252253 ], [ 81.501504775984358, 8.259342342342343 ], [ 81.410555121010063, 8.259342342342343 ], [ 81.410555121010063, 8.169252252252253 ], [ 81.501504775984358, 8.169252252252253 ] ] ] } },
{ "type": "Feature", "properties": { "grid_id": "grid_26_21", "cell_number": 723, "row": 26, "col": 21, "centroid_lat": 8.2142972972972981, "centroid_lon": 81.546979603471499, "minlat": 8.169252252252253, "maxlat": 8.2593423423423431, "minlon": 81.501504775984358, "maxlon": 81.592454430958654, "area_km2": 99.778059898487029, "cell_type": "ocean" }, "geometry": { "type": "Polygon", "coordinates": [ [ [ 81.592454430958654, 8.169252252252253 ], [ 81.592454430958654, 8.259342342342343 ], [ 81.501504775984358, 8.259342342342343 ], [ 81.501504775984358, 8.169252252252253 ], [ 81.592454430958654, 8.169252252252253 ] ] ] } },
{ "type": "Feature", "properties": { "grid_id": "grid_26_22", "cell_number": 724, "row": 26, "col": 22, "centroid_lat": 8.2142972972972981, "centroid_lon": 81.63792925844578, "minlat": 8.169252252252253, "maxlat": 8.2593423423423431, "minlon": 81.592454430958639, "maxlon": 81.683404085932935, "area_km2": 99.781289866712427, "cell_type": "ocean" }, "geometry": { "type": "Polygon", "coordinates": [ [ [ 81.683404085932935, 8.169252252252253 ], [ 81.683404085932935, 8.259342342342343 ], [ 81.592454430958639, 8.259342342342343 ], [ 81.592454430958639, 8.169252252252253 ], [ 81.683404085932935, 8.169252252252253 ] ] ] } },
{ "type": "Feature", "properties": { "grid_id": "grid_26_23", "cell_number": 725, "row": 26, "col": 23, "centroid_lat": 8.2142972972972981, "centroid_lon": 81.72887891342009, "minlat": 8.169252252252253, "maxlat": 8.2593423423423431, "minlon": 81.683404085932935, "maxlon": 81.77435374090723, "area_km2": 99.785015850009231, "cell_type": "ocean" }, "geometry": { "type": "Polygon", "coordinates": [ [ [ 81.77435374090723, 8.169252252252253 ], [ 81.77435374090723, 8.259342342342343 ], [ 81.683404085932935, 8.259342342342343 ], [ 81.683404085932935, 8.169252252252253 ], [ 81.77435374090723, 8.169252252252253 ] ] ] } },
{ "type": "Feature", "properties": { "grid_id": "grid_26_24", "cell_number": 726, "row": 26, "col": 24, "centroid_lat": 8.2142972972972981, "centroid_lon": 81.819828568394371, "minlat": 8.169252252252253, "maxlat": 8.2593423423423431, "minlon": 81.77435374090723, "maxlon": 81.865303395881526, "area_km2": 99.789237921860007, "cell_type": "ocean" }, "geometry": { "type": "Polygon", "coordinates": [ [ [ 81.865303395881526, 8.169252252252253 ], [ 81.865303395881526, 8.259342342342343 ], [ 81.77435374090723, 8.259342342342343 ], [ 81.77435374090723, 8.169252252252253 ], [ 81.865303395881526, 8.169252252252253 ] ] ] } },
{ "type": "Feature", "properties": { "grid_id": "grid_26_25", "cell_number": 727, "row": 26, "col": 25, "centroid_lat": 8.2142972972972981, "centroid_lon": 81.910778223368695, "minlat": 8.169252252252253, "maxlat": 8.2593423423423431, "minlon": 81.865303395881526, "maxlon": 81.956253050855821, "area_km2": 99.793956165623143, "cell_type": "ocean" }, "geometry": { "type": "Polygon", "coordinates": [ [ [ 81.956253050855821, 8.169252252252253 ], [ 81.956253050855821, 8.259342342342343 ], [ 81.865303395881526, 8.259342342342343 ], [ 81.865303395881526, 8.169252252252253 ], [ 81.956253050855821, 8.169252252252253 ] ] ] } },
{ "type": "Feature", "properties": { "grid_id": "grid_26_26", "cell_number": 728, "row": 26, "col": 26, "centroid_lat": 8.2142972972972981, "centroid_lon": 82.001727878342962, "minlat": 8.169252252252253, "maxlat": 8.2593423423423431, "minlon": 81.956253050855821, "maxlon": 82.047202705830117, "area_km2": 99.79917067441896, "cell_type": "ocean" }, "geometry": { "type": "Polygon", "coordinates": [ [ [ 82.047202705830117, 8.169252252252253 ], [ 82.047202705830117, 8.259342342342343 ], [ 81.956253050855821, 8.259342342342343 ], [ 81.956253050855821, 8.169252252252253 ], [ 82.047202705830117, 8.169252252252253 ] ] ] } },
{ "type": "Feature", "properties": { "grid_id": "grid_27_0", "cell_number": 729, "row": 27, "col": 0, "centroid_lat": 8.3043873873873881, "centroid_lon": 79.637036849011366, "minlat": 8.2593423423423431, "maxlat": 8.3494324324324332, "minlon": 79.591562021524211, "maxlon": 79.682511676498507, "area_km2": 99.802573801607267, "cell_type": "ocean" }, "geometry": { "type": "Polygon", "coordinates": [ [ [ 79.682511676498507, 8.259342342342343 ], [ 79.682511676498507, 8.349432432432433 ], [ 79.591562021524211, 8.349432432432433 ], [ 79.591562021524211, 8.259342342342343 ], [ 79.682511676498507, 8.259342342342343 ] ] ] } },
{ "type": "Feature", "properties": { "grid_id": "grid_27_1", "cell_number": 730, "row": 27, "col": 1, "centroid_lat": 8.3043873873873881, "centroid_lon": 79.727986503985662, "minlat": 8.2593423423423431, "maxlat": 8.3494324324324332, "minlon": 79.682511676498507, "maxlon": 79.773461331472802, "area_km2": 99.795392008826909, "cell_type": "coastal" }, "geometry": { "type": "Polygon", "coordinates": [ [ [ 79.773461331472802, 8.259342342342343 ], [ 79.773461331472802, 8.349432432432433 ], [ 79.682511676498507, 8.349432432432433 ], [ 79.682511676498507, 8.259342342342343 ], [ 79.773461331472802, 8.259342342342343 ] ] ] } },
{ "type": "Feature", "properties": { "grid_id": "grid_27_2", "cell_number": 731, "row": 27, "col": 2, "centroid_lat": 8.3043873873873881, "centroid_lon": 79.818936158959943, "minlat": 8.2593423423423431, "maxlat": 8.3494324324324332, "minlon": 79.773461331472802, "maxlon": 79.864410986447098, "area_km2": 99.788706608526169, "cell_type": "land" }, "geometry": { "type": "Polygon", "coordinates": [ [ [ 79.864410986447098, 8.259342342342343 ], [ 79.864410986447098, 8.349432432432433 ], [ 79.773461331472802, 8.349432432432433 ], [ 79.773461331472802, 8.259342342342343 ], [ 79.864410986447098, 8.259342342342343 ] ] ] } },
{ "type": "Feature", "properties": { "grid_id": "grid_27_3", "cell_number": 732, "row": 27, "col": 3, "centroid_lat": 8.3043873873873881, "centroid_lon": 79.909885813934224, "minlat": 8.2593423423423431, "maxlat": 8.3494324324324332, "minlon": 79.864410986447083, "maxlon": 79.955360641421379, "area_km2": 99.782517468779744, "cell_type": "land" }, "geometry": { "type": "Polygon", "coordinates": [ [ [ 79.955360641421379, 8.259342342342343 ], [ 79.955360641421379, 8.349432432432433 ], [ 79.864410986447083, 8.349432432432433 ], [ 79.864410986447083, 8.259342342342343 ], [ 79.955360641421379, 8.259342342342343 ] ] ] } },
{ "type": "Feature", "properties": { "grid_id": "grid_27_4", "cell_number": 733, "row": 27, "col": 4, "centroid_lat": 8.3043873873873881, "centroid_lon": 80.000835468908519, "minlat": 8.2593423423423431, "maxlat": 8.3494324324324332, "minlon": 79.955360641421379, "maxlon": 80.046310296395674, "area_km2": 99.776824467537807, "cell_type": "land" }, "geometry": { "type": "Polygon", "coordinates": [ [ [ 80.046310296395674, 8.259342342342343 ], [ 80.046310296395674, 8.349432432432433 ], [ 79.955360641421379, 8.349432432432433 ], [ 79.955360641421379, 8.259342342342343 ], [ 80.046310296395674, 8.259342342342343 ] ] ] } },
{ "type": "Feature", "properties": { "grid_id": "grid_27_5", "cell_number": 734, "row": 27, "col": 5, "centroid_lat": 8.3043873873873881, "centroid_lon": 80.091785123882829, "minlat": 8.2593423423423431, "maxlat": 8.3494324324324332, "minlon": 80.046310296395674, "maxlon": 80.13725995136997, "area_km2": 99.771627492514043, "cell_type": "land" }, "geometry": { "type": "Polygon", "coordinates": [ [ [ 80.13725995136997, 8.259342342342343 ], [ 80.13725995136997, 8.349432432432433 ], [ 80.046310296395674, 8.349432432432433 ], [ 80.046310296395674, 8.259342342342343 ], [ 80.13725995136997, 8.259342342342343 ] ] ] } },
{ "type": "Feature", "properties": { "grid_id": "grid_27_6", "cell_number": 735, "row": 27, "col": 6, "centroid_lat": 8.3043873873873881, "centroid_lon": 80.18273477885711, "minlat": 8.2593423423423431, "maxlat": 8.3494324324324332, "minlon": 80.13725995136997, "maxlon": 80.228209606344265, "area_km2": 99.766926441169076, "cell_type": "land" }, "geometry": { "type": "Polygon", "coordinates": [ [ [ 80.228209606344265, 8.259342342342343 ], [ 80.228209606344265, 8.349432432432433 ], [ 80.13725995136997, 8.349432432432433 ], [ 80.13725995136997, 8.259342342342343 ], [ 80.228209606344265, 8.259342342342343 ] ] ] } },
{ "type": "Feature", "properties": { "grid_id": "grid_27_7", "cell_number": 736, "row": 27, "col": 7, "centroid_lat": 8.3043873873873881, "centroid_lon": 80.273684433831406, "minlat": 8.2593423423423431, "maxlat": 8.3494324324324332, "minlon": 80.228209606344265, "maxlon": 80.319159261318561, "area_km2": 99.762721220832262, "cell_type": "land" }, "geometry": { "type": "Polygon", "coordinates": [ [ [ 80.319159261318561, 8.259342342342343 ], [ 80.319159261318561, 8.349432432432433 ], [ 80.228209606344265, 8.349432432432433 ], [ 80.228209606344265, 8.259342342342343 ], [ 80.319159261318561, 8.259342342342343 ] ] ] } },
{ "type": "Feature", "properties": { "grid_id": "grid_27_8", "cell_number": 737, "row": 27, "col": 8, "centroid_lat": 8.3043873873873881, "centroid_lon": 80.364634088805687, "minlat": 8.2593423423423431, "maxlat": 8.3494324324324332, "minlon": 80.319159261318546, "maxlon": 80.410108916292842, "area_km2": 99.759011748576938, "cell_type": "land" }, "geometry": { "type": "Polygon", "coordinates": [ [ [ 80.410108916292842, 8.259342342342343 ], [ 80.410108916292842, 8.349432432432433 ], [ 80.319159261318546, 8.349432432432433 ], [ 80.319159261318546, 8.259342342342343 ], [ 80.410108916292842, 8.259342342342343 ] ] ] } },
{ "type": "Feature", "properties": { "grid_id": "grid_27_9", "cell_number": 738, "row": 27, "col": 9, "centroid_lat": 8.3043873873873881, "centroid_lon": 80.455583743779982, "minlat": 8.2593423423423431, "maxlat": 8.3494324324324332, "minlon": 80.410108916292842, "maxlon": 80.501058571267137, "area_km2": 99.755797951217858, "cell_type": "land" }, "geometry": { "type": "Polygon", "coordinates": [ [ [ 80.501058571267137, 8.259342342342343 ], [ 80.501058571267137, 8.349432432432433 ], [ 80.410108916292842, 8.349432432432433 ], [ 80.410108916292842, 8.259342342342343 ], [ 80.501058571267137, 8.259342342342343 ] ] ] } },
{ "type": "Feature", "properties": { "grid_id": "grid_27_10", "cell_number": 739, "row": 27, "col": 10, "centroid_lat": 8.3043873873873881, "centroid_lon": 80.546533398754292, "minlat": 8.2593423423423431, "maxlat": 8.3494324324324332, "minlon": 80.501058571267137, "maxlon": 80.592008226241433, "area_km2": 99.753079765426577, "cell_type": "land" }, "geometry": { "type": "Polygon", "coordinates": [ [ [ 80.592008226241433, 8.259342342342343 ], [ 80.592008226241433, 8.349432432432433 ], [ 80.501058571267137, 8.349432432432433 ], [ 80.501058571267137, 8.259342342342343 ], [ 80.592008226241433, 8.259342342342343 ] ] ] } },
{ "type": "Feature", "properties": { "grid_id": "grid_27_11", "cell_number": 740, "row": 27, "col": 11, "centroid_lat": 8.3043873873873881, "centroid_lon": 80.637483053728573, "minlat": 8.2593423423423431, "maxlat": 8.3494324324324332, "minlon": 80.592008226241433, "maxlon": 80.682957881215728, "area_km2": 99.750857137608776, "cell_type": "land" }, "geometry": { "type": "Polygon", "coordinates": [ [ [ 80.682957881215728, 8.259342342342343 ], [ 80.682957881215728, 8.349432432432433 ], [ 80.592008226241433, 8.349432432432433 ], [ 80.592008226241433, 8.259342342342343 ], [ 80.682957881215728, 8.259342342342343 ] ] ] } },
{ "type": "Feature", "properties": { "grid_id": "grid_27_12", "cell_number": 741, "row": 27, "col": 12, "centroid_lat": 8.3043873873873881, "centroid_lon": 80.728432708702854, "minlat": 8.2593423423423431, "maxlat": 8.3494324324324332, "minlon": 80.682957881215714, "maxlon": 80.773907536190009, "area_km2": 99.749130023902623, "cell_type": "land" }, "geometry": { "type": "Polygon", "coordinates": [ [ [ 80.773907536190009, 8.259342342342343 ], [ 80.773907536190009, 8.349432432432433 ], [ 80.682957881215714, 8.349432432432433 ], [ 80.682957881215714, 8.259342342342343 ], [ 80.773907536190009, 8.259342342342343 ] ] ] } },
{ "type": "Feature", "properties": { "grid_id": "grid_27_13", "cell_number": 742, "row": 27, "col": 13, "centroid_lat": 8.3043873873873881, "centroid_lon": 80.819382363677164, "minlat": 8.2593423423423431, "maxlat": 8.3494324324324332, "minlon": 80.773907536190009, "maxlon": 80.864857191164305, "area_km2": 99.747898390296953, "cell_type": "land" }, "geometry": { "type": "Polygon", "coordinates": [ [ [ 80.864857191164305, 8.259342342342343 ], [ 80.864857191164305, 8.349432432432433 ], [ 80.773907536190009, 8.349432432432433 ], [ 80.773907536190009, 8.259342342342343 ], [ 80.864857191164305, 8.259342342342343 ] ] ] } },
{ "type": "Feature", "properties": { "grid_id": "grid_27_14", "cell_number": 743, "row": 27, "col": 14, "centroid_lat": 8.3043873873873881, "centroid_lon": 80.910332018651459, "minlat": 8.2593423423423431, "maxlat": 8.3494324324324332, "minlon": 80.864857191164305, "maxlon": 80.9558068461386, "area_km2": 99.747162212510545, "cell_type": "land" }, "geometry": { "type": "Polygon", "coordinates": [ [ [ 80.9558068461386, 8.259342342342343 ], [ 80.9558068461386, 8.349432432432433 ], [ 80.864857191164305, 8.349432432432433 ], [ 80.864857191164305, 8.259342342342343 ], [ 80.9558068461386, 8.259342342342343 ] ] ] } },
{ "type": "Feature", "properties": { "grid_id": "grid_27_15", "cell_number": 744, "row": 27, "col": 15, "centroid_lat": 8.3043873873873881, "centroid_lon": 81.001281673625741, "minlat": 8.2593423423423431, "maxlat": 8.3494324324324332, "minlon": 80.9558068461386, "maxlon": 81.046756501112895, "area_km2": 99.746921475987378, "cell_type": "land" }, "geometry": { "type": "Polygon", "coordinates": [ [ [ 81.046756501112895, 8.259342342342343 ], [ 81.046756501112895, 8.349432432432433 ], [ 80.9558068461386, 8.349432432432433 ], [ 80.9558068461386, 8.259342342342343 ], [ 81.046756501112895, 8.259342342342343 ] ] ] } },
{ "type": "Feature", "properties": { "grid_id": "grid_27_16", "cell_number": 745, "row": 27, "col": 16, "centroid_lat": 8.3043873873873881, "centroid_lon": 81.09223132860005, "minlat": 8.2593423423423431, "maxlat": 8.3494324324324332, "minlon": 81.046756501112895, "maxlon": 81.137706156087191, "area_km2": 99.747176176022649, "cell_type": "land" }, "geometry": { "type": "Polygon", "coordinates": [ [ [ 81.137706156087191, 8.259342342342343 ], [ 81.137706156087191, 8.349432432432433 ], [ 81.046756501112895, 8.349432432432433 ], [ 81.046756501112895, 8.259342342342343 ], [ 81.137706156087191, 8.259342342342343 ] ] ] } },
{ "type": "Feature", "properties": { "grid_id": "grid_27_17", "cell_number": 746, "row": 27, "col": 17, "centroid_lat": 8.3043873873873881, "centroid_lon": 81.183180983574317, "minlat": 8.2593423423423431, "maxlat": 8.3494324324324332, "minlon": 81.137706156087177, "maxlon": 81.228655811061472, "area_km2": 99.7479263176415, "cell_type": "land" }, "geometry": { "type": "Polygon", "coordinates": [ [ [ 81.228655811061472, 8.259342342342343 ], [ 81.228655811061472, 8.349432432432433 ], [ 81.137706156087177, 8.349432432432433 ], [ 81.137706156087177, 8.259342342342343 ], [ 81.228655811061472, 8.259342342342343 ] ] ] } },
{ "type": "Feature", "properties": { "grid_id": "grid_27_18", "cell_number": 747, "row": 27, "col": 18, "centroid_lat": 8.3043873873873881, "centroid_lon": 81.274130638548613, "minlat": 8.2593423423423431, "maxlat": 8.3494324324324332, "minlon": 81.228655811061472, "maxlon": 81.319605466035767, "area_km2": 99.749171915585194, "cell_type": "land" }, "geometry": { "type": "Polygon", "coordinates": [ [ [ 81.319605466035767, 8.259342342342343 ], [ 81.319605466035767, 8.349432432432433 ], [ 81.228655811061472, 8.349432432432433 ], [ 81.228655811061472, 8.259342342342343 ], [ 81.319605466035767, 8.259342342342343 ] ] ] } },
{ "type": "Feature", "properties": { "grid_id": "grid_27_19", "cell_number": 748, "row": 27, "col": 19, "centroid_lat": 8.3043873873873881, "centroid_lon": 81.365080293522922, "minlat": 8.2593423423423431, "maxlat": 8.3494324324324332, "minlon": 81.319605466035767, "maxlon": 81.410555121010063, "area_km2": 99.750912994457096, "cell_type": "coastal" }, "geometry": { "type": "Polygon", "coordinates": [ [ [ 81.410555121010063, 8.259342342342343 ], [ 81.410555121010063, 8.349432432432433 ], [ 81.319605466035767, 8.349432432432433 ], [ 81.319605466035767, 8.259342342342343 ], [ 81.410555121010063, 8.259342342342343 ] ] ] } },
{ "type": "Feature", "properties": { "grid_id": "grid_27_20", "cell_number": 749, "row": 27, "col": 20, "centroid_lat": 8.3043873873873881, "centroid_lon": 81.456029948497232, "minlat": 8.2593423423423431, "maxlat": 8.3494324324324332, "minlon": 81.410555121010063, "maxlon": 81.501504775984358, "area_km2": 99.753149588582858, "cell_type": "coastal" }, "geometry": { "type": "Polygon", "coordinates": [ [ [ 81.501504775984358, 8.259342342342343 ], [ 81.501504775984358, 8.349432432432433 ], [ 81.410555121010063, 8.349432432432433 ], [ 81.410555121010063, 8.259342342342343 ], [ 81.501504775984358, 8.259342342342343 ] ] ] } },
{ "type": "Feature", "properties": { "grid_id": "grid_27_21", "cell_number": 750, "row": 27, "col": 21, "centroid_lat": 8.3043873873873881, "centroid_lon": 81.546979603471499, "minlat": 8.2593423423423431, "maxlat": 8.3494324324324332, "minlon": 81.501504775984358, "maxlon": 81.592454430958654, "area_km2": 99.755881742018104, "cell_type": "ocean" }, "geometry": { "type": "Polygon", "coordinates": [ [ [ 81.592454430958654, 8.259342342342343 ], [ 81.592454430958654, 8.349432432432433 ], [ 81.501504775984358, 8.349432432432433 ], [ 81.501504775984358, 8.259342342342343 ], [ 81.592454430958654, 8.259342342342343 ] ] ] } },
{ "type": "Feature", "properties": { "grid_id": "grid_27_22", "cell_number": 751, "row": 27, "col": 22, "centroid_lat": 8.3043873873873881, "centroid_lon": 81.63792925844578, "minlat": 8.2593423423423431, "maxlat": 8.3494324324324332, "minlon": 81.592454430958639, "maxlon": 81.683404085932935, "area_km2": 99.75910950867123, "cell_type": "ocean" }, "geometry": { "type": "Polygon", "coordinates": [ [ [ 81.683404085932935, 8.259342342342343 ], [ 81.683404085932935, 8.349432432432433 ], [ 81.592454430958639, 8.349432432432433 ], [ 81.592454430958639, 8.259342342342343 ], [ 81.683404085932935, 8.259342342342343 ] ] ] } },
{ "type": "Feature", "properties": { "grid_id": "grid_27_23", "cell_number": 752, "row": 27, "col": 23, "centroid_lat": 8.3043873873873881, "centroid_lon": 81.72887891342009, "minlat": 8.2593423423423431, "maxlat": 8.3494324324324332, "minlon": 81.683404085932935, "maxlon": 81.77435374090723, "area_km2": 99.762832952189939, "cell_type": "ocean" }, "geometry": { "type": "Polygon", "coordinates": [ [ [ 81.77435374090723, 8.259342342342343 ], [ 81.77435374090723, 8.349432432432433 ], [ 81.683404085932935, 8.349432432432433 ], [ 81.683404085932935, 8.259342342342343 ], [ 81.77435374090723, 8.259342342342343 ] ] ] } },
{ "type": "Feature", "properties": { "grid_id": "grid_27_24", "cell_number": 753, "row": 27, "col": 24, "centroid_lat": 8.3043873873873881, "centroid_lon": 81.819828568394371, "minlat": 8.2593423423423431, "maxlat": 8.3494324324324332, "minlon": 81.77435374090723, "maxlon": 81.865303395881526, "area_km2": 99.767052145955418, "cell_type": "ocean" }, "geometry": { "type": "Polygon", "coordinates": [ [ [ 81.865303395881526, 8.259342342342343 ], [ 81.865303395881526, 8.349432432432433 ], [ 81.77435374090723, 8.349432432432433 ], [ 81.77435374090723, 8.259342342342343 ], [ 81.865303395881526, 8.259342342342343 ] ] ] } },
{ "type": "Feature", "properties": { "grid_id": "grid_27_25", "cell_number": 754, "row": 27, "col": 25, "centroid_lat": 8.3043873873873881, "centroid_lon": 81.910778223368695, "minlat": 8.2593423423423431, "maxlat": 8.3494324324324332, "minlon": 81.865303395881526, "maxlon": 81.956253050855821, "area_km2": 99.771767173206484, "cell_type": "ocean" }, "geometry": { "type": "Polygon", "coordinates": [ [ [ 81.956253050855821, 8.259342342342343 ], [ 81.956253050855821, 8.349432432432433 ], [ 81.865303395881526, 8.349432432432433 ], [ 81.865303395881526, 8.259342342342343 ], [ 81.956253050855821, 8.259342342342343 ] ] ] } },
{ "type": "Feature", "properties": { "grid_id": "grid_27_26", "cell_number": 755, "row": 27, "col": 26, "centroid_lat": 8.3043873873873881, "centroid_lon": 82.001727878342962, "minlat": 8.2593423423423431, "maxlat": 8.3494324324324332, "minlon": 81.956253050855821, "maxlon": 82.047202705830117, "area_km2": 99.776978126931539, "cell_type": "ocean" }, "geometry": { "type": "Polygon", "coordinates": [ [ [ 82.047202705830117, 8.259342342342343 ], [ 82.047202705830117, 8.349432432432433 ], [ 81.956253050855821, 8.349432432432433 ], [ 81.956253050855821, 8.259342342342343 ], [ 82.047202705830117, 8.259342342342343 ] ] ] } },
{ "type": "Feature", "properties": { "grid_id": "grid_28_0", "cell_number": 756, "row": 28, "col": 0, "centroid_lat": 8.3944774774774782, "centroid_lon": 79.637036849011366, "minlat": 8.3494324324324332, "maxlat": 8.4395225225225232, "minlon": 79.591562021524211, "maxlon": 79.682511676498507, "area_km2": 99.780122844349876, "cell_type": "ocean" }, "geometry": { "type": "Polygon", "coordinates": [ [ [ 79.682511676498507, 8.349432432432433 ], [ 79.682511676498507, 8.439522522522523 ], [ 79.591562021524211, 8.439522522522523 ], [ 79.591562021524211, 8.349432432432433 ], [ 79.682511676498507, 8.349432432432433 ] ] ] } },
{ "type": "Feature", "properties": { "grid_id": "grid_28_1", "cell_number": 757, "row": 28, "col": 1, "centroid_lat": 8.3944774774774782, "centroid_lon": 79.727986503985662, "minlat": 8.3494324324324332, "maxlat": 8.4395225225225232, "minlon": 79.682511676498507, "maxlon": 79.773461331472802, "area_km2": 99.772946003686044, "cell_type": "coastal" }, "geometry": { "type": "Polygon", "coordinates": [ [ [ 79.773461331472802, 8.349432432432433 ], [ 79.773461331472802, 8.439522522522523 ], [ 79.682511676498507, 8.439522522522523 ], [ 79.682511676498507, 8.349432432432433 ], [ 79.773461331472802, 8.349432432432433 ] ] ] } },
{ "type": "Feature", "properties": { "grid_id": "grid_28_2", "cell_number": 758, "row": 28, "col": 2, "centroid_lat": 8.3944774774774782, "centroid_lon": 79.818936158959943, "minlat": 8.3494324324324332, "maxlat": 8.4395225225225232, "minlon": 79.773461331472802, "maxlon": 79.864410986447098, "area_km2": 99.766265212785513, "cell_type": "land" }, "geometry": { "type": "Polygon", "coordinates": [ [ [ 79.864410986447098, 8.349432432432433 ], [ 79.864410986447098, 8.439522522522523 ], [ 79.773461331472802, 8.439522522522523 ], [ 79.773461331472802, 8.349432432432433 ], [ 79.864410986447098, 8.349432432432433 ] ] ] } },
{ "type": "Feature", "properties": { "grid_id": "grid_28_3", "cell_number": 759, "row": 28, "col": 3, "centroid_lat": 8.3944774774774782, "centroid_lon": 79.909885813934224, "minlat": 8.3494324324324332, "maxlat": 8.4395225225225232, "minlon": 79.864410986447083, "maxlon": 79.955360641421379, "area_km2": 99.76008033990297, "cell_type": "land" }, "geometry": { "type": "Polygon", "coordinates": [ [ [ 79.955360641421379, 8.349432432432433 ], [ 79.955360641421379, 8.439522522522523 ], [ 79.864410986447083, 8.439522522522523 ], [ 79.864410986447083, 8.349432432432433 ], [ 79.955360641421379, 8.349432432432433 ] ] ] } },
{ "type": "Feature", "properties": { "grid_id": "grid_28_4", "cell_number": 760, "row": 28, "col": 4, "centroid_lat": 8.3944774774774782, "centroid_lon": 80.000835468908519, "minlat": 8.3494324324324332, "maxlat": 8.4395225225225232, "minlon": 79.955360641421379, "maxlon": 80.046310296395674, "area_km2": 99.754391263162944, "cell_type": "land" }, "geometry": { "type": "Polygon", "coordinates": [ [ [ 80.046310296395674, 8.349432432432433 ], [ 80.046310296395674, 8.439522522522523 ], [ 79.955360641421379, 8.439522522522523 ], [ 79.955360641421379, 8.349432432432433 ], [ 80.046310296395674, 8.349432432432433 ] ] ] } },
{ "type": "Feature", "properties": { "grid_id": "grid_28_5", "cell_number": 761, "row": 28, "col": 5, "centroid_lat": 8.3944774774774782, "centroid_lon": 80.091785123882829, "minlat": 8.3494324324324332, "maxlat": 8.4395225225225232, "minlon": 80.046310296395674, "maxlon": 80.13725995136997, "area_km2": 99.749197870436163, "cell_type": "land" }, "geometry": { "type": "Polygon", "coordinates": [ [ [ 80.13725995136997, 8.349432432432433 ], [ 80.13725995136997, 8.439522522522523 ], [ 80.046310296395674, 8.439522522522523 ], [ 80.046310296395674, 8.349432432432433 ], [ 80.13725995136997, 8.349432432432433 ] ] ] } },
{ "type": "Feature", "properties": { "grid_id": "grid_28_6", "cell_number": 762, "row": 28, "col": 6, "centroid_lat": 8.3944774774774782, "centroid_lon": 80.18273477885711, "minlat": 8.3494324324324332, "maxlat": 8.4395225225225232, "minlon": 80.13725995136997, "maxlon": 80.228209606344265, "area_km2": 99.744500059325873, "cell_type": "land" }, "geometry": { "type": "Polygon", "coordinates": [ [ [ 80.228209606344265, 8.349432432432433 ], [ 80.228209606344265, 8.439522522522523 ], [ 80.13725995136997, 8.439522522522523 ], [ 80.13725995136997, 8.349432432432433 ], [ 80.228209606344265, 8.349432432432433 ] ] ] } },
{ "type": "Feature", "properties": { "grid_id": "grid_28_7", "cell_number": 763, "row": 28, "col": 7, "centroid_lat": 8.3944774774774782, "centroid_lon": 80.273684433831406, "minlat": 8.3494324324324332, "maxlat": 8.4395225225225232, "minlon": 80.228209606344265, "maxlon": 80.319159261318561, "area_km2": 99.740297737293844, "cell_type": "land" }, "geometry": { "type": "Polygon", "coordinates": [ [ [ 80.319159261318561, 8.349432432432433 ], [ 80.319159261318561, 8.439522522522523 ], [ 80.228209606344265, 8.439522522522523 ], [ 80.228209606344265, 8.349432432432433 ], [ 80.319159261318561, 8.349432432432433 ] ] ] } },
{ "type": "Feature", "properties": { "grid_id": "grid_28_8", "cell_number": 764, "row": 28, "col": 8, "centroid_lat": 8.3944774774774782, "centroid_lon": 80.364634088805687, "minlat": 8.3494324324324332, "maxlat": 8.4395225225225232, "minlon": 80.319159261318546, "maxlon": 80.410108916292842, "area_km2": 99.736590821529063, "cell_type": "land" }, "geometry": { "type": "Polygon", "coordinates": [ [ [ 80.410108916292842, 8.349432432432433 ], [ 80.410108916292842, 8.439522522522523 ], [ 80.319159261318546, 8.439522522522523 ], [ 80.319159261318546, 8.349432432432433 ], [ 80.410108916292842, 8.349432432432433 ] ] ] } },
{ "type": "Feature", "properties": { "grid_id": "grid_28_9", "cell_number": 765, "row": 28, "col": 9, "centroid_lat": 8.3944774774774782, "centroid_lon": 80.455583743779982, "minlat": 8.3494324324324332, "maxlat": 8.4395225225225232, "minlon": 80.410108916292842, "maxlon": 80.501058571267137, "area_km2": 99.733379238944323, "cell_type": "land" }, "geometry": { "type": "Polygon", "coordinates": [ [ [ 80.501058571267137, 8.349432432432433 ], [ 80.501058571267137, 8.439522522522523 ], [ 80.410108916292842, 8.439522522522523 ], [ 80.410108916292842, 8.349432432432433 ], [ 80.501058571267137, 8.349432432432433 ] ] ] } },
{ "type": "Feature", "properties": { "grid_id": "grid_28_10", "cell_number": 766, "row": 28, "col": 10, "centroid_lat": 8.3944774774774782, "centroid_lon": 80.546533398754292, "minlat": 8.3494324324324332, "maxlat": 8.4395225225225232, "minlon": 80.501058571267137, "maxlon": 80.592008226241433, "area_km2": 99.730662926303978, "cell_type": "land" }, "geometry": { "type": "Polygon", "coordinates": [ [ [ 80.592008226241433, 8.349432432432433 ], [ 80.592008226241433, 8.439522522522523 ], [ 80.501058571267137, 8.439522522522523 ], [ 80.501058571267137, 8.349432432432433 ], [ 80.592008226241433, 8.349432432432433 ] ] ] } },
{ "type": "Feature", "properties": { "grid_id": "grid_28_11", "cell_number": 767, "row": 28, "col": 11, "centroid_lat": 8.3944774774774782, "centroid_lon": 80.637483053728573, "minlat": 8.3494324324324332, "maxlat": 8.4395225225225232, "minlon": 80.592008226241433, "maxlon": 80.682957881215728, "area_km2": 99.728441830087121, "cell_type": "land" }, "geometry": { "type": "Polygon", "coordinates": [ [ [ 80.682957881215728, 8.349432432432433 ], [ 80.682957881215728, 8.439522522522523 ], [ 80.592008226241433, 8.439522522522523 ], [ 80.592008226241433, 8.349432432432433 ], [ 80.682957881215728, 8.349432432432433 ] ] ] } },
{ "type": "Feature", "properties": { "grid_id": "grid_28_12", "cell_number": 768, "row": 28, "col": 12, "centroid_lat": 8.3944774774774782, "centroid_lon": 80.728432708702854, "minlat": 8.3494324324324332, "maxlat": 8.4395225225225232, "minlon": 80.682957881215714, "maxlon": 80.773907536190009, "area_km2": 99.726715906491492, "cell_type": "land" }, "geometry": { "type": "Polygon", "coordinates": [ [ [ 80.773907536190009, 8.349432432432433 ], [ 80.773907536190009, 8.439522522522523 ], [ 80.682957881215714, 8.439522522522523 ], [ 80.682957881215714, 8.349432432432433 ], [ 80.773907536190009, 8.349432432432433 ] ] ] } },
{ "type": "Feature", "properties": { "grid_id": "grid_28_13", "cell_number": 769, "row": 28, "col": 13, "centroid_lat": 8.3944774774774782, "centroid_lon": 80.819382363677164, "minlat": 8.3494324324324332, "maxlat": 8.4395225225225232, "minlon": 80.773907536190009, "maxlon": 80.864857191164305, "area_km2": 99.725485121557924, "cell_type": "land" }, "geometry": { "type": "Polygon", "coordinates": [ [ [ 80.864857191164305, 8.349432432432433 ], [ 80.864857191164305, 8.439522522522523 ], [ 80.773907536190009, 8.439522522522523 ], [ 80.773907536190009, 8.349432432432433 ], [ 80.864857191164305, 8.349432432432433 ] ] ] } },
{ "type": "Feature", "properties": { "grid_id": "grid_28_14", "cell_number": 770, "row": 28, "col": 14, "centroid_lat": 8.3944774774774782, "centroid_lon": 80.910332018651459, "minlat": 8.3494324324324332, "maxlat": 8.4395225225225232, "minlon": 80.864857191164305, "maxlon": 80.9558068461386, "area_km2": 99.724749451035763, "cell_type": "land" }, "geometry": { "type": "Polygon", "coordinates": [ [ [ 80.9558068461386, 8.349432432432433 ], [ 80.9558068461386, 8.439522522522523 ], [ 80.864857191164305, 8.439522522522523 ], [ 80.864857191164305, 8.349432432432433 ], [ 80.9558068461386, 8.349432432432433 ] ] ] } },
{ "type": "Feature", "properties": { "grid_id": "grid_28_15", "cell_number": 771, "row": 28, "col": 15, "centroid_lat": 8.3944774774774782, "centroid_lon": 81.001281673625741, "minlat": 8.3494324324324332, "maxlat": 8.4395225225225232, "minlon": 80.9558068461386, "maxlon": 81.046756501112895, "area_km2": 99.724508880391625, "cell_type": "land" }, "geometry": { "type": "Polygon", "coordinates": [ [ [ 81.046756501112895, 8.349432432432433 ], [ 81.046756501112895, 8.439522522522523 ], [ 80.9558068461386, 8.439522522522523 ], [ 80.9558068461386, 8.349432432432433 ], [ 81.046756501112895, 8.349432432432433 ] ] ] } },
{ "type": "Feature", "properties": { "grid_id": "grid_28_16", "cell_number": 772, "row": 28, "col": 16, "centroid_lat": 8.3944774774774782, "centroid_lon": 81.09223132860005, "minlat": 8.3494324324324332, "maxlat": 8.4395225225225232, "minlon": 81.046756501112895, "maxlon": 81.137706156087191, "area_km2": 99.724763404928325, "cell_type": "land" }, "geometry": { "type": "Polygon", "coordinates": [ [ [ 81.137706156087191, 8.349432432432433 ], [ 81.137706156087191, 8.439522522522523 ], [ 81.046756501112895, 8.439522522522523 ], [ 81.046756501112895, 8.349432432432433 ], [ 81.137706156087191, 8.349432432432433 ] ] ] } },
{ "type": "Feature", "properties": { "grid_id": "grid_28_17", "cell_number": 773, "row": 28, "col": 17, "centroid_lat": 8.3944774774774782, "centroid_lon": 81.183180983574317, "minlat": 8.3494324324324332, "maxlat": 8.4395225225225232, "minlon": 81.137706156087177, "maxlon": 81.228655811061472, "area_km2": 99.725513029657066, "cell_type": "land" }, "geometry": { "type": "Polygon", "coordinates": [ [ [ 81.228655811061472, 8.349432432432433 ], [ 81.228655811061472, 8.439522522522523 ], [ 81.137706156087177, 8.439522522522523 ], [ 81.137706156087177, 8.349432432432433 ], [ 81.228655811061472, 8.349432432432433 ] ] ] } },
{ "type": "Feature", "properties": { "grid_id": "grid_28_18", "cell_number": 774, "row": 28, "col": 18, "centroid_lat": 8.3944774774774782, "centroid_lon": 81.274130638548613, "minlat": 8.3494324324324332, "maxlat": 8.4395225225225232, "minlon": 81.228655811061472, "maxlon": 81.319605466035767, "area_km2": 99.726757769309643, "cell_type": "land" }, "geometry": { "type": "Polygon", "coordinates": [ [ [ 81.319605466035767, 8.349432432432433 ], [ 81.319605466035767, 8.439522522522523 ], [ 81.228655811061472, 8.439522522522523 ], [ 81.228655811061472, 8.349432432432433 ], [ 81.319605466035767, 8.349432432432433 ] ] ] } },
{ "type": "Feature", "properties": { "grid_id": "grid_28_19", "cell_number": 775, "row": 28, "col": 19, "centroid_lat": 8.3944774774774782, "centroid_lon": 81.365080293522922, "minlat": 8.3494324324324332, "maxlat": 8.4395225225225232, "minlon": 81.319605466035767, "maxlon": 81.410555121010063, "area_km2": 99.728497648446691, "cell_type": "coastal" }, "geometry": { "type": "Polygon", "coordinates": [ [ [ 81.410555121010063, 8.349432432432433 ], [ 81.410555121010063, 8.439522522522523 ], [ 81.319605466035767, 8.439522522522523 ], [ 81.319605466035767, 8.349432432432433 ], [ 81.410555121010063, 8.349432432432433 ] ] ] } },
{ "type": "Feature", "properties": { "grid_id": "grid_28_20", "cell_number": 776, "row": 28, "col": 20, "centroid_lat": 8.3944774774774782, "centroid_lon": 81.456029948497232, "minlat": 8.3494324324324332, "maxlat": 8.4395225225225232, "minlon": 81.410555121010063, "maxlon": 81.501504775984358, "area_km2": 99.730732701342887, "cell_type": "ocean" }, "geometry": { "type": "Polygon", "coordinates": [ [ [ 81.501504775984358, 8.349432432432433 ], [ 81.501504775984358, 8.439522522522523 ], [ 81.410555121010063, 8.439522522522523 ], [ 81.410555121010063, 8.349432432432433 ], [ 81.501504775984358, 8.349432432432433 ] ] ] } },
{ "type": "Feature", "properties": { "grid_id": "grid_28_21", "cell_number": 777, "row": 28, "col": 21, "centroid_lat": 8.3944774774774782, "centroid_lon": 81.546979603471499, "minlat": 8.3494324324324332, "maxlat": 8.4395225225225232, "minlon": 81.501504775984358, "maxlon": 81.592454430958654, "area_km2": 99.733462972001263, "cell_type": "ocean" }, "geometry": { "type": "Polygon", "coordinates": [ [ [ 81.592454430958654, 8.349432432432433 ], [ 81.592454430958654, 8.439522522522523 ], [ 81.501504775984358, 8.439522522522523 ], [ 81.501504775984358, 8.349432432432433 ], [ 81.592454430958654, 8.349432432432433 ] ] ] } },
{ "type": "Feature", "properties": { "grid_id": "grid_28_22", "cell_number": 778, "row": 28, "col": 22, "centroid_lat": 8.3944774774774782, "centroid_lon": 81.63792925844578, "minlat": 8.3494324324324332, "maxlat": 8.4395225225225232, "minlon": 81.592454430958639, "maxlon": 81.683404085932935, "area_km2": 99.736688514250773, "cell_type": "ocean" }, "geometry": { "type": "Polygon", "coordinates": [ [ [ 81.683404085932935, 8.349432432432433 ], [ 81.683404085932935, 8.439522522522523 ], [ 81.592454430958639, 8.439522522522523 ], [ 81.592454430958639, 8.349432432432433 ], [ 81.683404085932935, 8.349432432432433 ] ] ] } },
{ "type": "Feature", "properties": { "grid_id": "grid_28_23", "cell_number": 779, "row": 28, "col": 23, "centroid_lat": 8.3944774774774782, "centroid_lon": 81.72887891342009, "minlat": 8.3494324324324332, "maxlat": 8.4395225225225232, "minlon": 81.683404085932935, "maxlon": 81.77435374090723, "area_km2": 99.740409391648527, "cell_type": "ocean" }, "geometry": { "type": "Polygon", "coordinates": [ [ [ 81.77435374090723, 8.349432432432433 ], [ 81.77435374090723, 8.439522522522523 ], [ 81.683404085932935, 8.439522522522523 ], [ 81.683404085932935, 8.349432432432433 ], [ 81.77435374090723, 8.349432432432433 ] ] ] } },
{ "type": "Feature", "properties": { "grid_id": "grid_28_24", "cell_number": 780, "row": 28, "col": 24, "centroid_lat": 8.3944774774774782, "centroid_lon": 81.819828568394371, "minlat": 8.3494324324324332, "maxlat": 8.4395225225225232, "minlon": 81.77435374090723, "maxlon": 81.865303395881526, "area_km2": 99.744625677472172, "cell_type": "ocean" }, "geometry": { "type": "Polygon", "coordinates": [ [ [ 81.865303395881526, 8.349432432432433 ], [ 81.865303395881526, 8.439522522522523 ], [ 81.77435374090723, 8.439522522522523 ], [ 81.77435374090723, 8.349432432432433 ], [ 81.865303395881526, 8.349432432432433 ] ] ] } },
{ "type": "Feature", "properties": { "grid_id": "grid_28_25", "cell_number": 781, "row": 28, "col": 25, "centroid_lat": 8.3944774774774782, "centroid_lon": 81.910778223368695, "minlat": 8.3494324324324332, "maxlat": 8.4395225225225232, "minlon": 81.865303395881526, "maxlon": 81.956253050855821, "area_km2": 99.749337454848074, "cell_type": "ocean" }, "geometry": { "type": "Polygon", "coordinates": [ [ [ 81.956253050855821, 8.349432432432433 ], [ 81.956253050855821, 8.439522522522523 ], [ 81.865303395881526, 8.439522522522523 ], [ 81.865303395881526, 8.349432432432433 ], [ 81.956253050855821, 8.349432432432433 ] ] ] } },
{ "type": "Feature", "properties": { "grid_id": "grid_28_26", "cell_number": 782, "row": 28, "col": 26, "centroid_lat": 8.3944774774774782, "centroid_lon": 82.001727878342962, "minlat": 8.3494324324324332, "maxlat": 8.4395225225225232, "minlon": 81.956253050855821, "maxlon": 82.047202705830117, "area_km2": 99.754544816633612, "cell_type": "ocean" }, "geometry": { "type": "Polygon", "coordinates": [ [ [ 82.047202705830117, 8.349432432432433 ], [ 82.047202705830117, 8.439522522522523 ], [ 81.956253050855821, 8.439522522522523 ], [ 81.956253050855821, 8.349432432432433 ], [ 82.047202705830117, 8.349432432432433 ] ] ] } },
{ "type": "Feature", "properties": { "grid_id": "grid_29_0", "cell_number": 783, "row": 29, "col": 0, "centroid_lat": 8.4845675675675682, "centroid_lon": 79.637036849011366, "minlat": 8.4395225225225232, "maxlat": 8.5296126126126133, "minlon": 79.591562021524211, "maxlon": 79.682511676498507, "area_km2": 99.757430986041612, "cell_type": "ocean" }, "geometry": { "type": "Polygon", "coordinates": [ [ [ 79.682511676498507, 8.439522522522523 ], [ 79.682511676498507, 8.529612612612613 ], [ 79.591562021524211, 8.529612612612613 ], [ 79.591562021524211, 8.439522522522523 ], [ 79.682511676498507, 8.439522522522523 ] ] ] } },
{ "type": "Feature", "properties": { "grid_id": "grid_29_1", "cell_number": 784, "row": 29, "col": 1, "centroid_lat": 8.4845675675675682, "centroid_lon": 79.727986503985662, "minlat": 8.4395225225225232, "maxlat": 8.5296126126126133, "minlon": 79.682511676498507, "maxlon": 79.773461331472802, "area_km2": 99.750259148241284, "cell_type": "coastal" }, "geometry": { "type": "Polygon", "coordinates": [ [ [ 79.773461331472802, 8.439522522522523 ], [ 79.773461331472802, 8.529612612612613 ], [ 79.682511676498507, 8.529612612612613 ], [ 79.682511676498507, 8.439522522522523 ], [ 79.773461331472802, 8.439522522522523 ] ] ] } },
{ "type": "Feature", "properties": { "grid_id": "grid_29_2", "cell_number": 785, "row": 29, "col": 2, "centroid_lat": 8.4845675675675682, "centroid_lon": 79.818936158959943, "minlat": 8.4395225225225232, "maxlat": 8.5296126126126133, "minlon": 79.773461331472802, "maxlon": 79.864410986447098, "area_km2": 99.743583013974344, "cell_type": "coastal" }, "geometry": { "type": "Polygon", "coordinates": [ [ [ 79.864410986447098, 8.439522522522523 ], [ 79.864410986447098, 8.529612612612613 ], [ 79.773461331472802, 8.529612612612613 ], [ 79.773461331472802, 8.439522522522523 ], [ 79.864410986447098, 8.439522522522523 ] ] ] } },
{ "type": "Feature", "properties": { "grid_id": "grid_29_3", "cell_number": 786, "row": 29, "col": 3, "centroid_lat": 8.4845675675675682, "centroid_lon": 79.909885813934224, "minlat": 8.4395225225225232, "maxlat": 8.5296126126126133, "minlon": 79.864410986447083, "maxlon": 79.955360641421379, "area_km2": 99.737402451681731, "cell_type": "land" }, "geometry": { "type": "Polygon", "coordinates": [ [ [ 79.955360641421379, 8.439522522522523 ], [ 79.955360641421379, 8.529612612612613 ], [ 79.864410986447083, 8.529612612612613 ], [ 79.864410986447083, 8.439522522522523 ], [ 79.955360641421379, 8.439522522522523 ] ] ] } },
{ "type": "Feature", "properties": { "grid_id": "grid_29_4", "cell_number": 787, "row": 29, "col": 4, "centroid_lat": 8.4845675675675682, "centroid_lon": 80.000835468908519, "minlat": 8.4395225225225232, "maxlat": 8.5296126126126133, "minlon": 79.955360641421379, "maxlon": 80.046310296395674, "area_km2": 99.731717339664641, "cell_type": "land" }, "geometry": { "type": "Polygon", "coordinates": [ [ [ 80.046310296395674, 8.439522522522523 ], [ 80.046310296395674, 8.529612612612613 ], [ 79.955360641421379, 8.529612612612613 ], [ 79.955360641421379, 8.439522522522523 ], [ 80.046310296395674, 8.439522522522523 ] ] ] } },
{ "type": "Feature", "properties": { "grid_id": "grid_29_5", "cell_number": 788, "row": 29, "col": 5, "centroid_lat": 8.4845675675675682, "centroid_lon": 80.091785123882829, "minlat": 8.4395225225225232, "maxlat": 8.5296126126126133, "minlon": 80.046310296395674, "maxlon": 80.13725995136997, "area_km2": 99.726527565948814, "cell_type": "land" }, "geometry": { "type": "Polygon", "coordinates": [ [ [ 80.13725995136997, 8.439522522522523 ], [ 80.13725995136997, 8.529612612612613 ], [ 80.046310296395674, 8.529612612612613 ], [ 80.046310296395674, 8.439522522522523 ], [ 80.13725995136997, 8.439522522522523 ] ] ] } },
{ "type": "Feature", "properties": { "grid_id": "grid_29_6", "cell_number": 789, "row": 29, "col": 6, "centroid_lat": 8.4845675675675682, "centroid_lon": 80.18273477885711, "minlat": 8.4395225225225232, "maxlat": 8.5296126126126133, "minlon": 80.13725995136997, "maxlon": 80.228209606344265, "area_km2": 99.721833028279065, "cell_type": "land" }, "geometry": { "type": "Polygon", "coordinates": [ [ [ 80.228209606344265, 8.439522522522523 ], [ 80.228209606344265, 8.529612612612613 ], [ 80.13725995136997, 8.529612612612613 ], [ 80.13725995136997, 8.439522522522523 ], [ 80.228209606344265, 8.439522522522523 ] ] ] } },
{ "type": "Feature", "properties": { "grid_id": "grid_29_7", "cell_number": 790, "row": 29, "col": 7, "centroid_lat": 8.4845675675675682, "centroid_lon": 80.273684433831406, "minlat": 8.4395225225225232, "maxlat": 8.5296126126126133, "minlon": 80.228209606344265, "maxlon": 80.319159261318561, "area_km2": 99.717633634252721, "cell_type": "land" }, "geometry": { "type": "Polygon", "coordinates": [ [ [ 80.319159261318561, 8.439522522522523 ], [ 80.319159261318561, 8.529612612612613 ], [ 80.228209606344265, 8.529612612612613 ], [ 80.228209606344265, 8.439522522522523 ], [ 80.319159261318561, 8.439522522522523 ] ] ] } },
{ "type": "Feature", "properties": { "grid_id": "grid_29_8", "cell_number": 791, "row": 29, "col": 8, "centroid_lat": 8.4845675675675682, "centroid_lon": 80.364634088805687, "minlat": 8.4395225225225232, "maxlat": 8.5296126126126133, "minlon": 80.319159261318546, "maxlon": 80.410108916292842, "area_km2": 99.713929301173451, "cell_type": "land" }, "geometry": { "type": "Polygon", "coordinates": [ [ [ 80.410108916292842, 8.439522522522523 ], [ 80.410108916292842, 8.529612612612613 ], [ 80.319159261318546, 8.529612612612613 ], [ 80.319159261318546, 8.439522522522523 ], [ 80.410108916292842, 8.439522522522523 ] ] ] } },
{ "type": "Feature", "properties": { "grid_id": "grid_29_9", "cell_number": 792, "row": 29, "col": 9, "centroid_lat": 8.4845675675675682, "centroid_lon": 80.455583743779982, "minlat": 8.4395225225225232, "maxlat": 8.5296126126126133, "minlon": 80.410108916292842, "maxlon": 80.501058571267137, "area_km2": 99.710719956061212, "cell_type": "land" }, "geometry": { "type": "Polygon", "coordinates": [ [ [ 80.501058571267137, 8.439522522522523 ], [ 80.501058571267137, 8.529612612612613 ], [ 80.410108916292842, 8.529612612612613 ], [ 80.410108916292842, 8.439522522522523 ], [ 80.501058571267137, 8.439522522522523 ] ] ] } },
{ "type": "Feature", "properties": { "grid_id": "grid_29_10", "cell_number": 793, "row": 29, "col": 10, "centroid_lat": 8.4845675675675682, "centroid_lon": 80.546533398754292, "minlat": 8.4395225225225232, "maxlat": 8.5296126126126133, "minlon": 80.501058571267137, "maxlon": 80.592008226241433, "area_km2": 99.708005535766276, "cell_type": "land" }, "geometry": { "type": "Polygon", "coordinates": [ [ [ 80.592008226241433, 8.439522522522523 ], [ 80.592008226241433, 8.529612612612613 ], [ 80.501058571267137, 8.529612612612613 ], [ 80.501058571267137, 8.439522522522523 ], [ 80.592008226241433, 8.439522522522523 ] ] ] } },
{ "type": "Feature", "properties": { "grid_id": "grid_29_11", "cell_number": 794, "row": 29, "col": 11, "centroid_lat": 8.4845675675675682, "centroid_lon": 80.637483053728573, "minlat": 8.4395225225225232, "maxlat": 8.5296126126126133, "minlon": 80.592008226241433, "maxlon": 80.682957881215728, "area_km2": 99.705785986847374, "cell_type": "land" }, "geometry": { "type": "Polygon", "coordinates": [ [ [ 80.682957881215728, 8.439522522522523 ], [ 80.682957881215728, 8.529612612612613 ], [ 80.592008226241433, 8.529612612612613 ], [ 80.592008226241433, 8.439522522522523 ], [ 80.682957881215728, 8.439522522522523 ] ] ] } },
{ "type": "Feature", "properties": { "grid_id": "grid_29_12", "cell_number": 795, "row": 29, "col": 12, "centroid_lat": 8.4845675675675682, "centroid_lon": 80.728432708702854, "minlat": 8.4395225225225232, "maxlat": 8.5296126126126133, "minlon": 80.682957881215714, "maxlon": 80.773907536190009, "area_km2": 99.70406126556297, "cell_type": "land" }, "geometry": { "type": "Polygon", "coordinates": [ [ [ 80.773907536190009, 8.439522522522523 ], [ 80.773907536190009, 8.529612612612613 ], [ 80.682957881215714, 8.529612612612613 ], [ 80.682957881215714, 8.439522522522523 ], [ 80.773907536190009, 8.439522522522523 ] ] ] } },
{ "type": "Feature", "properties": { "grid_id": "grid_29_13", "cell_number": 796, "row": 29, "col": 13, "centroid_lat": 8.4845675675675682, "centroid_lon": 80.819382363677164, "minlat": 8.4395225225225232, "maxlat": 8.5296126126126133, "minlon": 80.773907536190009, "maxlon": 80.864857191164305, "area_km2": 99.702831337997281, "cell_type": "land" }, "geometry": { "type": "Polygon", "coordinates": [ [ [ 80.864857191164305, 8.439522522522523 ], [ 80.864857191164305, 8.529612612612613 ], [ 80.773907536190009, 8.529612612612613 ], [ 80.773907536190009, 8.439522522522523 ], [ 80.864857191164305, 8.439522522522523 ] ] ] } },
{ "type": "Feature", "properties": { "grid_id": "grid_29_14", "cell_number": 797, "row": 29, "col": 14, "centroid_lat": 8.4845675675675682, "centroid_lon": 80.910332018651459, "minlat": 8.4395225225225232, "maxlat": 8.5296126126126133, "minlon": 80.864857191164305, "maxlon": 80.9558068461386, "area_km2": 99.702096179941009, "cell_type": "land" }, "geometry": { "type": "Polygon", "coordinates": [ [ [ 80.9558068461386, 8.439522522522523 ], [ 80.9558068461386, 8.529612612612613 ], [ 80.864857191164305, 8.529612612612613 ], [ 80.864857191164305, 8.439522522522523 ], [ 80.9558068461386, 8.439522522522523 ] ] ] } },
{ "type": "Feature", "properties": { "grid_id": "grid_29_15", "cell_number": 798, "row": 29, "col": 15, "centroid_lat": 8.4845675675675682, "centroid_lon": 81.001281673625741, "minlat": 8.4395225225225232, "maxlat": 8.5296126126126133, "minlon": 80.9558068461386, "maxlon": 81.046756501112895, "area_km2": 99.701855776876883, "cell_type": "land" }, "geometry": { "type": "Polygon", "coordinates": [ [ [ 81.046756501112895, 8.439522522522523 ], [ 81.046756501112895, 8.529612612612613 ], [ 80.9558068461386, 8.529612612612613 ], [ 80.9558068461386, 8.439522522522523 ], [ 81.046756501112895, 8.439522522522523 ] ] ] } },
{ "type": "Feature", "properties": { "grid_id": "grid_29_16", "cell_number": 799, "row": 29, "col": 16, "centroid_lat": 8.4845675675675682, "centroid_lon": 81.09223132860005, "minlat": 8.4395225225225232, "maxlat": 8.5296126126126133, "minlon": 81.046756501112895, "maxlon": 81.137706156087191, "area_km2": 99.702110124113076, "cell_type": "land" }, "geometry": { "type": "Polygon", "coordinates": [ [ [ 81.137706156087191, 8.439522522522523 ], [ 81.137706156087191, 8.529612612612613 ], [ 81.046756501112895, 8.529612612612613 ], [ 81.046756501112895, 8.439522522522523 ], [ 81.137706156087191, 8.439522522522523 ] ] ] } },
{ "type": "Feature", "properties": { "grid_id": "grid_29_17", "cell_number": 800, "row": 29, "col": 17, "centroid_lat": 8.4845675675675682, "centroid_lon": 81.183180983574317, "minlat": 8.4395225225225232, "maxlat": 8.5296126126126133, "minlon": 81.137706156087177, "maxlon": 81.228655811061472, "area_km2": 99.702859226658163, "cell_type": "land" }, "geometry": { "type": "Polygon", "coordinates": [ [ [ 81.228655811061472, 8.439522522522523 ], [ 81.228655811061472, 8.529612612612613 ], [ 81.137706156087177, 8.529612612612613 ], [ 81.137706156087177, 8.439522522522523 ], [ 81.228655811061472, 8.439522522522523 ] ] ] } },
{ "type": "Feature", "properties": { "grid_id": "grid_29_18", "cell_number": 801, "row": 29, "col": 18, "centroid_lat": 8.4845675675675682, "centroid_lon": 81.274130638548613, "minlat": 8.4395225225225232, "maxlat": 8.5296126126126133, "minlon": 81.228655811061472, "maxlon": 81.319605466035767, "area_km2": 99.704103099217363, "cell_type": "land" }, "geometry": { "type": "Polygon", "coordinates": [ [ [ 81.319605466035767, 8.439522522522523 ], [ 81.319605466035767, 8.529612612612613 ], [ 81.228655811061472, 8.529612612612613 ], [ 81.228655811061472, 8.439522522522523 ], [ 81.319605466035767, 8.439522522522523 ] ] ] } },
{ "type": "Feature", "properties": { "grid_id": "grid_29_19", "cell_number": 802, "row": 29, "col": 19, "centroid_lat": 8.4845675675675682, "centroid_lon": 81.365080293522922, "minlat": 8.4395225225225232, "maxlat": 8.5296126126126133, "minlon": 81.319605466035767, "maxlon": 81.410555121010063, "area_km2": 99.70584176632201, "cell_type": "coastal" }, "geometry": { "type": "Polygon", "coordinates": [ [ [ 81.410555121010063, 8.439522522522523 ], [ 81.410555121010063, 8.529612612612613 ], [ 81.319605466035767, 8.529612612612613 ], [ 81.319605466035767, 8.439522522522523 ], [ 81.410555121010063, 8.439522522522523 ] ] ] } },
{ "type": "Feature", "properties": { "grid_id": "grid_29_20", "cell_number": 803, "row": 29, "col": 20, "centroid_lat": 8.4845675675675682, "centroid_lon": 81.456029948497232, "minlat": 8.4395225225225232, "maxlat": 8.5296126126126133, "minlon": 81.410555121010063, "maxlon": 81.501504775984358, "area_km2": 99.708075262199685, "cell_type": "ocean" }, "geometry": { "type": "Polygon", "coordinates": [ [ [ 81.501504775984358, 8.439522522522523 ], [ 81.501504775984358, 8.529612612612613 ], [ 81.410555121010063, 8.529612612612613 ], [ 81.410555121010063, 8.439522522522523 ], [ 81.501504775984358, 8.439522522522523 ] ] ] } },
{ "type": "Feature", "properties": { "grid_id": "grid_29_21", "cell_number": 804, "row": 29, "col": 21, "centroid_lat": 8.4845675675675682, "centroid_lon": 81.546979603471499, "minlat": 8.4395225225225232, "maxlat": 8.5296126126126133, "minlon": 81.501504775984358, "maxlon": 81.592454430958654, "area_km2": 99.710803630783502, "cell_type": "ocean" }, "geometry": { "type": "Polygon", "coordinates": [ [ [ 81.592454430958654, 8.439522522522523 ], [ 81.592454430958654, 8.529612612612613 ], [ 81.501504775984358, 8.529612612612613 ], [ 81.501504775984358, 8.439522522522523 ], [ 81.592454430958654, 8.439522522522523 ] ] ] } },
{ "type": "Feature", "properties": { "grid_id": "grid_29_22", "cell_number": 805, "row": 29, "col": 22, "centroid_lat": 8.4845675675675682, "centroid_lon": 81.63792925844578, "minlat": 8.4395225225225232, "maxlat": 8.5296126126126133, "minlon": 81.592454430958639, "maxlon": 81.683404085932935, "area_km2": 99.714026925832954, "cell_type": "ocean" }, "geometry": { "type": "Polygon", "coordinates": [ [ [ 81.683404085932935, 8.439522522522523 ], [ 81.683404085932935, 8.529612612612613 ], [ 81.592454430958639, 8.529612612612613 ], [ 81.592454430958639, 8.439522522522523 ], [ 81.683404085932935, 8.439522522522523 ] ] ] } },
{ "type": "Feature", "properties": { "grid_id": "grid_29_23", "cell_number": 806, "row": 29, "col": 23, "centroid_lat": 8.4845675675675682, "centroid_lon": 81.72887891342009, "minlat": 8.4395225225225232, "maxlat": 8.5296126126126133, "minlon": 81.683404085932935, "maxlon": 81.77435374090723, "area_km2": 99.717745210812993, "cell_type": "ocean" }, "geometry": { "type": "Polygon", "coordinates": [ [ [ 81.77435374090723, 8.439522522522523 ], [ 81.77435374090723, 8.529612612612613 ], [ 81.683404085932935, 8.529612612612613 ], [ 81.683404085932935, 8.439522522522523 ], [ 81.77435374090723, 8.439522522522523 ] ] ] } },
{ "type": "Feature", "properties": { "grid_id": "grid_29_24", "cell_number": 807, "row": 29, "col": 24, "centroid_lat": 8.4845675675675682, "centroid_lon": 81.819828568394371, "minlat": 8.4395225225225232, "maxlat": 8.5296126126126133, "minlon": 81.77435374090723, "maxlon": 81.865303395881526, "area_km2": 99.721958558896688, "cell_type": "ocean" }, "geometry": { "type": "Polygon", "coordinates": [ [ [ 81.865303395881526, 8.439522522522523 ], [ 81.865303395881526, 8.529612612612613 ], [ 81.77435374090723, 8.529612612612613 ], [ 81.77435374090723, 8.439522522522523 ], [ 81.865303395881526, 8.439522522522523 ] ] ] } },
{ "type": "Feature", "properties": { "grid_id": "grid_29_25", "cell_number": 808, "row": 29, "col": 25, "centroid_lat": 8.4845675675675682, "centroid_lon": 81.910778223368695, "minlat": 8.4395225225225232, "maxlat": 8.5296126126126133, "minlon": 81.865303395881526, "maxlon": 81.956253050855821, "area_km2": 99.726667053093678, "cell_type": "ocean" }, "geometry": { "type": "Polygon", "coordinates": [ [ [ 81.956253050855821, 8.439522522522523 ], [ 81.956253050855821, 8.529612612612613 ], [ 81.865303395881526, 8.529612612612613 ], [ 81.865303395881526, 8.439522522522523 ], [ 81.956253050855821, 8.439522522522523 ] ] ] } },
{ "type": "Feature", "properties": { "grid_id": "grid_29_26", "cell_number": 809, "row": 29, "col": 26, "centroid_lat": 8.4845675675675682, "centroid_lon": 82.001727878342962, "minlat": 8.4395225225225232, "maxlat": 8.5296126126126133, "minlon": 81.956253050855821, "maxlon": 82.047202705830117, "area_km2": 99.731870786129122, "cell_type": "ocean" }, "geometry": { "type": "Polygon", "coordinates": [ [ [ 82.047202705830117, 8.439522522522523 ], [ 82.047202705830117, 8.529612612612613 ], [ 81.956253050855821, 8.529612612612613 ], [ 81.956253050855821, 8.439522522522523 ], [ 82.047202705830117, 8.439522522522523 ] ] ] } },
{ "type": "Feature", "properties": { "grid_id": "grid_30_0", "cell_number": 810, "row": 30, "col": 0, "centroid_lat": 8.5746576576576583, "centroid_lon": 79.637036849011366, "minlat": 8.5296126126126133, "maxlat": 8.6197027027027033, "minlon": 79.591562021524211, "maxlon": 79.682511676498507, "area_km2": 99.73449827006236, "cell_type": "ocean" }, "geometry": { "type": "Polygon", "coordinates": [ [ [ 79.682511676498507, 8.529612612612613 ], [ 79.682511676498507, 8.619702702702703 ], [ 79.591562021524211, 8.619702702702703 ], [ 79.591562021524211, 8.529612612612613 ], [ 79.682511676498507, 8.529612612612613 ] ] ] } },
{ "type": "Feature", "properties": { "grid_id": "grid_30_1", "cell_number": 811, "row": 30, "col": 1, "centroid_lat": 8.5746576576576583, "centroid_lon": 79.727986503985662, "minlat": 8.5296126126126133, "maxlat": 8.6197027027027033, "minlon": 79.682511676498507, "maxlon": 79.773461331472802, "area_km2": 99.727331485788142, "cell_type": "ocean" }, "geometry": { "type": "Polygon", "coordinates": [ [ [ 79.773461331472802, 8.529612612612613 ], [ 79.773461331472802, 8.619702702702703 ], [ 79.682511676498507, 8.619702702702703 ], [ 79.682511676498507, 8.529612612612613 ], [ 79.773461331472802, 8.529612612612613 ] ] ] } },
{ "type": "Feature", "properties": { "grid_id": "grid_30_2", "cell_number": 812, "row": 30, "col": 2, "centroid_lat": 8.5746576576576583, "centroid_lon": 79.818936158959943, "minlat": 8.5296126126126133, "maxlat": 8.6197027027027033, "minlon": 79.773461331472802, "maxlon": 79.864410986447098, "area_km2": 99.720660055311001, "cell_type": "coastal" }, "geometry": { "type": "Polygon", "coordinates": [ [ [ 79.864410986447098, 8.529612612612613 ], [ 79.864410986447098, 8.619702702702703 ], [ 79.773461331472802, 8.619702702702703 ], [ 79.773461331472802, 8.529612612612613 ], [ 79.864410986447098, 8.529612612612613 ] ] ] } },
{ "type": "Feature", "properties": { "grid_id": "grid_30_3", "cell_number": 813, "row": 30, "col": 3, "centroid_lat": 8.5746576576576583, "centroid_lon": 79.909885813934224, "minlat": 8.5296126126126133, "maxlat": 8.6197027027027033, "minlon": 79.864410986447083, "maxlon": 79.955360641421379, "area_km2": 99.714483847262329, "cell_type": "land" }, "geometry": { "type": "Polygon", "coordinates": [ [ [ 79.955360641421379, 8.529612612612613 ], [ 79.955360641421379, 8.619702702702703 ], [ 79.864410986447083, 8.619702702702703 ], [ 79.864410986447083, 8.529612612612613 ], [ 79.955360641421379, 8.529612612612613 ] ] ] } },
{ "type": "Feature", "properties": { "grid_id": "grid_30_4", "cell_number": 814, "row": 30, "col": 4, "centroid_lat": 8.5746576576576583, "centroid_lon": 80.000835468908519, "minlat": 8.5296126126126133, "maxlat": 8.6197027027027033, "minlon": 79.955360641421379, "maxlon": 80.046310296395674, "area_km2": 99.708802740115544, "cell_type": "land" }, "geometry": { "type": "Polygon", "coordinates": [ [ [ 80.046310296395674, 8.529612612612613 ], [ 80.046310296395674, 8.619702702702703 ], [ 79.955360641421379, 8.619702702702703 ], [ 79.955360641421379, 8.529612612612613 ], [ 80.046310296395674, 8.529612612612613 ] ] ] } },
{ "type": "Feature", "properties": { "grid_id": "grid_30_5", "cell_number": 815, "row": 30, "col": 5, "centroid_lat": 8.5746576576576583, "centroid_lon": 80.091785123882829, "minlat": 8.5296126126126133, "maxlat": 8.6197027027027033, "minlon": 80.046310296395674, "maxlon": 80.13725995136997, "area_km2": 99.703616622057268, "cell_type": "land" }, "geometry": { "type": "Polygon", "coordinates": [ [ [ 80.13725995136997, 8.529612612612613 ], [ 80.13725995136997, 8.619702702702703 ], [ 80.046310296395674, 8.619702702702703 ], [ 80.046310296395674, 8.529612612612613 ], [ 80.13725995136997, 8.529612612612613 ] ] ] } },
{ "type": "Feature", "properties": { "grid_id": "grid_30_6", "cell_number": 816, "row": 30, "col": 6, "centroid_lat": 8.5746576576576583, "centroid_lon": 80.18273477885711, "minlat": 8.5296126126126133, "maxlat": 8.6197027027027033, "minlon": 80.13725995136997, "maxlon": 80.228209606344265, "area_km2": 99.69892539097944, "cell_type": "land" }, "geometry": { "type": "Polygon", "coordinates": [ [ [ 80.228209606344265, 8.529612612612613 ], [ 80.228209606344265, 8.619702702702703 ], [ 80.13725995136997, 8.619702702702703 ], [ 80.13725995136997, 8.529612612612613 ], [ 80.228209606344265, 8.529612612612613 ] ] ] } },
{ "type": "Feature", "properties": { "grid_id": "grid_30_7", "cell_number": 817, "row": 30, "col": 7, "centroid_lat": 8.5746576576576583, "centroid_lon": 80.273684433831406, "minlat": 8.5296126126126133, "maxlat": 8.6197027027027033, "minlon": 80.228209606344265, "maxlon": 80.319159261318561, "area_km2": 99.694728954609573, "cell_type": "land" }, "geometry": { "type": "Polygon", "coordinates": [ [ [ 80.319159261318561, 8.529612612612613 ], [ 80.319159261318561, 8.619702702702703 ], [ 80.228209606344265, 8.619702702702703 ], [ 80.228209606344265, 8.529612612612613 ], [ 80.319159261318561, 8.529612612612613 ] ] ] } },
{ "type": "Feature", "properties": { "grid_id": "grid_30_8", "cell_number": 818, "row": 30, "col": 8, "centroid_lat": 8.5746576576576583, "centroid_lon": 80.364634088805687, "minlat": 8.5296126126126133, "maxlat": 8.6197027027027033, "minlon": 80.319159261318546, "maxlon": 80.410108916292842, "area_km2": 99.691027230375823, "cell_type": "land" }, "geometry": { "type": "Polygon", "coordinates": [ [ [ 80.410108916292842, 8.529612612612613 ], [ 80.410108916292842, 8.619702702702703 ], [ 80.319159261318546, 8.619702702702703 ], [ 80.319159261318546, 8.529612612612613 ], [ 80.410108916292842, 8.529612612612613 ] ] ] } },
{ "type": "Feature", "properties": { "grid_id": "grid_30_9", "cell_number": 819, "row": 30, "col": 9, "centroid_lat": 8.5746576576576583, "centroid_lon": 80.455583743779982, "minlat": 8.5296126126126133, "maxlat": 8.6197027027027033, "minlon": 80.410108916292842, "maxlon": 80.501058571267137, "area_km2": 99.687820145395662, "cell_type": "land" }, "geometry": { "type": "Polygon", "coordinates": [ [ [ 80.501058571267137, 8.529612612612613 ], [ 80.501058571267137, 8.619702702702703 ], [ 80.410108916292842, 8.619702702702703 ], [ 80.410108916292842, 8.529612612612613 ], [ 80.501058571267137, 8.529612612612613 ] ] ] } },
{ "type": "Feature", "properties": { "grid_id": "grid_30_10", "cell_number": 820, "row": 30, "col": 10, "centroid_lat": 8.5746576576576583, "centroid_lon": 80.546533398754292, "minlat": 8.5296126126126133, "maxlat": 8.6197027027027033, "minlon": 80.501058571267137, "maxlon": 80.592008226241433, "area_km2": 99.685107636613495, "cell_type": "land" }, "geometry": { "type": "Polygon", "coordinates": [ [ [ 80.592008226241433, 8.529612612612613 ], [ 80.592008226241433, 8.619702702702703 ], [ 80.501058571267137, 8.619702702702703 ], [ 80.501058571267137, 8.529612612612613 ], [ 80.592008226241433, 8.529612612612613 ] ] ] } },
{ "type": "Feature", "properties": { "grid_id": "grid_30_11", "cell_number": 821, "row": 30, "col": 11, "centroid_lat": 8.5746576576576583, "centroid_lon": 80.637483053728573, "minlat": 8.5296126126126133, "maxlat": 8.6197027027027033, "minlon": 80.592008226241433, "maxlon": 80.682957881215728, "area_km2": 99.682889650661522, "cell_type": "land" }, "geometry": { "type": "Polygon", "coordinates": [ [ [ 80.682957881215728, 8.529612612612613 ], [ 80.682957881215728, 8.619702702702703 ], [ 80.592008226241433, 8.619702702702703 ], [ 80.592008226241433, 8.529612612612613 ], [ 80.682957881215728, 8.529612612612613 ] ] ] } },
{ "type": "Feature", "properties": { "grid_id": "grid_30_12", "cell_number": 822, "row": 30, "col": 12, "centroid_lat": 8.5746576576576583, "centroid_lon": 80.728432708702854, "minlat": 8.5296126126126133, "maxlat": 8.6197027027027033, "minlon": 80.682957881215714, "maxlon": 80.773907536190009, "area_km2": 99.681166143859357, "cell_type": "land" }, "geometry": { "type": "Polygon", "coordinates": [ [ [ 80.773907536190009, 8.529612612612613 ], [ 80.773907536190009, 8.619702702702703 ], [ 80.682957881215714, 8.619702702702703 ], [ 80.682957881215714, 8.529612612612613 ], [ 80.773907536190009, 8.529612612612613 ] ] ] } },
{ "type": "Feature", "properties": { "grid_id": "grid_30_13", "cell_number": 823, "row": 30, "col": 13, "centroid_lat": 8.5746576576576583, "centroid_lon": 80.819382363677164, "minlat": 8.5296126126126133, "maxlat": 8.6197027027027033, "minlon": 80.773907536190009, "maxlon": 80.864857191164305, "area_km2": 99.679937082346768, "cell_type": "land" }, "geometry": { "type": "Polygon", "coordinates": [ [ [ 80.864857191164305, 8.529612612612613 ], [ 80.864857191164305, 8.619702702702703 ], [ 80.773907536190009, 8.619702702702703 ], [ 80.773907536190009, 8.529612612612613 ], [ 80.864857191164305, 8.529612612612613 ] ] ] } },
{ "type": "Feature", "properties": { "grid_id": "grid_30_14", "cell_number": 824, "row": 30, "col": 14, "centroid_lat": 8.5746576576576583, "centroid_lon": 80.910332018651459, "minlat": 8.5296126126126133, "maxlat": 8.6197027027027033, "minlon": 80.864857191164305, "maxlon": 80.9558068461386, "area_km2": 99.679202441943445, "cell_type": "land" }, "geometry": { "type": "Polygon", "coordinates": [ [ [ 80.9558068461386, 8.529612612612613 ], [ 80.9558068461386, 8.619702702702703 ], [ 80.864857191164305, 8.619702702702703 ], [ 80.864857191164305, 8.529612612612613 ], [ 80.9558068461386, 8.529612612612613 ] ] ] } },
{ "type": "Feature", "properties": { "grid_id": "grid_30_15", "cell_number": 825, "row": 30, "col": 15, "centroid_lat": 8.5746576576576583, "centroid_lon": 81.001281673625741, "minlat": 8.5296126126126133, "maxlat": 8.6197027027027033, "minlon": 80.9558068461386, "maxlon": 81.046756501112895, "area_km2": 99.678962208153848, "cell_type": "land" }, "geometry": { "type": "Polygon", "coordinates": [ [ [ 81.046756501112895, 8.529612612612613 ], [ 81.046756501112895, 8.619702702702703 ], [ 80.9558068461386, 8.619702702702703 ], [ 80.9558068461386, 8.529612612612613 ], [ 81.046756501112895, 8.529612612612613 ] ] ] } },
{ "type": "Feature", "properties": { "grid_id": "grid_30_16", "cell_number": 826, "row": 30, "col": 16, "centroid_lat": 8.5746576576576583, "centroid_lon": 81.09223132860005, "minlat": 8.5296126126126133, "maxlat": 8.6197027027027033, "minlon": 81.046756501112895, "maxlon": 81.137706156087191, "area_km2": 99.679216376295216, "cell_type": "land" }, "geometry": { "type": "Polygon", "coordinates": [ [ [ 81.137706156087191, 8.529612612612613 ], [ 81.137706156087191, 8.619702702702703 ], [ 81.046756501112895, 8.619702702702703 ], [ 81.046756501112895, 8.529612612612613 ], [ 81.137706156087191, 8.529612612612613 ] ] ] } },
{ "type": "Feature", "properties": { "grid_id": "grid_30_17", "cell_number": 827, "row": 30, "col": 17, "centroid_lat": 8.5746576576576583, "centroid_lon": 81.183180983574317, "minlat": 8.5296126126126133, "maxlat": 8.6197027027027033, "minlon": 81.137706156087177, "maxlon": 81.228655811061472, "area_km2": 99.679964951368248, "cell_type": "land" }, "geometry": { "type": "Polygon", "coordinates": [ [ [ 81.228655811061472, 8.529612612612613 ], [ 81.228655811061472, 8.619702702702703 ], [ 81.137706156087177, 8.619702702702703 ], [ 81.137706156087177, 8.529612612612613 ], [ 81.228655811061472, 8.529612612612613 ] ] ] } },
{ "type": "Feature", "properties": { "grid_id": "grid_30_18", "cell_number": 828, "row": 30, "col": 18, "centroid_lat": 8.5746576576576583, "centroid_lon": 81.274130638548613, "minlat": 8.5296126126126133, "maxlat": 8.6197027027027033, "minlon": 81.228655811061472, "maxlon": 81.319605466035767, "area_km2": 99.681207948055444, "cell_type": "coastal" }, "geometry": { "type": "Polygon", "coordinates": [ [ [ 81.319605466035767, 8.529612612612613 ], [ 81.319605466035767, 8.619702702702703 ], [ 81.228655811061472, 8.619702702702703 ], [ 81.228655811061472, 8.529612612612613 ], [ 81.319605466035767, 8.529612612612613 ] ] ] } },
{ "type": "Feature", "properties": { "grid_id": "grid_30_19", "cell_number": 829, "row": 30, "col": 19, "centroid_lat": 8.5746576576576583, "centroid_lon": 81.365080293522922, "minlat": 8.5296126126126133, "maxlat": 8.6197027027027033, "minlon": 81.319605466035767, "maxlon": 81.410555121010063, "area_km2": 99.68294539085511, "cell_type": "coastal" }, "geometry": { "type": "Polygon", "coordinates": [ [ [ 81.410555121010063, 8.529612612612613 ], [ 81.410555121010063, 8.619702702702703 ], [ 81.319605466035767, 8.619702702702703 ], [ 81.319605466035767, 8.529612612612613 ], [ 81.410555121010063, 8.529612612612613 ] ] ] } },
{ "type": "Feature", "properties": { "grid_id": "grid_30_20", "cell_number": 830, "row": 30, "col": 20, "centroid_lat": 8.5746576576576583, "centroid_lon": 81.456029948497232, "minlat": 8.5296126126126133, "maxlat": 8.6197027027027033, "minlon": 81.410555121010063, "maxlon": 81.501504775984358, "area_km2": 99.685177313944592, "cell_type": "ocean" }, "geometry": { "type": "Polygon", "coordinates": [ [ [ 81.501504775984358, 8.529612612612613 ], [ 81.501504775984358, 8.619702702702703 ], [ 81.410555121010063, 8.619702702702703 ], [ 81.410555121010063, 8.529612612612613 ], [ 81.501504775984358, 8.529612612612613 ] ] ] } },
{ "type": "Feature", "properties": { "grid_id": "grid_30_21", "cell_number": 831, "row": 30, "col": 21, "centroid_lat": 8.5746576576576583, "centroid_lon": 81.546979603471499, "minlat": 8.5296126126126133, "maxlat": 8.6197027027027033, "minlon": 81.501504775984358, "maxlon": 81.592454430958654, "area_km2": 99.68790376119361, "cell_type": "ocean" }, "geometry": { "type": "Polygon", "coordinates": [ [ [ 81.592454430958654, 8.529612612612613 ], [ 81.592454430958654, 8.619702702702703 ], [ 81.501504775984358, 8.619702702702703 ], [ 81.501504775984358, 8.529612612612613 ], [ 81.592454430958654, 8.529612612612613 ] ] ] } },
{ "type": "Feature", "properties": { "grid_id": "grid_30_22", "cell_number": 832, "row": 30, "col": 22, "centroid_lat": 8.5746576576576583, "centroid_lon": 81.63792925844578, "minlat": 8.5296126126126133, "maxlat": 8.6197027027027033, "minlon": 81.592454430958639, "maxlon": 81.683404085932935, "area_km2": 99.691124786284206, "cell_type": "ocean" }, "geometry": { "type": "Polygon", "coordinates": [ [ [ 81.683404085932935, 8.529612612612613 ], [ 81.683404085932935, 8.619702702702703 ], [ 81.592454430958639, 8.619702702702703 ], [ 81.592454430958639, 8.529612612612613 ], [ 81.683404085932935, 8.529612612612613 ] ] ] } },
{ "type": "Feature", "properties": { "grid_id": "grid_30_23", "cell_number": 833, "row": 30, "col": 23, "centroid_lat": 8.5746576576576583, "centroid_lon": 81.72887891342009, "minlat": 8.5296126126126133, "maxlat": 8.6197027027027033, "minlon": 81.683404085932935, "maxlon": 81.77435374090723, "area_km2": 99.694840452590441, "cell_type": "ocean" }, "geometry": { "type": "Polygon", "coordinates": [ [ [ 81.77435374090723, 8.529612612612613 ], [ 81.77435374090723, 8.619702702702703 ], [ 81.683404085932935, 8.619702702702703 ], [ 81.683404085932935, 8.529612612612613 ], [ 81.77435374090723, 8.529612612612613 ] ] ] } },
{ "type": "Feature", "properties": { "grid_id": "grid_30_24", "cell_number": 834, "row": 30, "col": 24, "centroid_lat": 8.5746576576576583, "centroid_lon": 81.819828568394371, "minlat": 8.5296126126126133, "maxlat": 8.6197027027027033, "minlon": 81.77435374090723, "maxlon": 81.865303395881526, "area_km2": 99.699050833182213, "cell_type": "ocean" }, "geometry": { "type": "Polygon", "coordinates": [ [ [ 81.865303395881526, 8.529612612612613 ], [ 81.865303395881526, 8.619702702702703 ], [ 81.77435374090723, 8.619702702702703 ], [ 81.77435374090723, 8.529612612612613 ], [ 81.865303395881526, 8.529612612612613 ] ] ] } },
{ "type": "Feature", "properties": { "grid_id": "grid_30_25", "cell_number": 835, "row": 30, "col": 25, "centroid_lat": 8.5746576576576583, "centroid_lon": 81.910778223368695, "minlat": 8.5296126126126133, "maxlat": 8.6197027027027033, "minlon": 81.865303395881526, "maxlon": 81.956253050855821, "area_km2": 99.703756010951338, "cell_type": "ocean" }, "geometry": { "type": "Polygon", "coordinates": [ [ [ 81.956253050855821, 8.529612612612613 ], [ 81.956253050855821, 8.619702702702703 ], [ 81.865303395881526, 8.619702702702703 ], [ 81.865303395881526, 8.529612612612613 ], [ 81.956253050855821, 8.529612612612613 ] ] ] } },
{ "type": "Feature", "properties": { "grid_id": "grid_30_26", "cell_number": 836, "row": 30, "col": 26, "centroid_lat": 8.5746576576576583, "centroid_lon": 82.001727878342962, "minlat": 8.5296126126126133, "maxlat": 8.6197027027027033, "minlon": 81.956253050855821, "maxlon": 82.047202705830117, "area_km2": 99.708956078488882, "cell_type": "ocean" }, "geometry": { "type": "Polygon", "coordinates": [ [ [ 82.047202705830117, 8.529612612612613 ], [ 82.047202705830117, 8.619702702702703 ], [ 81.956253050855821, 8.619702702702703 ], [ 81.956253050855821, 8.529612612612613 ], [ 82.047202705830117, 8.529612612612613 ] ] ] } },
{ "type": "Feature", "properties": { "grid_id": "grid_31_0", "cell_number": 837, "row": 31, "col": 0, "centroid_lat": 8.6647477477477466, "centroid_lon": 79.637036849011366, "minlat": 8.6197027027027033, "maxlat": 8.7097927927927934, "minlon": 79.591562021524211, "maxlon": 79.682511676498507, "area_km2": 99.711324740250433, "cell_type": "ocean" }, "geometry": { "type": "Polygon", "coordinates": [ [ [ 79.682511676498507, 8.619702702702703 ], [ 79.682511676498507, 8.709792792792793 ], [ 79.591562021524211, 8.709792792792793 ], [ 79.591562021524211, 8.619702702702703 ], [ 79.682511676498507, 8.619702702702703 ] ] ] } },
{ "type": "Feature", "properties": { "grid_id": "grid_31_1", "cell_number": 838, "row": 31, "col": 1, "centroid_lat": 8.6647477477477466, "centroid_lon": 79.727986503985662, "minlat": 8.6197027027027033, "maxlat": 8.7097927927927934, "minlon": 79.682511676498507, "maxlon": 79.773461331472802, "area_km2": 99.704163060077406, "cell_type": "ocean" }, "geometry": { "type": "Polygon", "coordinates": [ [ [ 79.773461331472802, 8.619702702702703 ], [ 79.773461331472802, 8.709792792792793 ], [ 79.682511676498507, 8.709792792792793 ], [ 79.682511676498507, 8.619702702702703 ], [ 79.773461331472802, 8.619702702702703 ] ] ] } },
{ "type": "Feature", "properties": { "grid_id": "grid_31_2", "cell_number": 839, "row": 31, "col": 2, "centroid_lat": 8.6647477477477466, "centroid_lon": 79.818936158959943, "minlat": 8.6197027027027033, "maxlat": 8.7097927927927934, "minlon": 79.773461331472802, "maxlon": 79.864410986447098, "area_km2": 99.697496380469204, "cell_type": "coastal" }, "geometry": { "type": "Polygon", "coordinates": [ [ [ 79.864410986447098, 8.619702702702703 ], [ 79.864410986447098, 8.709792792792793 ], [ 79.773461331472802, 8.709792792792793 ], [ 79.773461331472802, 8.619702702702703 ], [ 79.864410986447098, 8.619702702702703 ] ] ] } },
{ "type": "Feature", "properties": { "grid_id": "grid_31_3", "cell_number": 840, "row": 31, "col": 3, "centroid_lat": 8.6647477477477466, "centroid_lon": 79.909885813934224, "minlat": 8.6197027027027033, "maxlat": 8.7097927927927934, "minlon": 79.864410986447083, "maxlon": 79.955360641421379, "area_km2": 99.691324570241477, "cell_type": "land" }, "geometry": { "type": "Polygon", "coordinates": [ [ [ 79.955360641421379, 8.619702702702703 ], [ 79.955360641421379, 8.709792792792793 ], [ 79.864410986447083, 8.709792792792793 ], [ 79.864410986447083, 8.619702702702703 ], [ 79.955360641421379, 8.619702702702703 ] ] ] } },
{ "type": "Feature", "properties": { "grid_id": "grid_31_4", "cell_number": 841, "row": 31, "col": 4, "centroid_lat": 8.6647477477477466, "centroid_lon": 80.000835468908519, "minlat": 8.6197027027027033, "maxlat": 8.7097927927927934, "minlon": 79.955360641421379, "maxlon": 80.046310296395674, "area_km2": 99.685647508044866, "cell_type": "land" }, "geometry": { "type": "Polygon", "coordinates": [ [ [ 80.046310296395674, 8.619702702702703 ], [ 80.046310296395674, 8.709792792792793 ], [ 79.955360641421379, 8.709792792792793 ], [ 79.955360641421379, 8.619702702702703 ], [ 80.046310296395674, 8.619702702702703 ] ] ] } },
{ "type": "Feature", "properties": { "grid_id": "grid_31_5", "cell_number": 842, "row": 31, "col": 5, "centroid_lat": 8.6647477477477466, "centroid_lon": 80.091785123882829, "minlat": 8.6197027027027033, "maxlat": 8.7097927927927934, "minlon": 80.046310296395674, "maxlon": 80.13725995136997, "area_km2": 99.680465082229148, "cell_type": "land" }, "geometry": { "type": "Polygon", "coordinates": [ [ [ 80.13725995136997, 8.619702702702703 ], [ 80.13725995136997, 8.709792792792793 ], [ 80.046310296395674, 8.709792792792793 ], [ 80.046310296395674, 8.619702702702703 ], [ 80.13725995136997, 8.619702702702703 ] ] ] } },
{ "type": "Feature", "properties": { "grid_id": "grid_31_6", "cell_number": 843, "row": 31, "col": 6, "centroid_lat": 8.6647477477477466, "centroid_lon": 80.18273477885711, "minlat": 8.6197027027027033, "maxlat": 8.7097927927927934, "minlon": 80.13725995136997, "maxlon": 80.228209606344265, "area_km2": 99.675777190840151, "cell_type": "land" }, "geometry": { "type": "Polygon", "coordinates": [ [ [ 80.228209606344265, 8.619702702702703 ], [ 80.228209606344265, 8.709792792792793 ], [ 80.13725995136997, 8.709792792792793 ], [ 80.13725995136997, 8.619702702702703 ], [ 80.228209606344265, 8.619702702702703 ] ] ] } },
{ "type": "Feature", "properties": { "grid_id": "grid_31_7", "cell_number": 844, "row": 31, "col": 7, "centroid_lat": 8.6647477477477466, "centroid_lon": 80.273684433831406, "minlat": 8.6197027027027033, "maxlat": 8.7097927927927934, "minlon": 80.228209606344265, "maxlon": 80.319159261318561, "area_km2": 99.671583741734111, "cell_type": "land" }, "geometry": { "type": "Polygon", "coordinates": [ [ [ 80.319159261318561, 8.619702702702703 ], [ 80.319159261318561, 8.709792792792793 ], [ 80.228209606344265, 8.709792792792793 ], [ 80.228209606344265, 8.619702702702703 ], [ 80.319159261318561, 8.619702702702703 ] ] ] } },
{ "type": "Feature", "properties": { "grid_id": "grid_31_8", "cell_number": 845, "row": 31, "col": 8, "centroid_lat": 8.6647477477477466, "centroid_lon": 80.364634088805687, "minlat": 8.6197027027027033, "maxlat": 8.7097927927927934, "minlon": 80.319159261318546, "maxlon": 80.410108916292842, "area_km2": 99.667884652450255, "cell_type": "land" }, "geometry": { "type": "Polygon", "coordinates": [ [ [ 80.410108916292842, 8.619702702702703 ], [ 80.410108916292842, 8.709792792792793 ], [ 80.319159261318546, 8.709792792792793 ], [ 80.319159261318546, 8.619702702702703 ], [ 80.410108916292842, 8.619702702702703 ] ] ] } },
{ "type": "Feature", "properties": { "grid_id": "grid_31_9", "cell_number": 846, "row": 31, "col": 9, "centroid_lat": 8.6647477477477466, "centroid_lon": 80.455583743779982, "minlat": 8.6197027027027033, "maxlat": 8.7097927927927934, "minlon": 80.410108916292842, "maxlon": 80.501058571267137, "area_km2": 99.664679850222157, "cell_type": "land" }, "geometry": { "type": "Polygon", "coordinates": [ [ [ 80.501058571267137, 8.619702702702703 ], [ 80.501058571267137, 8.709792792792793 ], [ 80.410108916292842, 8.709792792792793 ], [ 80.410108916292842, 8.619702702702703 ], [ 80.501058571267137, 8.619702702702703 ] ] ] } },
{ "type": "Feature", "properties": { "grid_id": "grid_31_10", "cell_number": 847, "row": 31, "col": 10, "centroid_lat": 8.6647477477477466, "centroid_lon": 80.546533398754292, "minlat": 8.6197027027027033, "maxlat": 8.7097927927927934, "minlon": 80.501058571267137, "maxlon": 80.592008226241433, "area_km2": 99.661969272083013, "cell_type": "land" }, "geometry": { "type": "Polygon", "coordinates": [ [ [ 80.592008226241433, 8.619702702702703 ], [ 80.592008226241433, 8.709792792792793 ], [ 80.501058571267137, 8.709792792792793 ], [ 80.501058571267137, 8.619702702702703 ], [ 80.592008226241433, 8.619702702702703 ] ] ] } },
{ "type": "Feature", "properties": { "grid_id": "grid_31_11", "cell_number": 848, "row": 31, "col": 11, "centroid_lat": 8.6647477477477466, "centroid_lon": 80.637483053728573, "minlat": 8.6197027027027033, "maxlat": 8.7097927927927934, "minlon": 80.592008226241433, "maxlon": 80.682957881215728, "area_km2": 99.659752864740113, "cell_type": "land" }, "geometry": { "type": "Polygon", "coordinates": [ [ [ 80.682957881215728, 8.619702702702703 ], [ 80.682957881215728, 8.709792792792793 ], [ 80.592008226241433, 8.709792792792793 ], [ 80.592008226241433, 8.619702702702703 ], [ 80.682957881215728, 8.619702702702703 ] ] ] } },
{ "type": "Feature", "properties": { "grid_id": "grid_31_12", "cell_number": 849, "row": 31, "col": 12, "centroid_lat": 8.6647477477477466, "centroid_lon": 80.728432708702854, "minlat": 8.6197027027027033, "maxlat": 8.7097927927927934, "minlon": 80.682957881215714, "maxlon": 80.773907536190009, "area_km2": 99.658030584582249, "cell_type": "land" }, "geometry": { "type": "Polygon", "coordinates": [ [ [ 80.773907536190009, 8.619702702702703 ], [ 80.773907536190009, 8.709792792792793 ], [ 80.682957881215714, 8.709792792792793 ], [ 80.682957881215714, 8.619702702702703 ], [ 80.773907536190009, 8.619702702702703 ] ] ] } },
{ "type": "Feature", "properties": { "grid_id": "grid_31_13", "cell_number": 850, "row": 31, "col": 13, "centroid_lat": 8.6647477477477466, "centroid_lon": 80.819382363677164, "minlat": 8.6197027027027033, "maxlat": 8.7097927927927934, "minlon": 80.773907536190009, "maxlon": 80.864857191164305, "area_km2": 99.65680239779013, "cell_type": "land" }, "geometry": { "type": "Polygon", "coordinates": [ [ [ 80.864857191164305, 8.619702702702703 ], [ 80.864857191164305, 8.709792792792793 ], [ 80.773907536190009, 8.709792792792793 ], [ 80.773907536190009, 8.619702702702703 ], [ 80.864857191164305, 8.619702702702703 ] ] ] } },
{ "type": "Feature", "properties": { "grid_id": "grid_31_14", "cell_number": 851, "row": 31, "col": 14, "centroid_lat": 8.6647477477477466, "centroid_lon": 80.910332018651459, "minlat": 8.6197027027027033, "maxlat": 8.7097927927927934, "minlon": 80.864857191164305, "maxlon": 80.9558068461386, "area_km2": 99.656068280222001, "cell_type": "land" }, "geometry": { "type": "Polygon", "coordinates": [ [ [ 80.9558068461386, 8.619702702702703 ], [ 80.9558068461386, 8.709792792792793 ], [ 80.864857191164305, 8.709792792792793 ], [ 80.864857191164305, 8.619702702702703 ], [ 80.9558068461386, 8.619702702702703 ] ] ] } },
{ "type": "Feature", "properties": { "grid_id": "grid_31_15", "cell_number": 852, "row": 31, "col": 15, "centroid_lat": 8.6647477477477466, "centroid_lon": 81.001281673625741, "minlat": 8.6197027027027033, "maxlat": 8.7097927927927934, "minlon": 80.9558068461386, "maxlon": 81.046756501112895, "area_km2": 99.655828217403638, "cell_type": "land" }, "geometry": { "type": "Polygon", "coordinates": [ [ [ 81.046756501112895, 8.619702702702703 ], [ 81.046756501112895, 8.709792792792793 ], [ 80.9558068461386, 8.709792792792793 ], [ 80.9558068461386, 8.619702702702703 ], [ 81.046756501112895, 8.619702702702703 ] ] ] } },
{ "type": "Feature", "properties": { "grid_id": "grid_31_16", "cell_number": 853, "row": 31, "col": 16, "centroid_lat": 8.6647477477477466, "centroid_lon": 81.09223132860005, "minlat": 8.6197027027027033, "maxlat": 8.7097927927927934, "minlon": 81.046756501112895, "maxlon": 81.137706156087191, "area_km2": 99.656082204657309, "cell_type": "land" }, "geometry": { "type": "Polygon", "coordinates": [ [ [ 81.137706156087191, 8.619702702702703 ], [ 81.137706156087191, 8.709792792792793 ], [ 81.046756501112895, 8.709792792792793 ], [ 81.046756501112895, 8.619702702702703 ], [ 81.137706156087191, 8.619702702702703 ] ] ] } },
{ "type": "Feature", "properties": { "grid_id": "grid_31_17", "cell_number": 854, "row": 31, "col": 17, "centroid_lat": 8.6647477477477466, "centroid_lon": 81.183180983574317, "minlat": 8.6197027027027033, "maxlat": 8.7097927927927934, "minlon": 81.137706156087177, "maxlon": 81.228655811061472, "area_km2": 99.656830246977378, "cell_type": "coastal" }, "geometry": { "type": "Polygon", "coordinates": [ [ [ 81.228655811061472, 8.619702702702703 ], [ 81.228655811061472, 8.709792792792793 ], [ 81.137706156087177, 8.709792792792793 ], [ 81.137706156087177, 8.619702702702703 ], [ 81.228655811061472, 8.619702702702703 ] ] ] } },
{ "type": "Feature", "properties": { "grid_id": "grid_31_18", "cell_number": 855, "row": 31, "col": 18, "centroid_lat": 8.6647477477477466, "centroid_lon": 81.274130638548613, "minlat": 8.6197027027027033, "maxlat": 8.7097927927927934, "minlon": 81.228655811061472, "maxlon": 81.319605466035767, "area_km2": 99.65807235902588, "cell_type": "coastal" }, "geometry": { "type": "Polygon", "coordinates": [ [ [ 81.319605466035767, 8.619702702702703 ], [ 81.319605466035767, 8.709792792792793 ], [ 81.228655811061472, 8.709792792792793 ], [ 81.228655811061472, 8.619702702702703 ], [ 81.319605466035767, 8.619702702702703 ] ] ] } },
{ "type": "Feature", "properties": { "grid_id": "grid_31_19", "cell_number": 856, "row": 31, "col": 19, "centroid_lat": 8.6647477477477466, "centroid_lon": 81.365080293522922, "minlat": 8.6197027027027033, "maxlat": 8.7097927927927934, "minlon": 81.319605466035767, "maxlon": 81.410555121010063, "area_km2": 99.659808565264711, "cell_type": "ocean" }, "geometry": { "type": "Polygon", "coordinates": [ [ [ 81.410555121010063, 8.619702702702703 ], [ 81.410555121010063, 8.709792792792793 ], [ 81.319605466035767, 8.709792792792793 ], [ 81.319605466035767, 8.619702702702703 ], [ 81.410555121010063, 8.619702702702703 ] ] ] } },
{ "type": "Feature", "properties": { "grid_id": "grid_31_20", "cell_number": 857, "row": 31, "col": 20, "centroid_lat": 8.6647477477477466, "centroid_lon": 81.456029948497232, "minlat": 8.6197027027027033, "maxlat": 8.7097927927927934, "minlon": 81.410555121010063, "maxlon": 81.501504775984358, "area_km2": 99.662038899823102, "cell_type": "ocean" }, "geometry": { "type": "Polygon", "coordinates": [ [ [ 81.501504775984358, 8.619702702702703 ], [ 81.501504775984358, 8.709792792792793 ], [ 81.410555121010063, 8.709792792792793 ], [ 81.410555121010063, 8.619702702702703 ], [ 81.501504775984358, 8.619702702702703 ] ] ] } },
{ "type": "Feature", "properties": { "grid_id": "grid_31_21", "cell_number": 858, "row": 31, "col": 21, "centroid_lat": 8.6647477477477466, "centroid_lon": 81.546979603471499, "minlat": 8.6197027027027033, "maxlat": 8.7097927927927934, "minlon": 81.501504775984358, "maxlon": 81.592454430958654, "area_km2": 99.664763406505102, "cell_type": "ocean" }, "geometry": { "type": "Polygon", "coordinates": [ [ [ 81.592454430958654, 8.619702702702703 ], [ 81.592454430958654, 8.709792792792793 ], [ 81.501504775984358, 8.709792792792793 ], [ 81.501504775984358, 8.619702702702703 ], [ 81.592454430958654, 8.619702702702703 ] ] ] } },
{ "type": "Feature", "properties": { "grid_id": "grid_31_22", "cell_number": 859, "row": 31, "col": 22, "centroid_lat": 8.6647477477477466, "centroid_lon": 81.63792925844578, "minlat": 8.6197027027027033, "maxlat": 8.7097927927927934, "minlon": 81.592454430958639, "maxlon": 81.683404085932935, "area_km2": 99.667982138918433, "cell_type": "ocean" }, "geometry": { "type": "Polygon", "coordinates": [ [ [ 81.683404085932935, 8.619702702702703 ], [ 81.683404085932935, 8.709792792792793 ], [ 81.592454430958639, 8.709792792792793 ], [ 81.592454430958639, 8.619702702702703 ], [ 81.683404085932935, 8.619702702702703 ] ] ] } },
{ "type": "Feature", "properties": { "grid_id": "grid_31_23", "cell_number": 860, "row": 31, "col": 23, "centroid_lat": 8.6647477477477466, "centroid_lon": 81.72887891342009, "minlat": 8.6197027027027033, "maxlat": 8.7097927927927934, "minlon": 81.683404085932935, "maxlon": 81.77435374090723, "area_km2": 99.67169516034113, "cell_type": "ocean" }, "geometry": { "type": "Polygon", "coordinates": [ [ [ 81.77435374090723, 8.619702702702703 ], [ 81.77435374090723, 8.709792792792793 ], [ 81.683404085932935, 8.709792792792793 ], [ 81.683404085932935, 8.619702702702703 ], [ 81.77435374090723, 8.619702702702703 ] ] ] } },
{ "type": "Feature", "properties": { "grid_id": "grid_31_24", "cell_number": 861, "row": 31, "col": 24, "centroid_lat": 8.6647477477477466, "centroid_lon": 81.819828568394371, "minlat": 8.6197027027027033, "maxlat": 8.7097927927927934, "minlon": 81.77435374090723, "maxlon": 81.865303395881526, "area_km2": 99.675902543742453, "cell_type": "ocean" }, "geometry": { "type": "Polygon", "coordinates": [ [ [ 81.865303395881526, 8.619702702702703 ], [ 81.865303395881526, 8.709792792792793 ], [ 81.77435374090723, 8.709792792792793 ], [ 81.77435374090723, 8.619702702702703 ], [ 81.865303395881526, 8.619702702702703 ] ] ] } },
{ "type": "Feature", "properties": { "grid_id": "grid_31_25", "cell_number": 862, "row": 31, "col": 25, "centroid_lat": 8.6647477477477466, "centroid_lon": 81.910778223368695, "minlat": 8.6197027027027033, "maxlat": 8.7097927927927934, "minlon": 81.865303395881526, "maxlon": 81.956253050855821, "area_km2": 99.680604371891334, "cell_type": "ocean" }, "geometry": { "type": "Polygon", "coordinates": [ [ [ 81.956253050855821, 8.619702702702703 ], [ 81.956253050855821, 8.709792792792793 ], [ 81.865303395881526, 8.709792792792793 ], [ 81.865303395881526, 8.619702702702703 ], [ 81.956253050855821, 8.619702702702703 ] ] ] } },
{ "type": "Feature", "properties": { "grid_id": "grid_31_26", "cell_number": 863, "row": 31, "col": 26, "centroid_lat": 8.6647477477477466, "centroid_lon": 82.001727878342962, "minlat": 8.6197027027027033, "maxlat": 8.7097927927927934, "minlon": 81.956253050855821, "maxlon": 82.047202705830117, "area_km2": 99.68580073724317, "cell_type": "ocean" }, "geometry": { "type": "Polygon", "coordinates": [ [ [ 82.047202705830117, 8.619702702702703 ], [ 82.047202705830117, 8.709792792792793 ], [ 81.956253050855821, 8.709792792792793 ], [ 81.956253050855821, 8.619702702702703 ], [ 82.047202705830117, 8.619702702702703 ] ] ] } },
{ "type": "Feature", "properties": { "grid_id": "grid_32_0", "cell_number": 864, "row": 32, "col": 0, "centroid_lat": 8.7548378378378384, "centroid_lon": 79.637036849011366, "minlat": 8.7097927927927934, "maxlat": 8.7998828828828835, "minlon": 79.591562021524211, "maxlon": 79.682511676498507, "area_km2": 99.687910440913697, "cell_type": "ocean" }, "geometry": { "type": "Polygon", "coordinates": [ [ [ 79.682511676498507, 8.709792792792793 ], [ 79.682511676498507, 8.799882882882883 ], [ 79.591562021524211, 8.799882882882883 ], [ 79.591562021524211, 8.709792792792793 ], [ 79.682511676498507, 8.709792792792793 ] ] ] } },
{ "type": "Feature", "properties": { "grid_id": "grid_32_1", "cell_number": 865, "row": 32, "col": 1, "centroid_lat": 8.7548378378378384, "centroid_lon": 79.727986503985662, "minlat": 8.7097927927927934, "maxlat": 8.7998828828828835, "minlon": 79.682511676498507, "maxlon": 79.773461331472802, "area_km2": 99.680753915331664, "cell_type": "ocean" }, "geometry": { "type": "Polygon", "coordinates": [ [ [ 79.773461331472802, 8.709792792792793 ], [ 79.773461331472802, 8.799882882882883 ], [ 79.682511676498507, 8.799882882882883 ], [ 79.682511676498507, 8.709792792792793 ], [ 79.773461331472802, 8.709792792792793 ] ] ] } },
{ "type": "Feature", "properties": { "grid_id": "grid_32_2", "cell_number": 866, "row": 32, "col": 2, "centroid_lat": 8.7548378378378384, "centroid_lon": 79.818936158959943, "minlat": 8.7097927927927934, "maxlat": 8.7998828828828835, "minlon": 79.773461331472802, "maxlon": 79.864410986447098, "area_km2": 99.674092033582554, "cell_type": "coastal" }, "geometry": { "type": "Polygon", "coordinates": [ [ [ 79.864410986447098, 8.709792792792793 ], [ 79.864410986447098, 8.799882882882883 ], [ 79.773461331472802, 8.799882882882883 ], [ 79.773461331472802, 8.709792792792793 ], [ 79.864410986447098, 8.709792792792793 ] ] ] } },
{ "type": "Feature", "properties": { "grid_id": "grid_32_3", "cell_number": 867, "row": 32, "col": 3, "centroid_lat": 8.7548378378378384, "centroid_lon": 79.909885813934224, "minlat": 8.7097927927927934, "maxlat": 8.7998828828828835, "minlon": 79.864410986447083, "maxlon": 79.955360641421379, "area_km2": 99.667924664678694, "cell_type": "land" }, "geometry": { "type": "Polygon", "coordinates": [ [ [ 79.955360641421379, 8.709792792792793 ], [ 79.955360641421379, 8.799882882882883 ], [ 79.864410986447083, 8.799882882882883 ], [ 79.864410986447083, 8.709792792792793 ], [ 79.955360641421379, 8.709792792792793 ] ] ] } },
{ "type": "Feature", "properties": { "grid_id": "grid_32_4", "cell_number": 868, "row": 32, "col": 4, "centroid_lat": 8.7548378378378384, "centroid_lon": 80.000835468908519, "minlat": 8.7097927927927934, "maxlat": 8.7998828828828835, "minlon": 79.955360641421379, "maxlon": 80.046310296395674, "area_km2": 99.662251687450265, "cell_type": "land" }, "geometry": { "type": "Polygon", "coordinates": [ [ [ 80.046310296395674, 8.709792792792793 ], [ 80.046310296395674, 8.799882882882883 ], [ 79.955360641421379, 8.799882882882883 ], [ 79.955360641421379, 8.709792792792793 ], [ 80.046310296395674, 8.709792792792793 ] ] ] } },
{ "type": "Feature", "properties": { "grid_id": "grid_32_5", "cell_number": 869, "row": 32, "col": 5, "centroid_lat": 8.7548378378378384, "centroid_lon": 80.091785123882829, "minlat": 8.7097927927927934, "maxlat": 8.7998828828828835, "minlon": 80.046310296395674, "maxlon": 80.13725995136997, "area_km2": 99.657072990406576, "cell_type": "land" }, "geometry": { "type": "Polygon", "coordinates": [ [ [ 80.13725995136997, 8.709792792792793 ], [ 80.13725995136997, 8.799882882882883 ], [ 80.046310296395674, 8.799882882882883 ], [ 80.046310296395674, 8.709792792792793 ], [ 80.13725995136997, 8.709792792792793 ] ] ] } },
{ "type": "Feature", "properties": { "grid_id": "grid_32_6", "cell_number": 870, "row": 32, "col": 6, "centroid_lat": 8.7548378378378384, "centroid_lon": 80.18273477885711, "minlat": 8.7097927927927934, "maxlat": 8.7998828828828835, "minlon": 80.13725995136997, "maxlon": 80.228209606344265, "area_km2": 99.652388471739357, "cell_type": "land" }, "geometry": { "type": "Polygon", "coordinates": [ [ [ 80.228209606344265, 8.709792792792793 ], [ 80.228209606344265, 8.799882882882883 ], [ 80.13725995136997, 8.799882882882883 ], [ 80.13725995136997, 8.709792792792793 ], [ 80.228209606344265, 8.709792792792793 ] ] ] } },
{ "type": "Feature", "properties": { "grid_id": "grid_32_7", "cell_number": 871, "row": 32, "col": 7, "centroid_lat": 8.7548378378378384, "centroid_lon": 80.273684433831406, "minlat": 8.7097927927927934, "maxlat": 8.7998828828828835, "minlon": 80.228209606344265, "maxlon": 80.319159261318561, "area_km2": 99.648198039441382, "cell_type": "land" }, "geometry": { "type": "Polygon", "coordinates": [ [ [ 80.319159261318561, 8.709792792792793 ], [ 80.319159261318561, 8.799882882882883 ], [ 80.228209606344265, 8.799882882882883 ], [ 80.228209606344265, 8.709792792792793 ], [ 80.319159261318561, 8.709792792792793 ] ] ] } },
{ "type": "Feature", "properties": { "grid_id": "grid_32_8", "cell_number": 872, "row": 32, "col": 8, "centroid_lat": 8.7548378378378384, "centroid_lon": 80.364634088805687, "minlat": 8.7097927927927934, "maxlat": 8.7998828828828835, "minlon": 80.319159261318546, "maxlon": 80.410108916292842, "area_km2": 99.644501611180303, "cell_type": "land" }, "geometry": { "type": "Polygon", "coordinates": [ [ [ 80.410108916292842, 8.709792792792793 ], [ 80.410108916292842, 8.799882882882883 ], [ 80.319159261318546, 8.799882882882883 ], [ 80.319159261318546, 8.709792792792793 ], [ 80.410108916292842, 8.709792792792793 ] ] ] } },
{ "type": "Feature", "properties": { "grid_id": "grid_32_9", "cell_number": 873, "row": 32, "col": 9, "centroid_lat": 8.7548378378378384, "centroid_lon": 80.455583743779982, "minlat": 8.7097927927927934, "maxlat": 8.7998828828828835, "minlon": 80.410108916292842, "maxlon": 80.501058571267137, "area_km2": 99.641299114288032, "cell_type": "land" }, "geometry": { "type": "Polygon", "coordinates": [ [ [ 80.501058571267137, 8.709792792792793 ], [ 80.501058571267137, 8.799882882882883 ], [ 80.410108916292842, 8.799882882882883 ], [ 80.410108916292842, 8.709792792792793 ], [ 80.501058571267137, 8.709792792792793 ] ] ] } },
{ "type": "Feature", "properties": { "grid_id": "grid_32_10", "cell_number": 874, "row": 32, "col": 10, "centroid_lat": 8.7548378378378384, "centroid_lon": 80.546533398754292, "minlat": 8.7097927927927934, "maxlat": 8.7998828828828835, "minlon": 80.501058571267137, "maxlon": 80.592008226241433, "area_km2": 99.638590485888699, "cell_type": "land" }, "geometry": { "type": "Polygon", "coordinates": [ [ [ 80.592008226241433, 8.709792792792793 ], [ 80.592008226241433, 8.799882882882883 ], [ 80.501058571267137, 8.799882882882883 ], [ 80.501058571267137, 8.709792792792793 ], [ 80.592008226241433, 8.709792792792793 ] ] ] } },
{ "type": "Feature", "properties": { "grid_id": "grid_32_11", "cell_number": 875, "row": 32, "col": 11, "centroid_lat": 8.7548378378378384, "centroid_lon": 80.637483053728573, "minlat": 8.7097927927927934, "maxlat": 8.7998828828828835, "minlon": 80.592008226241433, "maxlon": 80.682957881215728, "area_km2": 99.63637567277263, "cell_type": "land" }, "geometry": { "type": "Polygon", "coordinates": [ [ [ 80.682957881215728, 8.709792792792793 ], [ 80.682957881215728, 8.799882882882883 ], [ 80.592008226241433, 8.799882882882883 ], [ 80.592008226241433, 8.709792792792793 ], [ 80.682957881215728, 8.709792792792793 ] ] ] } },
{ "type": "Feature", "properties": { "grid_id": "grid_32_12", "cell_number": 876, "row": 32, "col": 12, "centroid_lat": 8.7548378378378384, "centroid_lon": 80.728432708702854, "minlat": 8.7097927927927934, "maxlat": 8.7998828828828835, "minlon": 80.682957881215714, "maxlon": 80.773907536190009, "area_km2": 99.634654631388429, "cell_type": "land" }, "geometry": { "type": "Polygon", "coordinates": [ [ [ 80.773907536190009, 8.709792792792793 ], [ 80.773907536190009, 8.799882882882883 ], [ 80.682957881215714, 8.799882882882883 ], [ 80.682957881215714, 8.709792792792793 ], [ 80.773907536190009, 8.709792792792793 ] ] ] } },
{ "type": "Feature", "properties": { "grid_id": "grid_32_13", "cell_number": 877, "row": 32, "col": 13, "centroid_lat": 8.7548378378378384, "centroid_lon": 80.819382363677164, "minlat": 8.7097927927927934, "maxlat": 8.7998828828828835, "minlon": 80.773907536190009, "maxlon": 80.864857191164305, "area_km2": 99.633427327969883, "cell_type": "land" }, "geometry": { "type": "Polygon", "coordinates": [ [ [ 80.864857191164305, 8.709792792792793 ], [ 80.864857191164305, 8.799882882882883 ], [ 80.773907536190009, 8.799882882882883 ], [ 80.773907536190009, 8.709792792792793 ], [ 80.864857191164305, 8.709792792792793 ] ] ] } },
{ "type": "Feature", "properties": { "grid_id": "grid_32_14", "cell_number": 878, "row": 32, "col": 14, "centroid_lat": 8.7548378378378384, "centroid_lon": 80.910332018651459, "minlat": 8.7097927927927934, "maxlat": 8.7998828828828835, "minlon": 80.864857191164305, "maxlon": 80.9558068461386, "area_km2": 99.632693738408776, "cell_type": "land" }, "geometry": { "type": "Polygon", "coordinates": [ [ [ 80.9558068461386, 8.709792792792793 ], [ 80.9558068461386, 8.799882882882883 ], [ 80.864857191164305, 8.799882882882883 ], [ 80.864857191164305, 8.709792792792793 ], [ 80.9558068461386, 8.709792792792793 ] ] ] } },
{ "type": "Feature", "properties": { "grid_id": "grid_32_15", "cell_number": 879, "row": 32, "col": 15, "centroid_lat": 8.7548378378378384, "centroid_lon": 81.001281673625741, "minlat": 8.7097927927927934, "maxlat": 8.7998828828828835, "minlon": 80.9558068461386, "maxlon": 81.046756501112895, "area_km2": 99.632453848252183, "cell_type": "land" }, "geometry": { "type": "Polygon", "coordinates": [ [ [ 81.046756501112895, 8.709792792792793 ], [ 81.046756501112895, 8.799882882882883 ], [ 80.9558068461386, 8.799882882882883 ], [ 80.9558068461386, 8.709792792792793 ], [ 81.046756501112895, 8.709792792792793 ] ] ] } },
{ "type": "Feature", "properties": { "grid_id": "grid_32_16", "cell_number": 880, "row": 32, "col": 16, "centroid_lat": 8.7548378378378384, "centroid_lon": 81.09223132860005, "minlat": 8.7097927927927934, "maxlat": 8.7998828828828835, "minlon": 81.046756501112895, "maxlon": 81.137706156087191, "area_km2": 99.632707652830305, "cell_type": "land" }, "geometry": { "type": "Polygon", "coordinates": [ [ [ 81.137706156087191, 8.709792792792793 ], [ 81.137706156087191, 8.799882882882883 ], [ 81.046756501112895, 8.799882882882883 ], [ 81.046756501112895, 8.709792792792793 ], [ 81.137706156087191, 8.709792792792793 ] ] ] } },
{ "type": "Feature", "properties": { "grid_id": "grid_32_17", "cell_number": 881, "row": 32, "col": 17, "centroid_lat": 8.7548378378378384, "centroid_lon": 81.183180983574317, "minlat": 8.7097927927927934, "maxlat": 8.7998828828828835, "minlon": 81.137706156087177, "maxlon": 81.228655811061472, "area_km2": 99.633455157129077, "cell_type": "coastal" }, "geometry": { "type": "Polygon", "coordinates": [ [ [ 81.228655811061472, 8.709792792792793 ], [ 81.228655811061472, 8.799882882882883 ], [ 81.137706156087177, 8.799882882882883 ], [ 81.137706156087177, 8.709792792792793 ], [ 81.228655811061472, 8.709792792792793 ] ] ] } },
{ "type": "Feature", "properties": { "grid_id": "grid_32_18", "cell_number": 882, "row": 32, "col": 18, "centroid_lat": 8.7548378378378384, "centroid_lon": 81.274130638548613, "minlat": 8.7097927927927934, "maxlat": 8.7998828828828835, "minlon": 81.228655811061472, "maxlon": 81.319605466035767, "area_km2": 99.63469637578757, "cell_type": "ocean" }, "geometry": { "type": "Polygon", "coordinates": [ [ [ 81.319605466035767, 8.709792792792793 ], [ 81.319605466035767, 8.799882882882883 ], [ 81.228655811061472, 8.799882882882883 ], [ 81.228655811061472, 8.709792792792793 ], [ 81.319605466035767, 8.709792792792793 ] ] ] } },
{ "type": "Feature", "properties": { "grid_id": "grid_32_19", "cell_number": 883, "row": 32, "col": 19, "centroid_lat": 8.7548378378378384, "centroid_lon": 81.365080293522922, "minlat": 8.7097927927927934, "maxlat": 8.7998828828828835, "minlon": 81.319605466035767, "maxlon": 81.410555121010063, "area_km2": 99.63643133323508, "cell_type": "ocean" }, "geometry": { "type": "Polygon", "coordinates": [ [ [ 81.410555121010063, 8.709792792792793 ], [ 81.410555121010063, 8.799882882882883 ], [ 81.319605466035767, 8.799882882882883 ], [ 81.319605466035767, 8.709792792792793 ], [ 81.410555121010063, 8.709792792792793 ] ] ] } },
{ "type": "Feature", "properties": { "grid_id": "grid_32_20", "cell_number": 884, "row": 32, "col": 20, "centroid_lat": 8.7548378378378384, "centroid_lon": 81.456029948497232, "minlat": 8.7097927927927934, "maxlat": 8.7998828828828835, "minlon": 81.410555121010063, "maxlon": 81.501504775984358, "area_km2": 99.638660063545515, "cell_type": "ocean" }, "geometry": { "type": "Polygon", "coordinates": [ [ [ 81.501504775984358, 8.709792792792793 ], [ 81.501504775984358, 8.799882882882883 ], [ 81.410555121010063, 8.799882882882883 ], [ 81.410555121010063, 8.709792792792793 ], [ 81.501504775984358, 8.709792792792793 ] ] ] } },
{ "type": "Feature", "properties": { "grid_id": "grid_32_21", "cell_number": 885, "row": 32, "col": 21, "centroid_lat": 8.7548378378378384, "centroid_lon": 81.546979603471499, "minlat": 8.7097927927927934, "maxlat": 8.7998828828828835, "minlon": 81.501504775984358, "maxlon": 81.592454430958654, "area_km2": 99.64138261046152, "cell_type": "ocean" }, "geometry": { "type": "Polygon", "coordinates": [ [ [ 81.592454430958654, 8.709792792792793 ], [ 81.592454430958654, 8.799882882882883 ], [ 81.501504775984358, 8.799882882882883 ], [ 81.501504775984358, 8.709792792792793 ], [ 81.592454430958654, 8.709792792792793 ] ] ] } },
{ "type": "Feature", "properties": { "grid_id": "grid_32_22", "cell_number": 886, "row": 32, "col": 22, "centroid_lat": 8.7548378378378384, "centroid_lon": 81.63792925844578, "minlat": 8.7097927927927934, "maxlat": 8.7998828828828835, "minlon": 81.592454430958639, "maxlon": 81.683404085932935, "area_km2": 99.644599027518225, "cell_type": "ocean" }, "geometry": { "type": "Polygon", "coordinates": [ [ [ 81.683404085932935, 8.709792792792793 ], [ 81.683404085932935, 8.799882882882883 ], [ 81.592454430958639, 8.799882882882883 ], [ 81.592454430958639, 8.709792792792793 ], [ 81.683404085932935, 8.709792792792793 ] ] ] } },
{ "type": "Feature", "properties": { "grid_id": "grid_32_23", "cell_number": 887, "row": 32, "col": 23, "centroid_lat": 8.7548378378378384, "centroid_lon": 81.72887891342009, "minlat": 8.7097927927927934, "maxlat": 8.7998828828828835, "minlon": 81.683404085932935, "maxlon": 81.77435374090723, "area_km2": 99.648309377899636, "cell_type": "ocean" }, "geometry": { "type": "Polygon", "coordinates": [ [ [ 81.77435374090723, 8.709792792792793 ], [ 81.77435374090723, 8.799882882882883 ], [ 81.683404085932935, 8.799882882882883 ], [ 81.683404085932935, 8.709792792792793 ], [ 81.77435374090723, 8.709792792792793 ] ] ] } },
{ "type": "Feature", "properties": { "grid_id": "grid_32_24", "cell_number": 888, "row": 32, "col": 24, "centroid_lat": 8.7548378378378384, "centroid_lon": 81.819828568394371, "minlat": 8.7097927927927934, "maxlat": 8.7998828828828835, "minlon": 81.77435374090723, "maxlon": 81.865303395881526, "area_km2": 99.652513734460527, "cell_type": "ocean" }, "geometry": { "type": "Polygon", "coordinates": [ [ [ 81.865303395881526, 8.709792792792793 ], [ 81.865303395881526, 8.799882882882883 ], [ 81.77435374090723, 8.799882882882883 ], [ 81.77435374090723, 8.709792792792793 ], [ 81.865303395881526, 8.709792792792793 ] ] ] } },
{ "type": "Feature", "properties": { "grid_id": "grid_32_25", "cell_number": 889, "row": 32, "col": 25, "centroid_lat": 8.7548378378378384, "centroid_lon": 81.910778223368695, "minlat": 8.7097927927927934, "maxlat": 8.7998828828828835, "minlon": 81.865303395881526, "maxlon": 81.956253050855821, "area_km2": 99.657212179850731, "cell_type": "ocean" }, "geometry": { "type": "Polygon", "coordinates": [ [ [ 81.956253050855821, 8.709792792792793 ], [ 81.956253050855821, 8.799882882882883 ], [ 81.865303395881526, 8.799882882882883 ], [ 81.865303395881526, 8.709792792792793 ], [ 81.956253050855821, 8.709792792792793 ] ] ] } },
{ "type": "Feature", "properties": { "grid_id": "grid_32_26", "cell_number": 890, "row": 32, "col": 26, "centroid_lat": 8.7548378378378384, "centroid_lon": 82.001727878342962, "minlat": 8.7097927927927934, "maxlat": 8.7998828828828835, "minlon": 81.956253050855821, "maxlon": 82.047202705830117, "area_km2": 99.662404806395955, "cell_type": "ocean" }, "geometry": { "type": "Polygon", "coordinates": [ [ [ 82.047202705830117, 8.709792792792793 ], [ 82.047202705830117, 8.799882882882883 ], [ 81.956253050855821, 8.799882882882883 ], [ 81.956253050855821, 8.709792792792793 ], [ 82.047202705830117, 8.709792792792793 ] ] ] } },
{ "type": "Feature", "properties": { "grid_id": "grid_33_0", "cell_number": 891, "row": 33, "col": 0, "centroid_lat": 8.8449279279279285, "centroid_lon": 79.637036849011366, "minlat": 8.7998828828828835, "maxlat": 8.8899729729729735, "minlon": 79.591562021524211, "maxlon": 79.682511676498507, "area_km2": 99.664255416842011, "cell_type": "ocean" }, "geometry": { "type": "Polygon", "coordinates": [ [ [ 79.682511676498507, 8.799882882882883 ], [ 79.682511676498507, 8.889972972972974 ], [ 79.591562021524211, 8.889972972972974 ], [ 79.591562021524211, 8.799882882882883 ], [ 79.682511676498507, 8.799882882882883 ] ] ] } },
{ "type": "Feature", "properties": { "grid_id": "grid_33_1", "cell_number": 892, "row": 33, "col": 1, "centroid_lat": 8.8449279279279285, "centroid_lon": 79.727986503985662, "minlat": 8.7998828828828835, "maxlat": 8.8899729729729735, "minlon": 79.682511676498507, "maxlon": 79.773461331472802, "area_km2": 99.657104096248801, "cell_type": "ocean" }, "geometry": { "type": "Polygon", "coordinates": [ [ [ 79.773461331472802, 8.799882882882883 ], [ 79.773461331472802, 8.889972972972974 ], [ 79.682511676498507, 8.889972972972974 ], [ 79.682511676498507, 8.799882882882883 ], [ 79.773461331472802, 8.799882882882883 ] ] ] } },
{ "type": "Feature", "properties": { "grid_id": "grid_33_2", "cell_number": 893, "row": 33, "col": 2, "centroid_lat": 8.8449279279279285, "centroid_lon": 79.818936158959943, "minlat": 8.7998828828828835, "maxlat": 8.8899729729729735, "minlon": 79.773461331472802, "maxlon": 79.864410986447098, "area_km2": 99.65044705927356, "cell_type": "coastal" }, "geometry": { "type": "Polygon", "coordinates": [ [ [ 79.864410986447098, 8.799882882882883 ], [ 79.864410986447098, 8.889972972972974 ], [ 79.773461331472802, 8.889972972972974 ], [ 79.773461331472802, 8.799882882882883 ], [ 79.864410986447098, 8.799882882882883 ] ] ] } },
{ "type": "Feature", "properties": { "grid_id": "grid_33_3", "cell_number": 894, "row": 33, "col": 3, "centroid_lat": 8.8449279279279285, "centroid_lon": 79.909885813934224, "minlat": 8.7998828828828835, "maxlat": 8.8899729729729735, "minlon": 79.864410986447083, "maxlon": 79.955360641421379, "area_km2": 99.644284175122962, "cell_type": "coastal" }, "geometry": { "type": "Polygon", "coordinates": [ [ [ 79.955360641421379, 8.799882882882883 ], [ 79.955360641421379, 8.889972972972974 ], [ 79.864410986447083, 8.889972972972974 ], [ 79.864410986447083, 8.799882882882883 ], [ 79.955360641421379, 8.799882882882883 ] ] ] } },
{ "type": "Feature", "properties": { "grid_id": "grid_33_4", "cell_number": 895, "row": 33, "col": 4, "centroid_lat": 8.8449279279279285, "centroid_lon": 80.000835468908519, "minlat": 8.7998828828828835, "maxlat": 8.8899729729729735, "minlon": 79.955360641421379, "maxlon": 80.046310296395674, "area_km2": 99.638615322802139, "cell_type": "land" }, "geometry": { "type": "Polygon", "coordinates": [ [ [ 80.046310296395674, 8.799882882882883 ], [ 80.046310296395674, 8.889972972972974 ], [ 79.955360641421379, 8.889972972972974 ], [ 79.955360641421379, 8.799882882882883 ], [ 80.046310296395674, 8.799882882882883 ] ] ] } },
{ "type": "Feature", "properties": { "grid_id": "grid_33_5", "cell_number": 896, "row": 33, "col": 5, "centroid_lat": 8.8449279279279285, "centroid_lon": 80.091785123882829, "minlat": 8.7998828828828835, "maxlat": 8.8899729729729735, "minlon": 80.046310296395674, "maxlon": 80.13725995136997, "area_km2": 99.633440390989392, "cell_type": "land" }, "geometry": { "type": "Polygon", "coordinates": [ [ [ 80.13725995136997, 8.799882882882883 ], [ 80.13725995136997, 8.889972972972974 ], [ 80.046310296395674, 8.889972972972974 ], [ 80.046310296395674, 8.799882882882883 ], [ 80.13725995136997, 8.799882882882883 ] ] ] } },
{ "type": "Feature", "properties": { "grid_id": "grid_33_6", "cell_number": 897, "row": 33, "col": 6, "centroid_lat": 8.8449279279279285, "centroid_lon": 80.18273477885711, "minlat": 8.7998828828828835, "maxlat": 8.8899729729729735, "minlon": 80.13725995136997, "maxlon": 80.228209606344265, "area_km2": 99.628759278024674, "cell_type": "land" }, "geometry": { "type": "Polygon", "coordinates": [ [ [ 80.228209606344265, 8.799882882882883 ], [ 80.228209606344265, 8.889972972972974 ], [ 80.13725995136997, 8.889972972972974 ], [ 80.13725995136997, 8.799882882882883 ], [ 80.228209606344265, 8.799882882882883 ] ] ] } },
{ "type": "Feature", "properties": { "grid_id": "grid_33_7", "cell_number": 898, "row": 33, "col": 7, "centroid_lat": 8.8449279279279285, "centroid_lon": 80.273684433831406, "minlat": 8.7998828828828835, "maxlat": 8.8899729729729735, "minlon": 80.228209606344265, "maxlon": 80.319159261318561, "area_km2": 99.624571892037423, "cell_type": "land" }, "geometry": { "type": "Polygon", "coordinates": [ [ [ 80.319159261318561, 8.799882882882883 ], [ 80.319159261318561, 8.889972972972974 ], [ 80.228209606344265, 8.889972972972974 ], [ 80.228209606344265, 8.799882882882883 ], [ 80.319159261318561, 8.799882882882883 ] ] ] } },
{ "type": "Feature", "properties": { "grid_id": "grid_33_8", "cell_number": 899, "row": 33, "col": 8, "centroid_lat": 8.8449279279279285, "centroid_lon": 80.364634088805687, "minlat": 8.7998828828828835, "maxlat": 8.8899729729729735, "minlon": 80.319159261318546, "maxlon": 80.410108916292842, "area_km2": 99.620878150816139, "cell_type": "land" }, "geometry": { "type": "Polygon", "coordinates": [ [ [ 80.410108916292842, 8.799882882882883 ], [ 80.410108916292842, 8.889972972972974 ], [ 80.319159261318546, 8.889972972972974 ], [ 80.319159261318546, 8.799882882882883 ], [ 80.410108916292842, 8.799882882882883 ] ] ] } },
{ "type": "Feature", "properties": { "grid_id": "grid_33_9", "cell_number": 900, "row": 33, "col": 9, "centroid_lat": 8.8449279279279285, "centroid_lon": 80.455583743779982, "minlat": 8.7998828828828835, "maxlat": 8.8899729729729735, "minlon": 80.410108916292842, "maxlon": 80.501058571267137, "area_km2": 99.617677981800099, "cell_type": "land" }, "geometry": { "type": "Polygon", "coordinates": [ [ [ 80.501058571267137, 8.799882882882883 ], [ 80.501058571267137, 8.889972972972974 ], [ 80.410108916292842, 8.889972972972974 ], [ 80.410108916292842, 8.799882882882883 ], [ 80.501058571267137, 8.799882882882883 ] ] ] } },
{ "type": "Feature", "properties": { "grid_id": "grid_33_10", "cell_number": 901, "row": 33, "col": 10, "centroid_lat": 8.8449279279279285, "centroid_lon": 80.546533398754292, "minlat": 8.7998828828828835, "maxlat": 8.8899729729729735, "minlon": 80.501058571267137, "maxlon": 80.592008226241433, "area_km2": 99.614971322209726, "cell_type": "land" }, "geometry": { "type": "Polygon", "coordinates": [ [ [ 80.592008226241433, 8.799882882882883 ], [ 80.592008226241433, 8.889972972972974 ], [ 80.501058571267137, 8.889972972972974 ], [ 80.501058571267137, 8.799882882882883 ], [ 80.592008226241433, 8.799882882882883 ] ] ] } },
{ "type": "Feature", "properties": { "grid_id": "grid_33_11", "cell_number": 902, "row": 33, "col": 11, "centroid_lat": 8.8449279279279285, "centroid_lon": 80.637483053728573, "minlat": 8.7998828828828835, "maxlat": 8.8899729729729735, "minlon": 80.592008226241433, "maxlon": 80.682957881215728, "area_km2": 99.612758118911373, "cell_type": "land" }, "geometry": { "type": "Polygon", "coordinates": [ [ [ 80.682957881215728, 8.799882882882883 ], [ 80.682957881215728, 8.889972972972974 ], [ 80.592008226241433, 8.889972972972974 ], [ 80.592008226241433, 8.799882882882883 ], [ 80.682957881215728, 8.799882882882883 ] ] ] } },
{ "type": "Feature", "properties": { "grid_id": "grid_33_12", "cell_number": 903, "row": 33, "col": 12, "centroid_lat": 8.8449279279279285, "centroid_lon": 80.728432708702854, "minlat": 8.7998828828828835, "maxlat": 8.8899729729729735, "minlon": 80.682957881215714, "maxlon": 80.773907536190009, "area_km2": 99.611038328417067, "cell_type": "land" }, "geometry": { "type": "Polygon", "coordinates": [ [ [ 80.773907536190009, 8.799882882882883 ], [ 80.773907536190009, 8.889972972972974 ], [ 80.682957881215714, 8.889972972972974 ], [ 80.682957881215714, 8.799882882882883 ], [ 80.773907536190009, 8.799882882882883 ] ] ] } },
{ "type": "Feature", "properties": { "grid_id": "grid_33_13", "cell_number": 904, "row": 33, "col": 13, "centroid_lat": 8.8449279279279285, "centroid_lon": 80.819382363677164, "minlat": 8.7998828828828835, "maxlat": 8.8899729729729735, "minlon": 80.773907536190009, "maxlon": 80.864857191164305, "area_km2": 99.609811917010077, "cell_type": "land" }, "geometry": { "type": "Polygon", "coordinates": [ [ [ 80.864857191164305, 8.799882882882883 ], [ 80.864857191164305, 8.889972972972974 ], [ 80.773907536190009, 8.889972972972974 ], [ 80.773907536190009, 8.799882882882883 ], [ 80.864857191164305, 8.799882882882883 ] ] ] } },
{ "type": "Feature", "properties": { "grid_id": "grid_33_14", "cell_number": 905, "row": 33, "col": 14, "centroid_lat": 8.8449279279279285, "centroid_lon": 80.910332018651459, "minlat": 8.7998828828828835, "maxlat": 8.8899729729729735, "minlon": 80.864857191164305, "maxlon": 80.9558068461386, "area_km2": 99.60907886061689, "cell_type": "land" }, "geometry": { "type": "Polygon", "coordinates": [ [ [ 80.9558068461386, 8.799882882882883 ], [ 80.9558068461386, 8.889972972972974 ], [ 80.864857191164305, 8.889972972972974 ], [ 80.864857191164305, 8.799882882882883 ], [ 80.9558068461386, 8.799882882882883 ] ] ] } },
{ "type": "Feature", "properties": { "grid_id": "grid_33_15", "cell_number": 906, "row": 33, "col": 15, "centroid_lat": 8.8449279279279285, "centroid_lon": 81.001281673625741, "minlat": 8.7998828828828835, "maxlat": 8.8899729729729735, "minlon": 80.9558068461386, "maxlon": 81.046756501112895, "area_km2": 99.608839144810503, "cell_type": "land" }, "geometry": { "type": "Polygon", "coordinates": [ [ [ 81.046756501112895, 8.799882882882883 ], [ 81.046756501112895, 8.889972972972974 ], [ 80.9558068461386, 8.889972972972974 ], [ 80.9558068461386, 8.799882882882883 ], [ 81.046756501112895, 8.799882882882883 ] ] ] } },
{ "type": "Feature", "properties": { "grid_id": "grid_33_16", "cell_number": 907, "row": 33, "col": 16, "centroid_lat": 8.8449279279279285, "centroid_lon": 81.09223132860005, "minlat": 8.7998828828828835, "maxlat": 8.8899729729729735, "minlon": 81.046756501112895, "maxlon": 81.137706156087191, "area_km2": 99.609092764926672, "cell_type": "coastal" }, "geometry": { "type": "Polygon", "coordinates": [ [ [ 81.137706156087191, 8.799882882882883 ], [ 81.137706156087191, 8.889972972972974 ], [ 81.046756501112895, 8.889972972972974 ], [ 81.046756501112895, 8.799882882882883 ], [ 81.137706156087191, 8.799882882882883 ] ] ] } },
{ "type": "Feature", "properties": { "grid_id": "grid_33_17", "cell_number": 908, "row": 33, "col": 17, "centroid_lat": 8.8449279279279285, "centroid_lon": 81.183180983574317, "minlat": 8.7998828828828835, "maxlat": 8.8899729729729735, "minlon": 81.137706156087177, "maxlon": 81.228655811061472, "area_km2": 99.60983972594147, "cell_type": "coastal" }, "geometry": { "type": "Polygon", "coordinates": [ [ [ 81.228655811061472, 8.799882882882883 ], [ 81.228655811061472, 8.889972972972974 ], [ 81.137706156087177, 8.889972972972974 ], [ 81.137706156087177, 8.799882882882883 ], [ 81.228655811061472, 8.799882882882883 ] ] ] } },
{ "type": "Feature", "properties": { "grid_id": "grid_33_18", "cell_number": 909, "row": 33, "col": 18, "centroid_lat": 8.8449279279279285, "centroid_lon": 81.274130638548613, "minlat": 8.7998828828828835, "maxlat": 8.8899729729729735, "minlon": 81.228655811061472, "maxlon": 81.319605466035767, "area_km2": 99.611080042473375, "cell_type": "ocean" }, "geometry": { "type": "Polygon", "coordinates": [ [ [ 81.319605466035767, 8.799882882882883 ], [ 81.319605466035767, 8.889972972972974 ], [ 81.228655811061472, 8.889972972972974 ], [ 81.228655811061472, 8.799882882882883 ], [ 81.319605466035767, 8.799882882882883 ] ] ] } },
{ "type": "Feature", "properties": { "grid_id": "grid_33_19", "cell_number": 910, "row": 33, "col": 19, "centroid_lat": 8.8449279279279285, "centroid_lon": 81.365080293522922, "minlat": 8.7998828828828835, "maxlat": 8.8899729729729735, "minlon": 81.319605466035767, "maxlon": 81.410555121010063, "area_km2": 99.612813738913331, "cell_type": "ocean" }, "geometry": { "type": "Polygon", "coordinates": [ [ [ 81.410555121010063, 8.799882882882883 ], [ 81.410555121010063, 8.889972972972974 ], [ 81.319605466035767, 8.889972972972974 ], [ 81.319605466035767, 8.799882882882883 ], [ 81.410555121010063, 8.799882882882883 ] ] ] } },
{ "type": "Feature", "properties": { "grid_id": "grid_33_20", "cell_number": 911, "row": 33, "col": 20, "centroid_lat": 8.8449279279279285, "centroid_lon": 81.456029948497232, "minlat": 8.7998828828828835, "maxlat": 8.8899729729729735, "minlon": 81.410555121010063, "maxlon": 81.501504775984358, "area_km2": 99.615040849292484, "cell_type": "ocean" }, "geometry": { "type": "Polygon", "coordinates": [ [ [ 81.501504775984358, 8.799882882882883 ], [ 81.501504775984358, 8.889972972972974 ], [ 81.410555121010063, 8.889972972972974 ], [ 81.410555121010063, 8.799882882882883 ], [ 81.501504775984358, 8.799882882882883 ] ] ] } },
{ "type": "Feature", "properties": { "grid_id": "grid_33_21", "cell_number": 912, "row": 33, "col": 21, "centroid_lat": 8.8449279279279285, "centroid_lon": 81.546979603471499, "minlat": 8.7998828828828835, "maxlat": 8.8899729729729735, "minlon": 81.501504775984358, "maxlon": 81.592454430958654, "area_km2": 99.617761417288122, "cell_type": "ocean" }, "geometry": { "type": "Polygon", "coordinates": [ [ [ 81.592454430958654, 8.799882882882883 ], [ 81.592454430958654, 8.889972972972974 ], [ 81.501504775984358, 8.889972972972974 ], [ 81.501504775984358, 8.799882882882883 ], [ 81.592454430958654, 8.799882882882883 ] ] ] } },
{ "type": "Feature", "properties": { "grid_id": "grid_33_22", "cell_number": 913, "row": 33, "col": 22, "centroid_lat": 8.8449279279279285, "centroid_lon": 81.63792925844578, "minlat": 8.7998828828828835, "maxlat": 8.8899729729729735, "minlon": 81.592454430958639, "maxlon": 81.683404085932935, "area_km2": 99.620975496341998, "cell_type": "ocean" }, "geometry": { "type": "Polygon", "coordinates": [ [ [ 81.683404085932935, 8.799882882882883 ], [ 81.683404085932935, 8.889972972972974 ], [ 81.592454430958639, 8.889972972972974 ], [ 81.592454430958639, 8.799882882882883 ], [ 81.683404085932935, 8.799882882882883 ] ] ] } },
{ "type": "Feature", "properties": { "grid_id": "grid_33_23", "cell_number": 914, "row": 33, "col": 23, "centroid_lat": 8.8449279279279285, "centroid_lon": 81.72887891342009, "minlat": 8.7998828828828835, "maxlat": 8.8899729729729735, "minlon": 81.683404085932935, "maxlon": 81.77435374090723, "area_km2": 99.62468314955467, "cell_type": "ocean" }, "geometry": { "type": "Polygon", "coordinates": [ [ [ 81.77435374090723, 8.799882882882883 ], [ 81.77435374090723, 8.889972972972974 ], [ 81.683404085932935, 8.889972972972974 ], [ 81.683404085932935, 8.799882882882883 ], [ 81.77435374090723, 8.799882882882883 ] ] ] } },
{ "type": "Feature", "properties": { "grid_id": "grid_33_24", "cell_number": 915, "row": 33, "col": 24, "centroid_lat": 8.8449279279279285, "centroid_lon": 81.819828568394371, "minlat": 8.7998828828828835, "maxlat": 8.8899729729729735, "minlon": 81.77435374090723, "maxlon": 81.865303395881526, "area_km2": 99.628884449678836, "cell_type": "ocean" }, "geometry": { "type": "Polygon", "coordinates": [ [ [ 81.865303395881526, 8.799882882882883 ], [ 81.865303395881526, 8.889972972972974 ], [ 81.77435374090723, 8.889972972972974 ], [ 81.77435374090723, 8.799882882882883 ], [ 81.865303395881526, 8.799882882882883 ] ] ] } },
{ "type": "Feature", "properties": { "grid_id": "grid_33_25", "cell_number": 916, "row": 33, "col": 25, "centroid_lat": 8.8449279279279285, "centroid_lon": 81.910778223368695, "minlat": 8.7998828828828835, "maxlat": 8.8899729729729735, "minlon": 81.865303395881526, "maxlon": 81.956253050855821, "area_km2": 99.633579479237255, "cell_type": "ocean" }, "geometry": { "type": "Polygon", "coordinates": [ [ [ 81.956253050855821, 8.799882882882883 ], [ 81.956253050855821, 8.889972972972974 ], [ 81.865303395881526, 8.889972972972974 ], [ 81.865303395881526, 8.799882882882883 ], [ 81.956253050855821, 8.799882882882883 ] ] ] } },
{ "type": "Feature", "properties": { "grid_id": "grid_33_26", "cell_number": 917, "row": 33, "col": 26, "centroid_lat": 8.8449279279279285, "centroid_lon": 82.001727878342962, "minlat": 8.7998828828828835, "maxlat": 8.8899729729729735, "minlon": 81.956253050855821, "maxlon": 82.047202705830117, "area_km2": 99.638768330415758, "cell_type": "ocean" }, "geometry": { "type": "Polygon", "coordinates": [ [ [ 82.047202705830117, 8.799882882882883 ], [ 82.047202705830117, 8.889972972972974 ], [ 81.956253050855821, 8.889972972972974 ], [ 81.956253050855821, 8.799882882882883 ], [ 82.047202705830117, 8.799882882882883 ] ] ] } },
{ "type": "Feature", "properties": { "grid_id": "grid_34_0", "cell_number": 918, "row": 34, "col": 0, "centroid_lat": 8.9350180180180185, "centroid_lon": 79.637036849011366, "minlat": 8.8899729729729735, "maxlat": 8.9800630630630636, "minlon": 79.591562021524211, "maxlon": 79.682511676498507, "area_km2": 99.640359713267642, "cell_type": "ocean" }, "geometry": { "type": "Polygon", "coordinates": [ [ [ 79.682511676498507, 8.889972972972974 ], [ 79.682511676498507, 8.980063063063064 ], [ 79.591562021524211, 8.980063063063064 ], [ 79.591562021524211, 8.889972972972974 ], [ 79.682511676498507, 8.889972972972974 ] ] ] } },
{ "type": "Feature", "properties": { "grid_id": "grid_34_1", "cell_number": 919, "row": 34, "col": 1, "centroid_lat": 8.9350180180180185, "centroid_lon": 79.727986503985662, "minlat": 8.8899729729729735, "maxlat": 8.9800630630630636, "minlon": 79.682511676498507, "maxlon": 79.773461331472802, "area_km2": 99.633213647977271, "cell_type": "ocean" }, "geometry": { "type": "Polygon", "coordinates": [ [ [ 79.773461331472802, 8.889972972972974 ], [ 79.773461331472802, 8.980063063063064 ], [ 79.682511676498507, 8.980063063063064 ], [ 79.682511676498507, 8.889972972972974 ], [ 79.773461331472802, 8.889972972972974 ] ] ] } },
{ "type": "Feature", "properties": { "grid_id": "grid_34_2", "cell_number": 920, "row": 34, "col": 2, "centroid_lat": 8.9350180180180185, "centroid_lon": 79.818936158959943, "minlat": 8.8899729729729735, "maxlat": 8.9800630630630636, "minlon": 79.773461331472802, "maxlon": 79.864410986447098, "area_km2": 99.626561502607501, "cell_type": "ocean" }, "geometry": { "type": "Polygon", "coordinates": [ [ [ 79.864410986447098, 8.889972972972974 ], [ 79.864410986447098, 8.980063063063064 ], [ 79.773461331472802, 8.980063063063064 ], [ 79.773461331472802, 8.889972972972974 ], [ 79.864410986447098, 8.889972972972974 ] ] ] } },
{ "type": "Feature", "properties": { "grid_id": "grid_34_3", "cell_number": 921, "row": 34, "col": 3, "centroid_lat": 8.9350180180180185, "centroid_lon": 79.909885813934224, "minlat": 8.8899729729729735, "maxlat": 8.9800630630630636, "minlon": 79.864410986447083, "maxlon": 79.955360641421379, "area_km2": 99.620403146560548, "cell_type": "coastal" }, "geometry": { "type": "Polygon", "coordinates": [ [ [ 79.955360641421379, 8.889972972972974 ], [ 79.955360641421379, 8.980063063063064 ], [ 79.864410986447083, 8.980063063063064 ], [ 79.864410986447083, 8.889972972972974 ], [ 79.955360641421379, 8.889972972972974 ] ] ] } },
{ "type": "Feature", "properties": { "grid_id": "grid_34_4", "cell_number": 922, "row": 34, "col": 4, "centroid_lat": 8.9350180180180185, "centroid_lon": 80.000835468908519, "minlat": 8.8899729729729735, "maxlat": 8.9800630630630636, "minlon": 79.955360641421379, "maxlon": 80.046310296395674, "area_km2": 99.614738459021083, "cell_type": "land" }, "geometry": { "type": "Polygon", "coordinates": [ [ [ 80.046310296395674, 8.889972972972974 ], [ 80.046310296395674, 8.980063063063064 ], [ 79.955360641421379, 8.980063063063064 ], [ 79.955360641421379, 8.889972972972974 ], [ 80.046310296395674, 8.889972972972974 ] ] ] } },
{ "type": "Feature", "properties": { "grid_id": "grid_34_5", "cell_number": 923, "row": 34, "col": 5, "centroid_lat": 8.9350180180180185, "centroid_lon": 80.091785123882829, "minlat": 8.8899729729729735, "maxlat": 8.9800630630630636, "minlon": 80.046310296395674, "maxlon": 80.13725995136997, "area_km2": 99.609567328833606, "cell_type": "land" }, "geometry": { "type": "Polygon", "coordinates": [ [ [ 80.13725995136997, 8.889972972972974 ], [ 80.13725995136997, 8.980063063063064 ], [ 80.046310296395674, 8.980063063063064 ], [ 80.046310296395674, 8.889972972972974 ], [ 80.13725995136997, 8.889972972972974 ] ] ] } },
{ "type": "Feature", "properties": { "grid_id": "grid_34_6", "cell_number": 924, "row": 34, "col": 6, "centroid_lat": 8.9350180180180185, "centroid_lon": 80.18273477885711, "minlat": 8.8899729729729735, "maxlat": 8.9800630630630636, "minlon": 80.13725995136997, "maxlon": 80.228209606344265, "area_km2": 99.604889654491728, "cell_type": "land" }, "geometry": { "type": "Polygon", "coordinates": [ [ [ 80.228209606344265, 8.889972972972974 ], [ 80.228209606344265, 8.980063063063064 ], [ 80.13725995136997, 8.980063063063064 ], [ 80.13725995136997, 8.889972972972974 ], [ 80.228209606344265, 8.889972972972974 ] ] ] } },
{ "type": "Feature", "properties": { "grid_id": "grid_34_7", "cell_number": 925, "row": 34, "col": 7, "centroid_lat": 8.9350180180180185, "centroid_lon": 80.273684433831406, "minlat": 8.8899729729729735, "maxlat": 8.9800630630630636, "minlon": 80.228209606344265, "maxlon": 80.319159261318561, "area_km2": 99.600705344263815, "cell_type": "land" }, "geometry": { "type": "Polygon", "coordinates": [ [ [ 80.319159261318561, 8.889972972972974 ], [ 80.319159261318561, 8.980063063063064 ], [ 80.228209606344265, 8.980063063063064 ], [ 80.228209606344265, 8.889972972972974 ], [ 80.319159261318561, 8.889972972972974 ] ] ] } },
{ "type": "Feature", "properties": { "grid_id": "grid_34_8", "cell_number": 926, "row": 34, "col": 8, "centroid_lat": 8.9350180180180185, "centroid_lon": 80.364634088805687, "minlat": 8.8899729729729735, "maxlat": 8.9800630630630636, "minlon": 80.319159261318546, "maxlon": 80.410108916292842, "area_km2": 99.597014316058335, "cell_type": "land" }, "geometry": { "type": "Polygon", "coordinates": [ [ [ 80.410108916292842, 8.889972972972974 ], [ 80.410108916292842, 8.980063063063064 ], [ 80.319159261318546, 8.980063063063064 ], [ 80.319159261318546, 8.889972972972974 ], [ 80.410108916292842, 8.889972972972974 ] ] ] } },
{ "type": "Feature", "properties": { "grid_id": "grid_34_9", "cell_number": 927, "row": 34, "col": 9, "centroid_lat": 8.9350180180180185, "centroid_lon": 80.455583743779982, "minlat": 8.8899729729729735, "maxlat": 8.9800630630630636, "minlon": 80.410108916292842, "maxlon": 80.501058571267137, "area_km2": 99.593816497423816, "cell_type": "land" }, "geometry": { "type": "Polygon", "coordinates": [ [ [ 80.501058571267137, 8.889972972972974 ], [ 80.501058571267137, 8.980063063063064 ], [ 80.410108916292842, 8.980063063063064 ], [ 80.410108916292842, 8.889972972972974 ], [ 80.501058571267137, 8.889972972972974 ] ] ] } },
{ "type": "Feature", "properties": { "grid_id": "grid_34_10", "cell_number": 928, "row": 34, "col": 10, "centroid_lat": 8.9350180180180185, "centroid_lon": 80.546533398754292, "minlat": 8.8899729729729735, "maxlat": 8.9800630630630636, "minlon": 80.501058571267137, "maxlon": 80.592008226241433, "area_km2": 99.591111825671646, "cell_type": "land" }, "geometry": { "type": "Polygon", "coordinates": [ [ [ 80.592008226241433, 8.889972972972974 ], [ 80.592008226241433, 8.980063063063064 ], [ 80.501058571267137, 8.980063063063064 ], [ 80.501058571267137, 8.889972972972974 ], [ 80.592008226241433, 8.889972972972974 ] ] ] } },
{ "type": "Feature", "properties": { "grid_id": "grid_34_11", "cell_number": 929, "row": 34, "col": 11, "centroid_lat": 8.9350180180180185, "centroid_lon": 80.637483053728573, "minlat": 8.8899729729729735, "maxlat": 8.9800630630630636, "minlon": 80.592008226241433, "maxlon": 80.682957881215728, "area_km2": 99.588900247750686, "cell_type": "land" }, "geometry": { "type": "Polygon", "coordinates": [ [ [ 80.682957881215728, 8.889972972972974 ], [ 80.682957881215728, 8.980063063063064 ], [ 80.592008226241433, 8.980063063063064 ], [ 80.592008226241433, 8.889972972972974 ], [ 80.682957881215728, 8.889972972972974 ] ] ] } },
{ "type": "Feature", "properties": { "grid_id": "grid_34_12", "cell_number": 930, "row": 34, "col": 12, "centroid_lat": 8.9350180180180185, "centroid_lon": 80.728432708702854, "minlat": 8.8899729729729735, "maxlat": 8.9800630630630636, "minlon": 80.682957881215714, "maxlon": 80.773907536190009, "area_km2": 99.587181720236913, "cell_type": "land" }, "geometry": { "type": "Polygon", "coordinates": [ [ [ 80.773907536190009, 8.889972972972974 ], [ 80.773907536190009, 8.980063063063064 ], [ 80.682957881215714, 8.980063063063064 ], [ 80.682957881215714, 8.889972972972974 ], [ 80.773907536190009, 8.889972972972974 ] ] ] } },
{ "type": "Feature", "properties": { "grid_id": "grid_34_13", "cell_number": 931, "row": 34, "col": 13, "centroid_lat": 8.9350180180180185, "centroid_lon": 80.819382363677164, "minlat": 8.8899729729729735, "maxlat": 8.9800630630630636, "minlon": 80.773907536190009, "maxlon": 80.864857191164305, "area_km2": 99.585956209465081, "cell_type": "land" }, "geometry": { "type": "Polygon", "coordinates": [ [ [ 80.864857191164305, 8.889972972972974 ], [ 80.864857191164305, 8.980063063063064 ], [ 80.773907536190009, 8.980063063063064 ], [ 80.773907536190009, 8.889972972972974 ], [ 80.864857191164305, 8.889972972972974 ] ] ] } },
{ "type": "Feature", "properties": { "grid_id": "grid_34_14", "cell_number": 932, "row": 34, "col": 14, "centroid_lat": 8.9350180180180185, "centroid_lon": 80.910332018651459, "minlat": 8.8899729729729735, "maxlat": 8.9800630630630636, "minlon": 80.864857191164305, "maxlon": 80.9558068461386, "area_km2": 99.585223691398269, "cell_type": "land" }, "geometry": { "type": "Polygon", "coordinates": [ [ [ 80.9558068461386, 8.889972972972974 ], [ 80.9558068461386, 8.980063063063064 ], [ 80.864857191164305, 8.980063063063064 ], [ 80.864857191164305, 8.889972972972974 ], [ 80.9558068461386, 8.889972972972974 ] ] ] } },
{ "type": "Feature", "properties": { "grid_id": "grid_34_15", "cell_number": 933, "row": 34, "col": 15, "centroid_lat": 8.9350180180180185, "centroid_lon": 81.001281673625741, "minlat": 8.8899729729729735, "maxlat": 8.9800630630630636, "minlon": 80.9558068461386, "maxlon": 81.046756501112895, "area_km2": 99.584984151628959, "cell_type": "coastal" }, "geometry": { "type": "Polygon", "coordinates": [ [ [ 81.046756501112895, 8.889972972972974 ], [ 81.046756501112895, 8.980063063063064 ], [ 80.9558068461386, 8.980063063063064 ], [ 80.9558068461386, 8.889972972972974 ], [ 81.046756501112895, 8.889972972972974 ] ] ] } },
{ "type": "Feature", "properties": { "grid_id": "grid_34_16", "cell_number": 934, "row": 34, "col": 16, "centroid_lat": 8.9350180180180185, "centroid_lon": 81.09223132860005, "minlat": 8.8899729729729735, "maxlat": 8.9800630630630636, "minlon": 81.046756501112895, "maxlon": 81.137706156087191, "area_km2": 99.585237585497069, "cell_type": "coastal" }, "geometry": { "type": "Polygon", "coordinates": [ [ [ 81.137706156087191, 8.889972972972974 ], [ 81.137706156087191, 8.980063063063064 ], [ 81.046756501112895, 8.980063063063064 ], [ 81.046756501112895, 8.889972972972974 ], [ 81.137706156087191, 8.889972972972974 ] ] ] } },
{ "type": "Feature", "properties": { "grid_id": "grid_34_17", "cell_number": 935, "row": 34, "col": 17, "centroid_lat": 8.9350180180180185, "centroid_lon": 81.183180983574317, "minlat": 8.8899729729729735, "maxlat": 8.9800630630630636, "minlon": 81.137706156087177, "maxlon": 81.228655811061472, "area_km2": 99.585983997974012, "cell_type": "ocean" }, "geometry": { "type": "Polygon", "coordinates": [ [ [ 81.228655811061472, 8.889972972972974 ], [ 81.228655811061472, 8.980063063063064 ], [ 81.137706156087177, 8.980063063063064 ], [ 81.137706156087177, 8.889972972972974 ], [ 81.228655811061472, 8.889972972972974 ] ] ] } },
{ "type": "Feature", "properties": { "grid_id": "grid_34_18", "cell_number": 936, "row": 34, "col": 18, "centroid_lat": 8.9350180180180185, "centroid_lon": 81.274130638548613, "minlat": 8.8899729729729735, "maxlat": 8.9800630630630636, "minlon": 81.228655811061472, "maxlon": 81.319605466035767, "area_km2": 99.587223403662378, "cell_type": "ocean" }, "geometry": { "type": "Polygon", "coordinates": [ [ [ 81.319605466035767, 8.889972972972974 ], [ 81.319605466035767, 8.980063063063064 ], [ 81.228655811061472, 8.980063063063064 ], [ 81.228655811061472, 8.889972972972974 ], [ 81.319605466035767, 8.889972972972974 ] ] ] } },
{ "type": "Feature", "properties": { "grid_id": "grid_34_19", "cell_number": 937, "row": 34, "col": 19, "centroid_lat": 8.9350180180180185, "centroid_lon": 81.365080293522922, "minlat": 8.8899729729729735, "maxlat": 8.9800630630630636, "minlon": 81.319605466035767, "maxlon": 81.410555121010063, "area_km2": 99.588955826908972, "cell_type": "ocean" }, "geometry": { "type": "Polygon", "coordinates": [ [ [ 81.410555121010063, 8.889972972972974 ], [ 81.410555121010063, 8.980063063063064 ], [ 81.319605466035767, 8.980063063063064 ], [ 81.319605466035767, 8.889972972972974 ], [ 81.410555121010063, 8.889972972972974 ] ] ] } },
{ "type": "Feature", "properties": { "grid_id": "grid_34_20", "cell_number": 938, "row": 34, "col": 20, "centroid_lat": 8.9350180180180185, "centroid_lon": 81.456029948497232, "minlat": 8.8899729729729735, "maxlat": 8.9800630630630636, "minlon": 81.410555121010063, "maxlon": 81.501504775984358, "area_km2": 99.591181301695343, "cell_type": "ocean" }, "geometry": { "type": "Polygon", "coordinates": [ [ [ 81.501504775984358, 8.889972972972974 ], [ 81.501504775984358, 8.980063063063064 ], [ 81.410555121010063, 8.980063063063064 ], [ 81.410555121010063, 8.889972972972974 ], [ 81.501504775984358, 8.889972972972974 ] ] ] } },
{ "type": "Feature", "properties": { "grid_id": "grid_34_21", "cell_number": 939, "row": 34, "col": 21, "centroid_lat": 8.9350180180180185, "centroid_lon": 81.546979603471499, "minlat": 8.8899729729729735, "maxlat": 8.9800630630630636, "minlon": 81.501504775984358, "maxlon": 81.592454430958654, "area_km2": 99.59389987163344, "cell_type": "ocean" }, "geometry": { "type": "Polygon", "coordinates": [ [ [ 81.592454430958654, 8.889972972972974 ], [ 81.592454430958654, 8.980063063063064 ], [ 81.501504775984358, 8.980063063063064 ], [ 81.501504775984358, 8.889972972972974 ], [ 81.592454430958654, 8.889972972972974 ] ] ] } },
{ "type": "Feature", "properties": { "grid_id": "grid_34_22", "cell_number": 940, "row": 34, "col": 22, "centroid_lat": 8.9350180180180185, "centroid_lon": 81.63792925844578, "minlat": 8.8899729729729735, "maxlat": 8.9800630630630636, "minlon": 81.592454430958639, "maxlon": 81.683404085932935, "area_km2": 99.597111590087536, "cell_type": "ocean" }, "geometry": { "type": "Polygon", "coordinates": [ [ [ 81.683404085932935, 8.889972972972974 ], [ 81.683404085932935, 8.980063063063064 ], [ 81.592454430958639, 8.980063063063064 ], [ 81.592454430958639, 8.889972972972974 ], [ 81.683404085932935, 8.889972972972974 ] ] ] } },
{ "type": "Feature", "properties": { "grid_id": "grid_34_23", "cell_number": 941, "row": 34, "col": 23, "centroid_lat": 8.9350180180180185, "centroid_lon": 81.72887891342009, "minlat": 8.8899729729729735, "maxlat": 8.9800630630630636, "minlon": 81.683404085932935, "maxlon": 81.77435374090723, "area_km2": 99.600816520066147, "cell_type": "ocean" }, "geometry": { "type": "Polygon", "coordinates": [ [ [ 81.77435374090723, 8.889972972972974 ], [ 81.77435374090723, 8.980063063063064 ], [ 81.683404085932935, 8.980063063063064 ], [ 81.683404085932935, 8.889972972972974 ], [ 81.77435374090723, 8.889972972972974 ] ] ] } },
{ "type": "Feature", "properties": { "grid_id": "grid_34_24", "cell_number": 942, "row": 34, "col": 24, "centroid_lat": 8.9350180180180185, "centroid_lon": 81.819828568394371, "minlat": 8.8899729729729735, "maxlat": 8.9800630630630636, "minlon": 81.77435374090723, "maxlon": 81.865303395881526, "area_km2": 99.605014734204943, "cell_type": "ocean" }, "geometry": { "type": "Polygon", "coordinates": [ [ [ 81.865303395881526, 8.889972972972974 ], [ 81.865303395881526, 8.980063063063064 ], [ 81.77435374090723, 8.980063063063064 ], [ 81.77435374090723, 8.889972972972974 ], [ 81.865303395881526, 8.889972972972974 ] ] ] } },
{ "type": "Feature", "properties": { "grid_id": "grid_34_25", "cell_number": 943, "row": 34, "col": 25, "centroid_lat": 8.9350180180180185, "centroid_lon": 81.910778223368695, "minlat": 8.8899729729729735, "maxlat": 8.9800630630630636, "minlon": 81.865303395881526, "maxlon": 81.956253050855821, "area_km2": 99.609706314909701, "cell_type": "ocean" }, "geometry": { "type": "Polygon", "coordinates": [ [ [ 81.956253050855821, 8.889972972972974 ], [ 81.956253050855821, 8.980063063063064 ], [ 81.865303395881526, 8.980063063063064 ], [ 81.865303395881526, 8.889972972972974 ], [ 81.956253050855821, 8.889972972972974 ] ] ] } },
{ "type": "Feature", "properties": { "grid_id": "grid_34_26", "cell_number": 944, "row": 34, "col": 26, "centroid_lat": 8.9350180180180185, "centroid_lon": 82.001727878342962, "minlat": 8.8899729729729735, "maxlat": 8.9800630630630636, "minlon": 81.956253050855821, "maxlon": 82.047202705830117, "area_km2": 99.614891354231204, "cell_type": "ocean" }, "geometry": { "type": "Polygon", "coordinates": [ [ [ 82.047202705830117, 8.889972972972974 ], [ 82.047202705830117, 8.980063063063064 ], [ 81.956253050855821, 8.980063063063064 ], [ 81.956253050855821, 8.889972972972974 ], [ 82.047202705830117, 8.889972972972974 ] ] ] } },
{ "type": "Feature", "properties": { "grid_id": "grid_35_0", "cell_number": 945, "row": 35, "col": 0, "centroid_lat": 9.0251081081081086, "centroid_lon": 79.637036849011366, "minlat": 8.9800630630630636, "maxlat": 9.0701531531531536, "minlon": 79.591562021524211, "maxlon": 79.682511676498507, "area_km2": 99.616223375921905, "cell_type": "ocean" }, "geometry": { "type": "Polygon", "coordinates": [ [ [ 79.682511676498507, 8.980063063063064 ], [ 79.682511676498507, 9.070153153153154 ], [ 79.591562021524211, 9.070153153153154 ], [ 79.591562021524211, 8.980063063063064 ], [ 79.682511676498507, 8.980063063063064 ] ] ] } },
{ "type": "Feature", "properties": { "grid_id": "grid_35_1", "cell_number": 946, "row": 35, "col": 1, "centroid_lat": 9.0251081081081086, "centroid_lon": 79.727986503985662, "minlat": 8.9800630630630636, "maxlat": 9.0701531531531536, "minlon": 79.682511676498507, "maxlon": 79.773461331472802, "area_km2": 99.609082616154993, "cell_type": "ocean" }, "geometry": { "type": "Polygon", "coordinates": [ [ [ 79.773461331472802, 8.980063063063064 ], [ 79.773461331472802, 9.070153153153154 ], [ 79.682511676498507, 9.070153153153154 ], [ 79.682511676498507, 8.980063063063064 ], [ 79.773461331472802, 8.980063063063064 ] ] ] } },
{ "type": "Feature", "properties": { "grid_id": "grid_35_2", "cell_number": 947, "row": 35, "col": 2, "centroid_lat": 9.0251081081081086, "centroid_lon": 79.818936158959943, "minlat": 8.9800630630630636, "maxlat": 9.0701531531531536, "minlon": 79.773461331472802, "maxlon": 79.864410986447098, "area_km2": 99.602435409135637, "cell_type": "ocean" }, "geometry": { "type": "Polygon", "coordinates": [ [ [ 79.864410986447098, 8.980063063063064 ], [ 79.864410986447098, 9.070153153153154 ], [ 79.773461331472802, 9.070153153153154 ], [ 79.773461331472802, 8.980063063063064 ], [ 79.864410986447098, 8.980063063063064 ] ] ] } },
{ "type": "Feature", "properties": { "grid_id": "grid_35_3", "cell_number": 948, "row": 35, "col": 3, "centroid_lat": 9.0251081081081086, "centroid_lon": 79.909885813934224, "minlat": 8.9800630630630636, "maxlat": 9.0701531531531536, "minlon": 79.864410986447083, "maxlon": 79.955360641421379, "area_km2": 99.596281624465661, "cell_type": "coastal" }, "geometry": { "type": "Polygon", "coordinates": [ [ [ 79.955360641421379, 8.980063063063064 ], [ 79.955360641421379, 9.070153153153154 ], [ 79.864410986447083, 9.070153153153154 ], [ 79.864410986447083, 8.980063063063064 ], [ 79.955360641421379, 8.980063063063064 ] ] ] } },
{ "type": "Feature", "properties": { "grid_id": "grid_35_4", "cell_number": 949, "row": 35, "col": 4, "centroid_lat": 9.0251081081081086, "centroid_lon": 80.000835468908519, "minlat": 8.9800630630630636, "maxlat": 9.0701531531531536, "minlon": 79.955360641421379, "maxlon": 80.046310296395674, "area_km2": 99.590621141510994, "cell_type": "land" }, "geometry": { "type": "Polygon", "coordinates": [ [ [ 80.046310296395674, 8.980063063063064 ], [ 80.046310296395674, 9.070153153153154 ], [ 79.955360641421379, 9.070153153153154 ], [ 79.955360641421379, 8.980063063063064 ], [ 80.046310296395674, 8.980063063063064 ] ] ] } },
{ "type": "Feature", "properties": { "grid_id": "grid_35_5", "cell_number": 950, "row": 35, "col": 5, "centroid_lat": 9.0251081081081086, "centroid_lon": 80.091785123882829, "minlat": 8.9800630630630636, "maxlat": 9.0701531531531536, "minlon": 80.046310296395674, "maxlon": 80.13725995136997, "area_km2": 99.585453849282985, "cell_type": "land" }, "geometry": { "type": "Polygon", "coordinates": [ [ [ 80.13725995136997, 8.980063063063064 ], [ 80.13725995136997, 9.070153153153154 ], [ 80.046310296395674, 9.070153153153154 ], [ 80.046310296395674, 8.980063063063064 ], [ 80.13725995136997, 8.980063063063064 ] ] ] } },
{ "type": "Feature", "properties": { "grid_id": "grid_35_6", "cell_number": 951, "row": 35, "col": 6, "centroid_lat": 9.0251081081081086, "centroid_lon": 80.18273477885711, "minlat": 8.9800630630630636, "maxlat": 9.0701531531531536, "minlon": 80.13725995136997, "maxlon": 80.228209606344265, "area_km2": 99.580779646429207, "cell_type": "land" }, "geometry": { "type": "Polygon", "coordinates": [ [ [ 80.228209606344265, 8.980063063063064 ], [ 80.228209606344265, 9.070153153153154 ], [ 80.13725995136997, 9.070153153153154 ], [ 80.13725995136997, 8.980063063063064 ], [ 80.228209606344265, 8.980063063063064 ] ] ] } },
{ "type": "Feature", "properties": { "grid_id": "grid_35_7", "cell_number": 952, "row": 35, "col": 7, "centroid_lat": 9.0251081081081086, "centroid_lon": 80.273684433831406, "minlat": 8.9800630630630636, "maxlat": 9.0701531531531536, "minlon": 80.228209606344265, "maxlon": 80.319159261318561, "area_km2": 99.576598441354449, "cell_type": "land" }, "geometry": { "type": "Polygon", "coordinates": [ [ [ 80.319159261318561, 8.980063063063064 ], [ 80.319159261318561, 9.070153153153154 ], [ 80.228209606344265, 9.070153153153154 ], [ 80.228209606344265, 8.980063063063064 ], [ 80.319159261318561, 8.980063063063064 ] ] ] } },
{ "type": "Feature", "properties": { "grid_id": "grid_35_8", "cell_number": 953, "row": 35, "col": 8, "centroid_lat": 9.0251081081081086, "centroid_lon": 80.364634088805687, "minlat": 8.9800630630630636, "maxlat": 9.0701531531531536, "minlon": 80.319159261318546, "maxlon": 80.410108916292842, "area_km2": 99.572910152090401, "cell_type": "land" }, "geometry": { "type": "Polygon", "coordinates": [ [ [ 80.410108916292842, 8.980063063063064 ], [ 80.410108916292842, 9.070153153153154 ], [ 80.319159261318546, 9.070153153153154 ], [ 80.319159261318546, 8.980063063063064 ], [ 80.410108916292842, 8.980063063063064 ] ] ] } },
{ "type": "Feature", "properties": { "grid_id": "grid_35_9", "cell_number": 954, "row": 35, "col": 9, "centroid_lat": 9.0251081081081086, "centroid_lon": 80.455583743779982, "minlat": 8.9800630630630636, "maxlat": 9.0701531531531536, "minlon": 80.410108916292842, "maxlon": 80.501058571267137, "area_km2": 99.569714706298768, "cell_type": "land" }, "geometry": { "type": "Polygon", "coordinates": [ [ [ 80.501058571267137, 8.980063063063064 ], [ 80.501058571267137, 9.070153153153154 ], [ 80.410108916292842, 9.070153153153154 ], [ 80.410108916292842, 8.980063063063064 ], [ 80.501058571267137, 8.980063063063064 ] ] ] } },
{ "type": "Feature", "properties": { "grid_id": "grid_35_10", "cell_number": 955, "row": 35, "col": 10, "centroid_lat": 9.0251081081081086, "centroid_lon": 80.546533398754292, "minlat": 8.9800630630630636, "maxlat": 9.0701531531531536, "minlon": 80.501058571267137, "maxlon": 80.592008226241433, "area_km2": 99.567012041384075, "cell_type": "land" }, "geometry": { "type": "Polygon", "coordinates": [ [ [ 80.592008226241433, 8.980063063063064 ], [ 80.592008226241433, 9.070153153153154 ], [ 80.501058571267137, 9.070153153153154 ], [ 80.501058571267137, 8.980063063063064 ], [ 80.592008226241433, 8.980063063063064 ] ] ] } },
{ "type": "Feature", "properties": { "grid_id": "grid_35_11", "cell_number": 956, "row": 35, "col": 11, "centroid_lat": 9.0251081081081086, "centroid_lon": 80.637483053728573, "minlat": 8.9800630630630636, "maxlat": 9.0701531531531536, "minlon": 80.592008226241433, "maxlon": 80.682957881215728, "area_km2": 99.56480210437644, "cell_type": "land" }, "geometry": { "type": "Polygon", "coordinates": [ [ [ 80.682957881215728, 8.980063063063064 ], [ 80.682957881215728, 9.070153153153154 ], [ 80.592008226241433, 9.070153153153154 ], [ 80.592008226241433, 8.980063063063064 ], [ 80.682957881215728, 8.980063063063064 ] ] ] } },
{ "type": "Feature", "properties": { "grid_id": "grid_35_12", "cell_number": 957, "row": 35, "col": 12, "centroid_lat": 9.0251081081081086, "centroid_lon": 80.728432708702854, "minlat": 8.9800630630630636, "maxlat": 9.0701531531531536, "minlon": 80.682957881215714, "maxlon": 80.773907536190009, "area_km2": 99.563084851915931, "cell_type": "land" }, "geometry": { "type": "Polygon", "coordinates": [ [ [ 80.773907536190009, 8.980063063063064 ], [ 80.773907536190009, 9.070153153153154 ], [ 80.682957881215714, 9.070153153153154 ], [ 80.682957881215714, 8.980063063063064 ], [ 80.773907536190009, 8.980063063063064 ] ] ] } },
{ "type": "Feature", "properties": { "grid_id": "grid_35_13", "cell_number": 958, "row": 35, "col": 13, "centroid_lat": 9.0251081081081086, "centroid_lon": 80.819382363677164, "minlat": 8.9800630630630636, "maxlat": 9.0701531531531536, "minlon": 80.773907536190009, "maxlon": 80.864857191164305, "area_km2": 99.561860250386658, "cell_type": "land" }, "geometry": { "type": "Polygon", "coordinates": [ [ [ 80.864857191164305, 8.980063063063064 ], [ 80.864857191164305, 9.070153153153154 ], [ 80.773907536190009, 9.070153153153154 ], [ 80.773907536190009, 8.980063063063064 ], [ 80.864857191164305, 8.980063063063064 ] ] ] } },
{ "type": "Feature", "properties": { "grid_id": "grid_35_14", "cell_number": 959, "row": 35, "col": 14, "centroid_lat": 9.0251081081081086, "centroid_lon": 80.910332018651459, "minlat": 8.9800630630630636, "maxlat": 9.0701531531531536, "minlon": 80.864857191164305, "maxlon": 80.9558068461386, "area_km2": 99.561128275789713, "cell_type": "land" }, "geometry": { "type": "Polygon", "coordinates": [ [ [ 80.9558068461386, 8.980063063063064 ], [ 80.9558068461386, 9.070153153153154 ], [ 80.864857191164305, 9.070153153153154 ], [ 80.864857191164305, 8.980063063063064 ], [ 80.9558068461386, 8.980063063063064 ] ] ] } },
{ "type": "Feature", "properties": { "grid_id": "grid_35_15", "cell_number": 960, "row": 35, "col": 15, "centroid_lat": 9.0251081081081086, "centroid_lon": 81.001281673625741, "minlat": 8.9800630630630636, "maxlat": 9.0701531531531536, "minlon": 80.9558068461386, "maxlon": 81.046756501112895, "area_km2": 99.560888913737372, "cell_type": "coastal" }, "geometry": { "type": "Polygon", "coordinates": [ [ [ 81.046756501112895, 8.980063063063064 ], [ 81.046756501112895, 9.070153153153154 ], [ 80.9558068461386, 9.070153153153154 ], [ 80.9558068461386, 8.980063063063064 ], [ 81.046756501112895, 8.980063063063064 ] ] ] } },
{ "type": "Feature", "properties": { "grid_id": "grid_35_16", "cell_number": 961, "row": 35, "col": 16, "centroid_lat": 9.0251081081081086, "centroid_lon": 81.09223132860005, "minlat": 8.9800630630630636, "maxlat": 9.0701531531531536, "minlon": 81.046756501112895, "maxlon": 81.137706156087191, "area_km2": 99.561142159579433, "cell_type": "ocean" }, "geometry": { "type": "Polygon", "coordinates": [ [ [ 81.137706156087191, 8.980063063063064 ], [ 81.137706156087191, 9.070153153153154 ], [ 81.046756501112895, 9.070153153153154 ], [ 81.046756501112895, 8.980063063063064 ], [ 81.137706156087191, 8.980063063063064 ] ] ] } },
{ "type": "Feature", "properties": { "grid_id": "grid_35_17", "cell_number": 962, "row": 35, "col": 17, "centroid_lat": 9.0251081081081086, "centroid_lon": 81.183180983574317, "minlat": 8.9800630630630636, "maxlat": 9.0701531531531536, "minlon": 81.137706156087177, "maxlon": 81.228655811061472, "area_km2": 99.561888018280086, "cell_type": "ocean" }, "geometry": { "type": "Polygon", "coordinates": [ [ [ 81.228655811061472, 8.980063063063064 ], [ 81.228655811061472, 9.070153153153154 ], [ 81.137706156087177, 9.070153153153154 ], [ 81.137706156087177, 8.980063063063064 ], [ 81.228655811061472, 8.980063063063064 ] ] ] } },
{ "type": "Feature", "properties": { "grid_id": "grid_35_18", "cell_number": 963, "row": 35, "col": 18, "centroid_lat": 9.0251081081081086, "centroid_lon": 81.274130638548613, "minlat": 8.9800630630630636, "maxlat": 9.0701531531531536, "minlon": 81.228655811061472, "maxlon": 81.319605466035767, "area_km2": 99.56312650441447, "cell_type": "ocean" }, "geometry": { "type": "Polygon", "coordinates": [ [ [ 81.319605466035767, 8.980063063063064 ], [ 81.319605466035767, 9.070153153153154 ], [ 81.228655811061472, 9.070153153153154 ], [ 81.228655811061472, 8.980063063063064 ], [ 81.319605466035767, 8.980063063063064 ] ] ] } },
{ "type": "Feature", "properties": { "grid_id": "grid_35_19", "cell_number": 964, "row": 35, "col": 19, "centroid_lat": 9.0251081081081086, "centroid_lon": 81.365080293522922, "minlat": 8.9800630630630636, "maxlat": 9.0701531531531536, "minlon": 81.319605466035767, "maxlon": 81.410555121010063, "area_km2": 99.56485764229717, "cell_type": "ocean" }, "geometry": { "type": "Polygon", "coordinates": [ [ [ 81.410555121010063, 8.980063063063064 ], [ 81.410555121010063, 9.070153153153154 ], [ 81.319605466035767, 9.070153153153154 ], [ 81.319605466035767, 8.980063063063064 ], [ 81.410555121010063, 8.980063063063064 ] ] ] } },
{ "type": "Feature", "properties": { "grid_id": "grid_35_20", "cell_number": 965, "row": 35, "col": 20, "centroid_lat": 9.0251081081081086, "centroid_lon": 81.456029948497232, "minlat": 8.9800630630630636, "maxlat": 9.0701531531531536, "minlon": 81.410555121010063, "maxlon": 81.501504775984358, "area_km2": 99.567081465857328, "cell_type": "ocean" }, "geometry": { "type": "Polygon", "coordinates": [ [ [ 81.501504775984358, 8.980063063063064 ], [ 81.501504775984358, 9.070153153153154 ], [ 81.410555121010063, 9.070153153153154 ], [ 81.410555121010063, 8.980063063063064 ], [ 81.501504775984358, 8.980063063063064 ] ] ] } },
{ "type": "Feature", "properties": { "grid_id": "grid_35_21", "cell_number": 966, "row": 35, "col": 21, "centroid_lat": 9.0251081081081086, "centroid_lon": 81.546979603471499, "minlat": 8.9800630630630636, "maxlat": 9.0701531531531536, "minlon": 81.501504775984358, "maxlon": 81.592454430958654, "area_km2": 99.569798018642814, "cell_type": "ocean" }, "geometry": { "type": "Polygon", "coordinates": [ [ [ 81.592454430958654, 8.980063063063064 ], [ 81.592454430958654, 9.070153153153154 ], [ 81.501504775984358, 9.070153153153154 ], [ 81.501504775984358, 8.980063063063064 ], [ 81.592454430958654, 8.980063063063064 ] ] ] } },
{ "type": "Feature", "properties": { "grid_id": "grid_35_22", "cell_number": 967, "row": 35, "col": 22, "centroid_lat": 9.0251081081081086, "centroid_lon": 81.63792925844578, "minlat": 8.9800630630630636, "maxlat": 9.0701531531531536, "minlon": 81.592454430958639, "maxlon": 81.683404085932935, "area_km2": 99.57300735393882, "cell_type": "ocean" }, "geometry": { "type": "Polygon", "coordinates": [ [ [ 81.683404085932935, 8.980063063063064 ], [ 81.683404085932935, 9.070153153153154 ], [ 81.592454430958639, 9.070153153153154 ], [ 81.592454430958639, 8.980063063063064 ], [ 81.683404085932935, 8.980063063063064 ] ] ] } },
{ "type": "Feature", "properties": { "grid_id": "grid_35_23", "cell_number": 968, "row": 35, "col": 23, "centroid_lat": 9.0251081081081086, "centroid_lon": 81.72887891342009, "minlat": 8.9800630630630636, "maxlat": 9.0701531531531536, "minlon": 81.683404085932935, "maxlon": 81.77435374090723, "area_km2": 99.576709534652053, "cell_type": "ocean" }, "geometry": { "type": "Polygon", "coordinates": [ [ [ 81.77435374090723, 8.980063063063064 ], [ 81.77435374090723, 9.070153153153154 ], [ 81.683404085932935, 9.070153153153154 ], [ 81.683404085932935, 8.980063063063064 ], [ 81.77435374090723, 8.980063063063064 ] ] ] } },
{ "type": "Feature", "properties": { "grid_id": "grid_35_24", "cell_number": 969, "row": 35, "col": 24, "centroid_lat": 9.0251081081081086, "centroid_lon": 81.819828568394371, "minlat": 8.9800630630630636, "maxlat": 9.0701531531531536, "minlon": 81.77435374090723, "maxlon": 81.865303395881526, "area_km2": 99.580904633314177, "cell_type": "ocean" }, "geometry": { "type": "Polygon", "coordinates": [ [ [ 81.865303395881526, 8.980063063063064 ], [ 81.865303395881526, 9.070153153153154 ], [ 81.77435374090723, 9.070153153153154 ], [ 81.77435374090723, 8.980063063063064 ], [ 81.865303395881526, 8.980063063063064 ] ] ] } },
{ "type": "Feature", "properties": { "grid_id": "grid_35_25", "cell_number": 970, "row": 35, "col": 25, "centroid_lat": 9.0251081081081086, "centroid_lon": 81.910778223368695, "minlat": 8.9800630630630636, "maxlat": 9.0701531531531536, "minlon": 81.865303395881526, "maxlon": 81.956253050855821, "area_km2": 99.585592732207715, "cell_type": "ocean" }, "geometry": { "type": "Polygon", "coordinates": [ [ [ 81.956253050855821, 8.980063063063064 ], [ 81.956253050855821, 9.070153153153154 ], [ 81.865303395881526, 9.070153153153154 ], [ 81.865303395881526, 8.980063063063064 ], [ 81.956253050855821, 8.980063063063064 ] ] ] } },
{ "type": "Feature", "properties": { "grid_id": "grid_35_26", "cell_number": 971, "row": 35, "col": 26, "centroid_lat": 9.0251081081081086, "centroid_lon": 82.001727878342962, "minlat": 8.9800630630630636, "maxlat": 9.0701531531531536, "minlon": 81.956253050855821, "maxlon": 82.047202705830117, "area_km2": 99.590773923237052, "cell_type": "ocean" }, "geometry": { "type": "Polygon", "coordinates": [ [ [ 82.047202705830117, 8.980063063063064 ], [ 82.047202705830117, 9.070153153153154 ], [ 81.956253050855821, 9.070153153153154 ], [ 81.956253050855821, 8.980063063063064 ], [ 82.047202705830117, 8.980063063063064 ] ] ] } },
{ "type": "Feature", "properties": { "grid_id": "grid_36_0", "cell_number": 972, "row": 36, "col": 0, "centroid_lat": 9.1151981981981987, "centroid_lon": 79.637036849011366, "minlat": 9.0701531531531536, "maxlat": 9.1602432432432437, "minlon": 79.591562021524211, "maxlon": 79.682511676498507, "area_km2": 99.591846450982359, "cell_type": "ocean" }, "geometry": { "type": "Polygon", "coordinates": [ [ [ 79.682511676498507, 9.070153153153154 ], [ 79.682511676498507, 9.160243243243244 ], [ 79.591562021524211, 9.160243243243244 ], [ 79.591562021524211, 9.070153153153154 ], [ 79.682511676498507, 9.070153153153154 ] ] ] } },
{ "type": "Feature", "properties": { "grid_id": "grid_36_1", "cell_number": 973, "row": 36, "col": 1, "centroid_lat": 9.1151981981981987, "centroid_lon": 79.727986503985662, "minlat": 9.0701531531531536, "maxlat": 9.1602432432432437, "minlon": 79.682511676498507, "maxlon": 79.773461331472802, "area_km2": 99.584711046871433, "cell_type": "ocean" }, "geometry": { "type": "Polygon", "coordinates": [ [ [ 79.773461331472802, 9.070153153153154 ], [ 79.773461331472802, 9.160243243243244 ], [ 79.682511676498507, 9.160243243243244 ], [ 79.682511676498507, 9.070153153153154 ], [ 79.773461331472802, 9.070153153153154 ] ] ] } },
{ "type": "Feature", "properties": { "grid_id": "grid_36_2", "cell_number": 974, "row": 36, "col": 2, "centroid_lat": 9.1151981981981987, "centroid_lon": 79.818936158959943, "minlat": 9.0701531531531536, "maxlat": 9.1602432432432437, "minlon": 79.773461331472802, "maxlon": 79.864410986447098, "area_km2": 99.578068824869248, "cell_type": "ocean" }, "geometry": { "type": "Polygon", "coordinates": [ [ [ 79.864410986447098, 9.070153153153154 ], [ 79.864410986447098, 9.160243243243244 ], [ 79.773461331472802, 9.160243243243244 ], [ 79.773461331472802, 9.070153153153154 ], [ 79.864410986447098, 9.070153153153154 ] ] ] } },
{ "type": "Feature", "properties": { "grid_id": "grid_36_3", "cell_number": 975, "row": 36, "col": 3, "centroid_lat": 9.1151981981981987, "centroid_lon": 79.909885813934224, "minlat": 9.0701531531531536, "maxlat": 9.1602432432432437, "minlon": 79.864410986447083, "maxlon": 79.955360641421379, "area_km2": 99.571919654770198, "cell_type": "coastal" }, "geometry": { "type": "Polygon", "coordinates": [ [ [ 79.955360641421379, 9.070153153153154 ], [ 79.955360641421379, 9.160243243243244 ], [ 79.864410986447083, 9.160243243243244 ], [ 79.864410986447083, 9.070153153153154 ], [ 79.955360641421379, 9.070153153153154 ] ] ] } },
{ "type": "Feature", "properties": { "grid_id": "grid_36_4", "cell_number": 976, "row": 36, "col": 4, "centroid_lat": 9.1151981981981987, "centroid_lon": 80.000835468908519, "minlat": 9.0701531531531536, "maxlat": 9.1602432432432437, "minlon": 79.955360641421379, "maxlon": 80.046310296395674, "area_km2": 99.56626341612882, "cell_type": "coastal" }, "geometry": { "type": "Polygon", "coordinates": [ [ [ 80.046310296395674, 9.070153153153154 ], [ 80.046310296395674, 9.160243243243244 ], [ 79.955360641421379, 9.160243243243244 ], [ 79.955360641421379, 9.070153153153154 ], [ 80.046310296395674, 9.070153153153154 ] ] ] } },
{ "type": "Feature", "properties": { "grid_id": "grid_36_5", "cell_number": 977, "row": 36, "col": 5, "centroid_lat": 9.1151981981981987, "centroid_lon": 80.091785123882829, "minlat": 9.0701531531531536, "maxlat": 9.1602432432432437, "minlon": 80.046310296395674, "maxlon": 80.13725995136997, "area_km2": 99.561099998127546, "cell_type": "land" }, "geometry": { "type": "Polygon", "coordinates": [ [ [ 80.13725995136997, 9.070153153153154 ], [ 80.13725995136997, 9.160243243243244 ], [ 80.046310296395674, 9.160243243243244 ], [ 80.046310296395674, 9.070153153153154 ], [ 80.13725995136997, 9.070153153153154 ] ] ] } },
{ "type": "Feature", "properties": { "grid_id": "grid_36_6", "cell_number": 978, "row": 36, "col": 6, "centroid_lat": 9.1151981981981987, "centroid_lon": 80.18273477885711, "minlat": 9.0701531531531536, "maxlat": 9.1602432432432437, "minlon": 80.13725995136997, "maxlon": 80.228209606344265, "area_km2": 99.556429299562396, "cell_type": "land" }, "geometry": { "type": "Polygon", "coordinates": [ [ [ 80.228209606344265, 9.070153153153154 ], [ 80.228209606344265, 9.160243243243244 ], [ 80.13725995136997, 9.160243243243244 ], [ 80.13725995136997, 9.070153153153154 ], [ 80.228209606344265, 9.070153153153154 ] ] ] } },
{ "type": "Feature", "properties": { "grid_id": "grid_36_7", "cell_number": 979, "row": 36, "col": 7, "centroid_lat": 9.1151981981981987, "centroid_lon": 80.273684433831406, "minlat": 9.0701531531531536, "maxlat": 9.1602432432432437, "minlon": 80.228209606344265, "maxlon": 80.319159261318561, "area_km2": 99.552251228983167, "cell_type": "land" }, "geometry": { "type": "Polygon", "coordinates": [ [ [ 80.319159261318561, 9.070153153153154 ], [ 80.319159261318561, 9.160243243243244 ], [ 80.228209606344265, 9.160243243243244 ], [ 80.228209606344265, 9.070153153153154 ], [ 80.319159261318561, 9.070153153153154 ] ] ] } },
{ "type": "Feature", "properties": { "grid_id": "grid_36_8", "cell_number": 980, "row": 36, "col": 8, "centroid_lat": 9.1151981981981987, "centroid_lon": 80.364634088805687, "minlat": 9.0701531531531536, "maxlat": 9.1602432432432437, "minlon": 80.319159261318546, "maxlon": 80.410108916292842, "area_km2": 99.548565704547016, "cell_type": "land" }, "geometry": { "type": "Polygon", "coordinates": [ [ [ 80.410108916292842, 9.070153153153154 ], [ 80.410108916292842, 9.160243243243244 ], [ 80.319159261318546, 9.160243243243244 ], [ 80.319159261318546, 9.070153153153154 ], [ 80.410108916292842, 9.070153153153154 ] ] ] } },
{ "type": "Feature", "properties": { "grid_id": "grid_36_9", "cell_number": 981, "row": 36, "col": 9, "centroid_lat": 9.1151981981981987, "centroid_lon": 80.455583743779982, "minlat": 9.0701531531531536, "maxlat": 9.1602432432432437, "minlon": 80.410108916292842, "maxlon": 80.501058571267137, "area_km2": 99.545372654021975, "cell_type": "land" }, "geometry": { "type": "Polygon", "coordinates": [ [ [ 80.501058571267137, 9.070153153153154 ], [ 80.501058571267137, 9.160243243243244 ], [ 80.410108916292842, 9.160243243243244 ], [ 80.410108916292842, 9.070153153153154 ], [ 80.501058571267137, 9.070153153153154 ] ] ] } },
{ "type": "Feature", "properties": { "grid_id": "grid_36_10", "cell_number": 982, "row": 36, "col": 10, "centroid_lat": 9.1151981981981987, "centroid_lon": 80.546533398754292, "minlat": 9.0701531531531536, "maxlat": 9.1602432432432437, "minlon": 80.501058571267137, "maxlon": 80.592008226241433, "area_km2": 99.542672014911886, "cell_type": "land" }, "geometry": { "type": "Polygon", "coordinates": [ [ [ 80.592008226241433, 9.070153153153154 ], [ 80.592008226241433, 9.160243243243244 ], [ 80.501058571267137, 9.160243243243244 ], [ 80.501058571267137, 9.070153153153154 ], [ 80.592008226241433, 9.070153153153154 ] ] ] } },
{ "type": "Feature", "properties": { "grid_id": "grid_36_11", "cell_number": 983, "row": 36, "col": 11, "centroid_lat": 9.1151981981981987, "centroid_lon": 80.637483053728573, "minlat": 9.0701531531531536, "maxlat": 9.1602432432432437, "minlon": 80.592008226241433, "maxlon": 80.682957881215728, "area_km2": 99.540463734321321, "cell_type": "land" }, "geometry": { "type": "Polygon", "coordinates": [ [ [ 80.682957881215728, 9.070153153153154 ], [ 80.682957881215728, 9.160243243243244 ], [ 80.592008226241433, 9.160243243243244 ], [ 80.592008226241433, 9.070153153153154 ], [ 80.682957881215728, 9.070153153153154 ] ] ] } },
{ "type": "Feature", "properties": { "grid_id": "grid_36_12", "cell_number": 984, "row": 36, "col": 12, "centroid_lat": 9.1151981981981987, "centroid_lon": 80.728432708702854, "minlat": 9.0701531531531536, "maxlat": 9.1602432432432437, "minlon": 80.682957881215714, "maxlon": 80.773907536190009, "area_km2": 99.538747768959368, "cell_type": "land" }, "geometry": { "type": "Polygon", "coordinates": [ [ [ 80.773907536190009, 9.070153153153154 ], [ 80.773907536190009, 9.160243243243244 ], [ 80.682957881215714, 9.160243243243244 ], [ 80.682957881215714, 9.070153153153154 ], [ 80.773907536190009, 9.070153153153154 ] ] ] } },
{ "type": "Feature", "properties": { "grid_id": "grid_36_13", "cell_number": 985, "row": 36, "col": 13, "centroid_lat": 9.1151981981981987, "centroid_lon": 80.819382363677164, "minlat": 9.0701531531531536, "maxlat": 9.1602432432432437, "minlon": 80.773907536190009, "maxlon": 80.864857191164305, "area_km2": 99.537524085266313, "cell_type": "land" }, "geometry": { "type": "Polygon", "coordinates": [ [ [ 80.864857191164305, 9.070153153153154 ], [ 80.864857191164305, 9.160243243243244 ], [ 80.773907536190009, 9.160243243243244 ], [ 80.773907536190009, 9.070153153153154 ], [ 80.864857191164305, 9.070153153153154 ] ] ] } },
{ "type": "Feature", "properties": { "grid_id": "grid_36_14", "cell_number": 986, "row": 36, "col": 14, "centroid_lat": 9.1151981981981987, "centroid_lon": 80.910332018651459, "minlat": 9.0701531531531536, "maxlat": 9.1602432432432437, "minlon": 80.864857191164305, "maxlon": 80.9558068461386, "area_km2": 99.536792659274525, "cell_type": "coastal" }, "geometry": { "type": "Polygon", "coordinates": [ [ [ 80.9558068461386, 9.070153153153154 ], [ 80.9558068461386, 9.160243243243244 ], [ 80.864857191164305, 9.160243243243244 ], [ 80.864857191164305, 9.070153153153154 ], [ 80.9558068461386, 9.070153153153154 ] ] ] } },
{ "type": "Feature", "properties": { "grid_id": "grid_36_15", "cell_number": 987, "row": 36, "col": 15, "centroid_lat": 9.1151981981981987, "centroid_lon": 81.001281673625741, "minlat": 9.0701531531531536, "maxlat": 9.1602432432432437, "minlon": 80.9558068461386, "maxlon": 81.046756501112895, "area_km2": 99.536553476617513, "cell_type": "coastal" }, "geometry": { "type": "Polygon", "coordinates": [ [ [ 81.046756501112895, 9.070153153153154 ], [ 81.046756501112895, 9.160243243243244 ], [ 80.9558068461386, 9.160243243243244 ], [ 80.9558068461386, 9.070153153153154 ], [ 81.046756501112895, 9.070153153153154 ] ] ] } },
{ "type": "Feature", "properties": { "grid_id": "grid_36_16", "cell_number": 988, "row": 36, "col": 16, "centroid_lat": 9.1151981981981987, "centroid_lon": 81.09223132860005, "minlat": 9.0701531531531536, "maxlat": 9.1602432432432437, "minlon": 81.046756501112895, "maxlon": 81.137706156087191, "area_km2": 99.536806532656968, "cell_type": "ocean" }, "geometry": { "type": "Polygon", "coordinates": [ [ [ 81.137706156087191, 9.070153153153154 ], [ 81.137706156087191, 9.160243243243244 ], [ 81.046756501112895, 9.160243243243244 ], [ 81.046756501112895, 9.070153153153154 ], [ 81.137706156087191, 9.070153153153154 ] ] ] } },
{ "type": "Feature", "properties": { "grid_id": "grid_36_17", "cell_number": 989, "row": 36, "col": 17, "centroid_lat": 9.1151981981981987, "centroid_lon": 81.183180983574317, "minlat": 9.0701531531531536, "maxlat": 9.1602432432432437, "minlon": 81.137706156087177, "maxlon": 81.228655811061472, "area_km2": 99.537551832346736, "cell_type": "ocean" }, "geometry": { "type": "Polygon", "coordinates": [ [ [ 81.228655811061472, 9.070153153153154 ], [ 81.228655811061472, 9.160243243243244 ], [ 81.137706156087177, 9.160243243243244 ], [ 81.137706156087177, 9.070153153153154 ], [ 81.228655811061472, 9.070153153153154 ] ] ] } },
{ "type": "Feature", "properties": { "grid_id": "grid_36_18", "cell_number": 990, "row": 36, "col": 18, "centroid_lat": 9.1151981981981987, "centroid_lon": 81.274130638548613, "minlat": 9.0701531531531536, "maxlat": 9.1602432432432437, "minlon": 81.228655811061472, "maxlon": 81.319605466035767, "area_km2": 99.538789390239032, "cell_type": "ocean" }, "geometry": { "type": "Polygon", "coordinates": [ [ [ 81.319605466035767, 9.070153153153154 ], [ 81.319605466035767, 9.160243243243244 ], [ 81.228655811061472, 9.160243243243244 ], [ 81.228655811061472, 9.070153153153154 ], [ 81.319605466035767, 9.070153153153154 ] ] ] } },
{ "type": "Feature", "properties": { "grid_id": "grid_36_19", "cell_number": 991, "row": 36, "col": 19, "centroid_lat": 9.1151981981981987, "centroid_lon": 81.365080293522922, "minlat": 9.0701531531531536, "maxlat": 9.1602432432432437, "minlon": 81.319605466035767, "maxlon": 81.410555121010063, "area_km2": 99.540519230612958, "cell_type": "ocean" }, "geometry": { "type": "Polygon", "coordinates": [ [ [ 81.410555121010063, 9.070153153153154 ], [ 81.410555121010063, 9.160243243243244 ], [ 81.319605466035767, 9.160243243243244 ], [ 81.319605466035767, 9.070153153153154 ], [ 81.410555121010063, 9.070153153153154 ] ] ] } },
{ "type": "Feature", "properties": { "grid_id": "grid_36_20", "cell_number": 992, "row": 36, "col": 20, "centroid_lat": 9.1151981981981987, "centroid_lon": 81.456029948497232, "minlat": 9.0701531531531536, "maxlat": 9.1602432432432437, "minlon": 81.410555121010063, "maxlon": 81.501504775984358, "area_km2": 99.54274138734668, "cell_type": "ocean" }, "geometry": { "type": "Polygon", "coordinates": [ [ [ 81.501504775984358, 9.070153153153154 ], [ 81.501504775984358, 9.160243243243244 ], [ 81.410555121010063, 9.160243243243244 ], [ 81.410555121010063, 9.070153153153154 ], [ 81.501504775984358, 9.070153153153154 ] ] ] } },
{ "type": "Feature", "properties": { "grid_id": "grid_36_21", "cell_number": 993, "row": 36, "col": 21, "centroid_lat": 9.1151981981981987, "centroid_lon": 81.546979603471499, "minlat": 9.0701531531531536, "maxlat": 9.1602432432432437, "minlon": 81.501504775984358, "maxlon": 81.592454430958654, "area_km2": 99.54545590391777, "cell_type": "ocean" }, "geometry": { "type": "Polygon", "coordinates": [ [ [ 81.592454430958654, 9.070153153153154 ], [ 81.592454430958654, 9.160243243243244 ], [ 81.501504775984358, 9.160243243243244 ], [ 81.501504775984358, 9.070153153153154 ], [ 81.592454430958654, 9.070153153153154 ] ] ] } },
{ "type": "Feature", "properties": { "grid_id": "grid_36_22", "cell_number": 994, "row": 36, "col": 22, "centroid_lat": 9.1151981981981987, "centroid_lon": 81.63792925844578, "minlat": 9.0701531531531536, "maxlat": 9.1602432432432437, "minlon": 81.592454430958639, "maxlon": 81.683404085932935, "area_km2": 99.548662833531807, "cell_type": "ocean" }, "geometry": { "type": "Polygon", "coordinates": [ [ [ 81.683404085932935, 9.070153153153154 ], [ 81.683404085932935, 9.160243243243244 ], [ 81.592454430958639, 9.160243243243244 ], [ 81.592454430958639, 9.070153153153154 ], [ 81.683404085932935, 9.070153153153154 ] ] ] } },
{ "type": "Feature", "properties": { "grid_id": "grid_36_23", "cell_number": 995, "row": 36, "col": 23, "centroid_lat": 9.1151981981981987, "centroid_lon": 81.72887891342009, "minlat": 9.0701531531531536, "maxlat": 9.1602432432432437, "minlon": 81.683404085932935, "maxlon": 81.77435374090723, "area_km2": 99.552362239003187, "cell_type": "ocean" }, "geometry": { "type": "Polygon", "coordinates": [ [ [ 81.77435374090723, 9.070153153153154 ], [ 81.77435374090723, 9.160243243243244 ], [ 81.683404085932935, 9.160243243243244 ], [ 81.683404085932935, 9.070153153153154 ], [ 81.77435374090723, 9.070153153153154 ] ] ] } },
{ "type": "Feature", "properties": { "grid_id": "grid_36_24", "cell_number": 996, "row": 36, "col": 24, "centroid_lat": 9.1151981981981987, "centroid_lon": 81.819828568394371, "minlat": 9.0701531531531536, "maxlat": 9.1602432432432437, "minlon": 81.77435374090723, "maxlon": 81.865303395881526, "area_km2": 99.556554192749246, "cell_type": "ocean" }, "geometry": { "type": "Polygon", "coordinates": [ [ [ 81.865303395881526, 9.070153153153154 ], [ 81.865303395881526, 9.160243243243244 ], [ 81.77435374090723, 9.160243243243244 ], [ 81.77435374090723, 9.070153153153154 ], [ 81.865303395881526, 9.070153153153154 ] ] ] } },
{ "type": "Feature", "properties": { "grid_id": "grid_36_25", "cell_number": 997, "row": 36, "col": 25, "centroid_lat": 9.1151981981981987, "centroid_lon": 81.910778223368695, "minlat": 9.0701531531531536, "maxlat": 9.1602432432432437, "minlon": 81.865303395881526, "maxlon": 81.956253050855821, "area_km2": 99.561238776926544, "cell_type": "ocean" }, "geometry": { "type": "Polygon", "coordinates": [ [ [ 81.956253050855821, 9.070153153153154 ], [ 81.956253050855821, 9.160243243243244 ], [ 81.865303395881526, 9.160243243243244 ], [ 81.865303395881526, 9.070153153153154 ], [ 81.956253050855821, 9.070153153153154 ] ] ] } },
{ "type": "Feature", "properties": { "grid_id": "grid_36_26", "cell_number": 998, "row": 36, "col": 26, "centroid_lat": 9.1151981981981987, "centroid_lon": 82.001727878342962, "minlat": 9.0701531531531536, "maxlat": 9.1602432432432437, "minlon": 81.956253050855821, "maxlon": 82.047202705830117, "area_km2": 99.566416083303736, "cell_type": "ocean" }, "geometry": { "type": "Polygon", "coordinates": [ [ [ 82.047202705830117, 9.070153153153154 ], [ 82.047202705830117, 9.160243243243244 ], [ 81.956253050855821, 9.160243243243244 ], [ 81.956253050855821, 9.070153153153154 ], [ 82.047202705830117, 9.070153153153154 ] ] ] } },
{ "type": "Feature", "properties": { "grid_id": "grid_37_0", "cell_number": 999, "row": 37, "col": 0, "centroid_lat": 9.2052882882882887, "centroid_lon": 79.637036849011366, "minlat": 9.1602432432432437, "maxlat": 9.2503333333333337, "minlon": 79.591562021524211, "maxlon": 79.682511676498507, "area_km2": 99.567228985113232, "cell_type": "ocean" }, "geometry": { "type": "Polygon", "coordinates": [ [ [ 79.682511676498507, 9.160243243243244 ], [ 79.682511676498507, 9.250333333333334 ], [ 79.591562021524211, 9.250333333333334 ], [ 79.591562021524211, 9.160243243243244 ], [ 79.682511676498507, 9.160243243243244 ] ] ] } },
{ "type": "Feature", "properties": { "grid_id": "grid_37_1", "cell_number": 1000, "row": 37, "col": 1, "centroid_lat": 9.2052882882882887, "centroid_lon": 79.727986503985662, "minlat": 9.1602432432432437, "maxlat": 9.2503333333333337, "minlon": 79.682511676498507, "maxlon": 79.773461331472802, "area_km2": 99.560098986698989, "cell_type": "ocean" }, "geometry": { "type": "Polygon", "coordinates": [ [ [ 79.773461331472802, 9.160243243243244 ], [ 79.773461331472802, 9.250333333333334 ], [ 79.682511676498507, 9.250333333333334 ], [ 79.682511676498507, 9.160243243243244 ], [ 79.773461331472802, 9.160243243243244 ] ] ] } },
{ "type": "Feature", "properties": { "grid_id": "grid_37_2", "cell_number": 1001, "row": 37, "col": 2, "centroid_lat": 9.2052882882882887, "centroid_lon": 79.818936158959943, "minlat": 9.1602432432432437, "maxlat": 9.2503333333333337, "minlon": 79.773461331472802, "maxlon": 79.864410986447098, "area_km2": 99.553461796288815, "cell_type": "ocean" }, "geometry": { "type": "Polygon", "coordinates": [ [ [ 79.864410986447098, 9.160243243243244 ], [ 79.864410986447098, 9.250333333333334 ], [ 79.773461331472802, 9.250333333333334 ], [ 79.773461331472802, 9.160243243243244 ], [ 79.864410986447098, 9.160243243243244 ] ] ] } },
{ "type": "Feature", "properties": { "grid_id": "grid_37_3", "cell_number": 1002, "row": 37, "col": 3, "centroid_lat": 9.2052882882882887, "centroid_lon": 79.909885813934224, "minlat": 9.1602432432432437, "maxlat": 9.2503333333333337, "minlon": 79.864410986447083, "maxlon": 79.955360641421379, "area_km2": 99.547317283879934, "cell_type": "ocean" }, "geometry": { "type": "Polygon", "coordinates": [ [ [ 79.955360641421379, 9.160243243243244 ], [ 79.955360641421379, 9.250333333333334 ], [ 79.864410986447083, 9.250333333333334 ], [ 79.864410986447083, 9.160243243243244 ], [ 79.955360641421379, 9.160243243243244 ] ] ] } },
{ "type": "Feature", "properties": { "grid_id": "grid_37_4", "cell_number": 1003, "row": 37, "col": 4, "centroid_lat": 9.2052882882882887, "centroid_lon": 80.000835468908519, "minlat": 9.1602432432432437, "maxlat": 9.2503333333333337, "minlon": 79.955360641421379, "maxlon": 80.046310296395674, "area_km2": 99.541665329211924, "cell_type": "coastal" }, "geometry": { "type": "Polygon", "coordinates": [ [ [ 80.046310296395674, 9.160243243243244 ], [ 80.046310296395674, 9.250333333333334 ], [ 79.955360641421379, 9.250333333333334 ], [ 79.955360641421379, 9.160243243243244 ], [ 80.046310296395674, 9.160243243243244 ] ] ] } },
{ "type": "Feature", "properties": { "grid_id": "grid_37_5", "cell_number": 1004, "row": 37, "col": 5, "centroid_lat": 9.2052882882882887, "centroid_lon": 80.091785123882829, "minlat": 9.1602432432432437, "maxlat": 9.2503333333333337, "minlon": 80.046310296395674, "maxlon": 80.13725995136997, "area_km2": 99.536505821633256, "cell_type": "land" }, "geometry": { "type": "Polygon", "coordinates": [ [ [ 80.13725995136997, 9.160243243243244 ], [ 80.13725995136997, 9.250333333333334 ], [ 80.046310296395674, 9.250333333333334 ], [ 80.046310296395674, 9.160243243243244 ], [ 80.13725995136997, 9.160243243243244 ] ] ] } },
{ "type": "Feature", "properties": { "grid_id": "grid_37_6", "cell_number": 1005, "row": 37, "col": 6, "centroid_lat": 9.2052882882882887, "centroid_lon": 80.18273477885711, "minlat": 9.1602432432432437, "maxlat": 9.2503333333333337, "minlon": 80.13725995136997, "maxlon": 80.228209606344265, "area_km2": 99.531838660103631, "cell_type": "land" }, "geometry": { "type": "Polygon", "coordinates": [ [ [ 80.228209606344265, 9.160243243243244 ], [ 80.228209606344265, 9.250333333333334 ], [ 80.13725995136997, 9.250333333333334 ], [ 80.13725995136997, 9.160243243243244 ], [ 80.228209606344265, 9.160243243243244 ] ] ] } },
{ "type": "Feature", "properties": { "grid_id": "grid_37_7", "cell_number": 1006, "row": 37, "col": 7, "centroid_lat": 9.2052882882882887, "centroid_lon": 80.273684433831406, "minlat": 9.1602432432432437, "maxlat": 9.2503333333333337, "minlon": 80.228209606344265, "maxlon": 80.319159261318561, "area_km2": 99.527663753308502, "cell_type": "land" }, "geometry": { "type": "Polygon", "coordinates": [ [ [ 80.319159261318561, 9.160243243243244 ], [ 80.319159261318561, 9.250333333333334 ], [ 80.228209606344265, 9.250333333333334 ], [ 80.228209606344265, 9.160243243243244 ], [ 80.319159261318561, 9.160243243243244 ] ] ] } },
{ "type": "Feature", "properties": { "grid_id": "grid_37_8", "cell_number": 1007, "row": 37, "col": 8, "centroid_lat": 9.2052882882882887, "centroid_lon": 80.364634088805687, "minlat": 9.1602432432432437, "maxlat": 9.2503333333333337, "minlon": 80.319159261318546, "maxlon": 80.410108916292842, "area_km2": 99.523981019532329, "cell_type": "land" }, "geometry": { "type": "Polygon", "coordinates": [ [ [ 80.410108916292842, 9.160243243243244 ], [ 80.410108916292842, 9.250333333333334 ], [ 80.319159261318546, 9.250333333333334 ], [ 80.319159261318546, 9.160243243243244 ], [ 80.410108916292842, 9.160243243243244 ] ] ] } },
{ "type": "Feature", "properties": { "grid_id": "grid_37_9", "cell_number": 1008, "row": 37, "col": 9, "centroid_lat": 9.2052882882882887, "centroid_lon": 80.455583743779982, "minlat": 9.1602432432432437, "maxlat": 9.2503333333333337, "minlon": 80.410108916292842, "maxlon": 80.501058571267137, "area_km2": 99.520790386655605, "cell_type": "land" }, "geometry": { "type": "Polygon", "coordinates": [ [ [ 80.501058571267137, 9.160243243243244 ], [ 80.501058571267137, 9.250333333333334 ], [ 80.410108916292842, 9.250333333333334 ], [ 80.410108916292842, 9.160243243243244 ], [ 80.501058571267137, 9.160243243243244 ] ] ] } },
{ "type": "Feature", "properties": { "grid_id": "grid_37_10", "cell_number": 1009, "row": 37, "col": 10, "centroid_lat": 9.2052882882882887, "centroid_lon": 80.546533398754292, "minlat": 9.1602432432432437, "maxlat": 9.2503333333333337, "minlon": 80.501058571267137, "maxlon": 80.592008226241433, "area_km2": 99.518091792275072, "cell_type": "land" }, "geometry": { "type": "Polygon", "coordinates": [ [ [ 80.592008226241433, 9.160243243243244 ], [ 80.592008226241433, 9.250333333333334 ], [ 80.501058571267137, 9.250333333333334 ], [ 80.501058571267137, 9.160243243243244 ], [ 80.592008226241433, 9.160243243243244 ] ] ] } },
{ "type": "Feature", "properties": { "grid_id": "grid_37_11", "cell_number": 1010, "row": 37, "col": 11, "centroid_lat": 9.2052882882882887, "centroid_lon": 80.637483053728573, "minlat": 9.1602432432432437, "maxlat": 9.2503333333333337, "minlon": 80.592008226241433, "maxlon": 80.682957881215728, "area_km2": 99.515885183580906, "cell_type": "land" }, "geometry": { "type": "Polygon", "coordinates": [ [ [ 80.682957881215728, 9.160243243243244 ], [ 80.682957881215728, 9.250333333333334 ], [ 80.592008226241433, 9.250333333333334 ], [ 80.592008226241433, 9.160243243243244 ], [ 80.682957881215728, 9.160243243243244 ] ] ] } },
{ "type": "Feature", "properties": { "grid_id": "grid_37_12", "cell_number": 1011, "row": 37, "col": 12, "centroid_lat": 9.2052882882882887, "centroid_lon": 80.728432708702854, "minlat": 9.1602432432432437, "maxlat": 9.2503333333333337, "minlon": 80.682957881215714, "maxlon": 80.773907536190009, "area_km2": 99.514170517349328, "cell_type": "land" }, "geometry": { "type": "Polygon", "coordinates": [ [ [ 80.773907536190009, 9.160243243243244 ], [ 80.773907536190009, 9.250333333333334 ], [ 80.682957881215714, 9.250333333333334 ], [ 80.682957881215714, 9.160243243243244 ], [ 80.773907536190009, 9.160243243243244 ] ] ] } },
{ "type": "Feature", "properties": { "grid_id": "grid_37_13", "cell_number": 1012, "row": 37, "col": 13, "centroid_lat": 9.2052882882882887, "centroid_lon": 80.819382363677164, "minlat": 9.1602432432432437, "maxlat": 9.2503333333333337, "minlon": 80.773907536190009, "maxlon": 80.864857191164305, "area_km2": 99.512947760066027, "cell_type": "coastal" }, "geometry": { "type": "Polygon", "coordinates": [ [ [ 80.864857191164305, 9.160243243243244 ], [ 80.864857191164305, 9.250333333333334 ], [ 80.773907536190009, 9.250333333333334 ], [ 80.773907536190009, 9.160243243243244 ], [ 80.864857191164305, 9.160243243243244 ] ] ] } },
{ "type": "Feature", "properties": { "grid_id": "grid_37_14", "cell_number": 1013, "row": 37, "col": 14, "centroid_lat": 9.2052882882882887, "centroid_lon": 80.910332018651459, "minlat": 9.1602432432432437, "maxlat": 9.2503333333333337, "minlon": 80.864857191164305, "maxlon": 80.9558068461386, "area_km2": 99.512216887806261, "cell_type": "coastal" }, "geometry": { "type": "Polygon", "coordinates": [ [ [ 80.9558068461386, 9.160243243243244 ], [ 80.9558068461386, 9.250333333333334 ], [ 80.864857191164305, 9.250333333333334 ], [ 80.864857191164305, 9.160243243243244 ], [ 80.9558068461386, 9.160243243243244 ] ] ] } },
{ "type": "Feature", "properties": { "grid_id": "grid_37_15", "cell_number": 1014, "row": 37, "col": 15, "centroid_lat": 9.2052882882882887, "centroid_lon": 81.001281673625741, "minlat": 9.1602432432432437, "maxlat": 9.2503333333333337, "minlon": 80.9558068461386, "maxlon": 81.046756501112895, "area_km2": 99.511977886225537, "cell_type": "ocean" }, "geometry": { "type": "Polygon", "coordinates": [ [ [ 81.046756501112895, 9.160243243243244 ], [ 81.046756501112895, 9.250333333333334 ], [ 80.9558068461386, 9.250333333333334 ], [ 80.9558068461386, 9.160243243243244 ], [ 81.046756501112895, 9.160243243243244 ] ] ] } },
{ "type": "Feature", "properties": { "grid_id": "grid_37_16", "cell_number": 1015, "row": 37, "col": 16, "centroid_lat": 9.2052882882882887, "centroid_lon": 81.09223132860005, "minlat": 9.1602432432432437, "maxlat": 9.2503333333333337, "minlon": 81.046756501112895, "maxlon": 81.137706156087191, "area_km2": 99.512230750686967, "cell_type": "ocean" }, "geometry": { "type": "Polygon", "coordinates": [ [ [ 81.137706156087191, 9.160243243243244 ], [ 81.137706156087191, 9.250333333333334 ], [ 81.046756501112895, 9.250333333333334 ], [ 81.046756501112895, 9.160243243243244 ], [ 81.137706156087191, 9.160243243243244 ] ] ] } },
{ "type": "Feature", "properties": { "grid_id": "grid_37_17", "cell_number": 1016, "row": 37, "col": 17, "centroid_lat": 9.2052882882882887, "centroid_lon": 81.183180983574317, "minlat": 9.1602432432432437, "maxlat": 9.2503333333333337, "minlon": 81.137706156087177, "maxlon": 81.228655811061472, "area_km2": 99.512975486140192, "cell_type": "ocean" }, "geometry": { "type": "Polygon", "coordinates": [ [ [ 81.228655811061472, 9.160243243243244 ], [ 81.228655811061472, 9.250333333333334 ], [ 81.137706156087177, 9.250333333333334 ], [ 81.137706156087177, 9.160243243243244 ], [ 81.228655811061472, 9.160243243243244 ] ] ] } },
{ "type": "Feature", "properties": { "grid_id": "grid_37_18", "cell_number": 1017, "row": 37, "col": 18, "centroid_lat": 9.2052882882882887, "centroid_lon": 81.274130638548613, "minlat": 9.1602432432432437, "maxlat": 9.2503333333333337, "minlon": 81.228655811061472, "maxlon": 81.319605466035767, "area_km2": 99.514212107118027, "cell_type": "ocean" }, "geometry": { "type": "Polygon", "coordinates": [ [ [ 81.319605466035767, 9.160243243243244 ], [ 81.319605466035767, 9.250333333333334 ], [ 81.228655811061472, 9.250333333333334 ], [ 81.228655811061472, 9.160243243243244 ], [ 81.319605466035767, 9.160243243243244 ] ] ] } },
{ "type": "Feature", "properties": { "grid_id": "grid_37_19", "cell_number": 1018, "row": 37, "col": 19, "centroid_lat": 9.2052882882882887, "centroid_lon": 81.365080293522922, "minlat": 9.1602432432432437, "maxlat": 9.2503333333333337, "minlon": 81.319605466035767, "maxlon": 81.410555121010063, "area_km2": 99.51594063785916, "cell_type": "ocean" }, "geometry": { "type": "Polygon", "coordinates": [ [ [ 81.410555121010063, 9.160243243243244 ], [ 81.410555121010063, 9.250333333333334 ], [ 81.319605466035767, 9.250333333333334 ], [ 81.319605466035767, 9.160243243243244 ], [ 81.410555121010063, 9.160243243243244 ] ] ] } },
{ "type": "Feature", "properties": { "grid_id": "grid_37_20", "cell_number": 1019, "row": 37, "col": 20, "centroid_lat": 9.2052882882882887, "centroid_lon": 81.456029948497232, "minlat": 9.1602432432432437, "maxlat": 9.2503333333333337, "minlon": 81.410555121010063, "maxlon": 81.501504775984358, "area_km2": 99.518161112187769, "cell_type": "ocean" }, "geometry": { "type": "Polygon", "coordinates": [ [ [ 81.501504775984358, 9.160243243243244 ], [ 81.501504775984358, 9.250333333333334 ], [ 81.410555121010063, 9.250333333333334 ], [ 81.410555121010063, 9.160243243243244 ], [ 81.501504775984358, 9.160243243243244 ] ] ] } },
{ "type": "Feature", "properties": { "grid_id": "grid_37_21", "cell_number": 1020, "row": 37, "col": 21, "centroid_lat": 9.2052882882882887, "centroid_lon": 81.546979603471499, "minlat": 9.1602432432432437, "maxlat": 9.2503333333333337, "minlon": 81.501504775984358, "maxlon": 81.592454430958654, "area_km2": 99.520873573519225, "cell_type": "ocean" }, "geometry": { "type": "Polygon", "coordinates": [ [ [ 81.592454430958654, 9.160243243243244 ], [ 81.592454430958654, 9.250333333333334 ], [ 81.501504775984358, 9.250333333333334 ], [ 81.501504775984358, 9.160243243243244 ], [ 81.592454430958654, 9.160243243243244 ] ] ] } },
{ "type": "Feature", "properties": { "grid_id": "grid_37_22", "cell_number": 1021, "row": 37, "col": 22, "centroid_lat": 9.2052882882882887, "centroid_lon": 81.63792925844578, "minlat": 9.1602432432432437, "maxlat": 9.2503333333333337, "minlon": 81.592454430958639, "maxlon": 81.683404085932935, "area_km2": 99.524078074974511, "cell_type": "ocean" }, "geometry": { "type": "Polygon", "coordinates": [ [ [ 81.683404085932935, 9.160243243243244 ], [ 81.683404085932935, 9.250333333333334 ], [ 81.592454430958639, 9.250333333333334 ], [ 81.592454430958639, 9.160243243243244 ], [ 81.683404085932935, 9.160243243243244 ] ] ] } },
{ "type": "Feature", "properties": { "grid_id": "grid_37_23", "cell_number": 1022, "row": 37, "col": 23, "centroid_lat": 9.2052882882882887, "centroid_lon": 81.72887891342009, "minlat": 9.1602432432432437, "maxlat": 9.2503333333333337, "minlon": 81.683404085932935, "maxlon": 81.77435374090723, "area_km2": 99.527774679269399, "cell_type": "ocean" }, "geometry": { "type": "Polygon", "coordinates": [ [ [ 81.77435374090723, 9.160243243243244 ], [ 81.77435374090723, 9.250333333333334 ], [ 81.683404085932935, 9.250333333333334 ], [ 81.683404085932935, 9.160243243243244 ], [ 81.77435374090723, 9.160243243243244 ] ] ] } },
{ "type": "Feature", "properties": { "grid_id": "grid_37_24", "cell_number": 1023, "row": 37, "col": 24, "centroid_lat": 9.2052882882882887, "centroid_lon": 81.819828568394371, "minlat": 9.1602432432432437, "maxlat": 9.2503333333333337, "minlon": 81.77435374090723, "maxlon": 81.865303395881526, "area_km2": 99.531963458713449, "cell_type": "ocean" }, "geometry": { "type": "Polygon", "coordinates": [ [ [ 81.865303395881526, 9.160243243243244 ], [ 81.865303395881526, 9.250333333333334 ], [ 81.77435374090723, 9.250333333333334 ], [ 81.77435374090723, 9.160243243243244 ], [ 81.865303395881526, 9.160243243243244 ] ] ] } },
{ "type": "Feature", "properties": { "grid_id": "grid_37_25", "cell_number": 1024, "row": 37, "col": 25, "centroid_lat": 9.2052882882882887, "centroid_lon": 81.910778223368695, "minlat": 9.1602432432432437, "maxlat": 9.2503333333333337, "minlon": 81.865303395881526, "maxlon": 81.956253050855821, "area_km2": 99.536644495332837, "cell_type": "ocean" }, "geometry": { "type": "Polygon", "coordinates": [ [ [ 81.956253050855821, 9.160243243243244 ], [ 81.956253050855821, 9.250333333333334 ], [ 81.865303395881526, 9.250333333333334 ], [ 81.865303395881526, 9.160243243243244 ], [ 81.956253050855821, 9.160243243243244 ] ] ] } },
{ "type": "Feature", "properties": { "grid_id": "grid_37_26", "cell_number": 1025, "row": 37, "col": 26, "centroid_lat": 9.2052882882882887, "centroid_lon": 82.001727878342962, "minlat": 9.1602432432432437, "maxlat": 9.2503333333333337, "minlon": 81.956253050855821, "maxlon": 82.047202705830117, "area_km2": 99.541817880760703, "cell_type": "ocean" }, "geometry": { "type": "Polygon", "coordinates": [ [ [ 82.047202705830117, 9.160243243243244 ], [ 82.047202705830117, 9.250333333333334 ], [ 81.956253050855821, 9.250333333333334 ], [ 81.956253050855821, 9.160243243243244 ], [ 82.047202705830117, 9.160243243243244 ] ] ] } },
{ "type": "Feature", "properties": { "grid_id": "grid_38_0", "cell_number": 1026, "row": 38, "col": 0, "centroid_lat": 9.2953783783783788, "centroid_lon": 79.637036849011366, "minlat": 9.2503333333333337, "maxlat": 9.3404234234234238, "minlon": 79.591562021524211, "maxlon": 79.682511676498507, "area_km2": 99.542371025430739, "cell_type": "ocean" }, "geometry": { "type": "Polygon", "coordinates": [ [ [ 79.682511676498507, 9.250333333333334 ], [ 79.682511676498507, 9.340423423423424 ], [ 79.591562021524211, 9.340423423423424 ], [ 79.591562021524211, 9.250333333333334 ], [ 79.682511676498507, 9.250333333333334 ] ] ] } },
{ "type": "Feature", "properties": { "grid_id": "grid_38_1", "cell_number": 1027, "row": 38, "col": 1, "centroid_lat": 9.2953783783783788, "centroid_lon": 79.727986503985662, "minlat": 9.2503333333333337, "maxlat": 9.3404234234234238, "minlon": 79.682511676498507, "maxlon": 79.773461331472802, "area_km2": 99.535246482659389, "cell_type": "ocean" }, "geometry": { "type": "Polygon", "coordinates": [ [ [ 79.773461331472802, 9.250333333333334 ], [ 79.773461331472802, 9.340423423423424 ], [ 79.682511676498507, 9.340423423423424 ], [ 79.682511676498507, 9.250333333333334 ], [ 79.773461331472802, 9.250333333333334 ] ] ] } },
{ "type": "Feature", "properties": { "grid_id": "grid_38_2", "cell_number": 1028, "row": 38, "col": 2, "centroid_lat": 9.2953783783783788, "centroid_lon": 79.818936158959943, "minlat": 9.2503333333333337, "maxlat": 9.3404234234234238, "minlon": 79.773461331472802, "maxlon": 79.864410986447098, "area_km2": 99.528614370333855, "cell_type": "ocean" }, "geometry": { "type": "Polygon", "coordinates": [ [ [ 79.864410986447098, 9.250333333333334 ], [ 79.864410986447098, 9.340423423423424 ], [ 79.773461331472802, 9.340423423423424 ], [ 79.773461331472802, 9.250333333333334 ], [ 79.864410986447098, 9.250333333333334 ] ] ] } },
{ "type": "Feature", "properties": { "grid_id": "grid_38_3", "cell_number": 1029, "row": 38, "col": 3, "centroid_lat": 9.2953783783783788, "centroid_lon": 79.909885813934224, "minlat": 9.2503333333333337, "maxlat": 9.3404234234234238, "minlon": 79.864410986447083, "maxlon": 79.955360641421379, "area_km2": 99.522474558649719, "cell_type": "ocean" }, "geometry": { "type": "Polygon", "coordinates": [ [ [ 79.955360641421379, 9.250333333333334 ], [ 79.955360641421379, 9.340423423423424 ], [ 79.864410986447083, 9.340423423423424 ], [ 79.864410986447083, 9.250333333333334 ], [ 79.955360641421379, 9.250333333333334 ] ] ] } },
{ "type": "Feature", "properties": { "grid_id": "grid_38_4", "cell_number": 1030, "row": 38, "col": 4, "centroid_lat": 9.2953783783783788, "centroid_lon": 80.000835468908519, "minlat": 9.2503333333333337, "maxlat": 9.3404234234234238, "minlon": 79.955360641421379, "maxlon": 80.046310296395674, "area_km2": 99.516826927538929, "cell_type": "coastal" }, "geometry": { "type": "Polygon", "coordinates": [ [ [ 80.046310296395674, 9.250333333333334 ], [ 80.046310296395674, 9.340423423423424 ], [ 79.955360641421379, 9.340423423423424 ], [ 79.955360641421379, 9.250333333333334 ], [ 80.046310296395674, 9.250333333333334 ] ] ] } },
{ "type": "Feature", "properties": { "grid_id": "grid_38_5", "cell_number": 1031, "row": 38, "col": 5, "centroid_lat": 9.2953783783783788, "centroid_lon": 80.091785123882829, "minlat": 9.2503333333333337, "maxlat": 9.3404234234234238, "minlon": 80.046310296395674, "maxlon": 80.13725995136997, "area_km2": 99.511671366521298, "cell_type": "land" }, "geometry": { "type": "Polygon", "coordinates": [ [ [ 80.13725995136997, 9.250333333333334 ], [ 80.13725995136997, 9.340423423423424 ], [ 80.046310296395674, 9.340423423423424 ], [ 80.046310296395674, 9.250333333333334 ], [ 80.13725995136997, 9.250333333333334 ] ] ] } },
{ "type": "Feature", "properties": { "grid_id": "grid_38_6", "cell_number": 1032, "row": 38, "col": 6, "centroid_lat": 9.2953783783783788, "centroid_lon": 80.18273477885711, "minlat": 9.2503333333333337, "maxlat": 9.3404234234234238, "minlon": 80.13725995136997, "maxlon": 80.228209606344265, "area_km2": 99.507007774709791, "cell_type": "land" }, "geometry": { "type": "Polygon", "coordinates": [ [ [ 80.228209606344265, 9.250333333333334 ], [ 80.228209606344265, 9.340423423423424 ], [ 80.13725995136997, 9.340423423423424 ], [ 80.13725995136997, 9.250333333333334 ], [ 80.228209606344265, 9.250333333333334 ] ] ] } },
{ "type": "Feature", "properties": { "grid_id": "grid_38_7", "cell_number": 1033, "row": 38, "col": 7, "centroid_lat": 9.2953783783783788, "centroid_lon": 80.273684433831406, "minlat": 9.2503333333333337, "maxlat": 9.3404234234234238, "minlon": 80.228209606344265, "maxlon": 80.319159261318561, "area_km2": 99.502836060935152, "cell_type": "land" }, "geometry": { "type": "Polygon", "coordinates": [ [ [ 80.319159261318561, 9.250333333333334 ], [ 80.319159261318561, 9.340423423423424 ], [ 80.228209606344265, 9.340423423423424 ], [ 80.228209606344265, 9.250333333333334 ], [ 80.319159261318561, 9.250333333333334 ] ] ] } },
{ "type": "Feature", "properties": { "grid_id": "grid_38_8", "cell_number": 1034, "row": 38, "col": 8, "centroid_lat": 9.2953783783783788, "centroid_lon": 80.364634088805687, "minlat": 9.2503333333333337, "maxlat": 9.3404234234234238, "minlon": 80.319159261318546, "maxlon": 80.410108916292842, "area_km2": 99.499156143606626, "cell_type": "land" }, "geometry": { "type": "Polygon", "coordinates": [ [ [ 80.410108916292842, 9.250333333333334 ], [ 80.410108916292842, 9.340423423423424 ], [ 80.319159261318546, 9.340423423423424 ], [ 80.319159261318546, 9.250333333333334 ], [ 80.410108916292842, 9.250333333333334 ] ] ] } },
{ "type": "Feature", "properties": { "grid_id": "grid_38_9", "cell_number": 1035, "row": 38, "col": 9, "centroid_lat": 9.2953783783783788, "centroid_lon": 80.455583743779982, "minlat": 9.2503333333333337, "maxlat": 9.3404234234234238, "minlon": 80.410108916292842, "maxlon": 80.501058571267137, "area_km2": 99.49596795071939, "cell_type": "land" }, "geometry": { "type": "Polygon", "coordinates": [ [ [ 80.501058571267137, 9.250333333333334 ], [ 80.501058571267137, 9.340423423423424 ], [ 80.410108916292842, 9.340423423423424 ], [ 80.410108916292842, 9.250333333333334 ], [ 80.501058571267137, 9.250333333333334 ] ] ] } },
{ "type": "Feature", "properties": { "grid_id": "grid_38_10", "cell_number": 1036, "row": 38, "col": 10, "centroid_lat": 9.2953783783783788, "centroid_lon": 80.546533398754292, "minlat": 9.2503333333333337, "maxlat": 9.3404234234234238, "minlon": 80.501058571267137, "maxlon": 80.592008226241433, "area_km2": 99.493271419965509, "cell_type": "land" }, "geometry": { "type": "Polygon", "coordinates": [ [ [ 80.592008226241433, 9.250333333333334 ], [ 80.592008226241433, 9.340423423423424 ], [ 80.501058571267137, 9.340423423423424 ], [ 80.501058571267137, 9.250333333333334 ], [ 80.592008226241433, 9.250333333333334 ] ] ] } },
{ "type": "Feature", "properties": { "grid_id": "grid_38_11", "cell_number": 1037, "row": 38, "col": 11, "centroid_lat": 9.2953783783783788, "centroid_lon": 80.637483053728573, "minlat": 9.2503333333333337, "maxlat": 9.3404234234234238, "minlon": 80.592008226241433, "maxlon": 80.682957881215728, "area_km2": 99.491066498615709, "cell_type": "land" }, "geometry": { "type": "Polygon", "coordinates": [ [ [ 80.682957881215728, 9.250333333333334 ], [ 80.682957881215728, 9.340423423423424 ], [ 80.592008226241433, 9.340423423423424 ], [ 80.592008226241433, 9.250333333333334 ], [ 80.682957881215728, 9.250333333333334 ] ] ] } },
{ "type": "Feature", "properties": { "grid_id": "grid_38_12", "cell_number": 1038, "row": 38, "col": 12, "centroid_lat": 9.2953783783783788, "centroid_lon": 80.728432708702854, "minlat": 9.2503333333333337, "maxlat": 9.3404234234234238, "minlon": 80.682957881215714, "maxlon": 80.773907536190009, "area_km2": 99.489353143515586, "cell_type": "coastal" }, "geometry": { "type": "Polygon", "coordinates": [ [ [ 80.773907536190009, 9.250333333333334 ], [ 80.773907536190009, 9.340423423423424 ], [ 80.682957881215714, 9.340423423423424 ], [ 80.682957881215714, 9.250333333333334 ], [ 80.773907536190009, 9.250333333333334 ] ] ] } },
{ "type": "Feature", "properties": { "grid_id": "grid_38_13", "cell_number": 1039, "row": 38, "col": 13, "centroid_lat": 9.2953783783783788, "centroid_lon": 80.819382363677164, "minlat": 9.2503333333333337, "maxlat": 9.3404234234234238, "minlon": 80.773907536190009, "maxlon": 80.864857191164305, "area_km2": 99.488131321205998, "cell_type": "coastal" }, "geometry": { "type": "Polygon", "coordinates": [ [ [ 80.864857191164305, 9.250333333333334 ], [ 80.864857191164305, 9.340423423423424 ], [ 80.773907536190009, 9.340423423423424 ], [ 80.773907536190009, 9.250333333333334 ], [ 80.864857191164305, 9.250333333333334 ] ] ] } },
{ "type": "Feature", "properties": { "grid_id": "grid_38_14", "cell_number": 1040, "row": 38, "col": 14, "centroid_lat": 9.2953783783783788, "centroid_lon": 80.910332018651459, "minlat": 9.2503333333333337, "maxlat": 9.3404234234234238, "minlon": 80.864857191164305, "maxlon": 80.9558068461386, "area_km2": 99.487401007794617, "cell_type": "ocean" }, "geometry": { "type": "Polygon", "coordinates": [ [ [ 80.9558068461386, 9.250333333333334 ], [ 80.9558068461386, 9.340423423423424 ], [ 80.864857191164305, 9.340423423423424 ], [ 80.864857191164305, 9.250333333333334 ], [ 80.9558068461386, 9.250333333333334 ] ] ] } },
{ "type": "Feature", "properties": { "grid_id": "grid_38_15", "cell_number": 1041, "row": 38, "col": 15, "centroid_lat": 9.2953783783783788, "centroid_lon": 81.001281673625741, "minlat": 9.2503333333333337, "maxlat": 9.3404234234234238, "minlon": 80.9558068461386, "maxlon": 81.046756501112895, "area_km2": 99.487162188959744, "cell_type": "ocean" }, "geometry": { "type": "Polygon", "coordinates": [ [ [ 81.046756501112895, 9.250333333333334 ], [ 81.046756501112895, 9.340423423423424 ], [ 80.9558068461386, 9.340423423423424 ], [ 80.9558068461386, 9.250333333333334 ], [ 81.046756501112895, 9.250333333333334 ] ] ] } },
{ "type": "Feature", "properties": { "grid_id": "grid_38_16", "cell_number": 1042, "row": 38, "col": 16, "centroid_lat": 9.2953783783783788, "centroid_lon": 81.09223132860005, "minlat": 9.2503333333333337, "maxlat": 9.3404234234234238, "minlon": 81.046756501112895, "maxlon": 81.137706156087191, "area_km2": 99.487414860075873, "cell_type": "ocean" }, "geometry": { "type": "Polygon", "coordinates": [ [ [ 81.137706156087191, 9.250333333333334 ], [ 81.137706156087191, 9.340423423423424 ], [ 81.046756501112895, 9.340423423423424 ], [ 81.046756501112895, 9.250333333333334 ], [ 81.137706156087191, 9.250333333333334 ] ] ] } },
{ "type": "Feature", "properties": { "grid_id": "grid_38_17", "cell_number": 1043, "row": 38, "col": 17, "centroid_lat": 9.2953783783783788, "centroid_lon": 81.183180983574317, "minlat": 9.2503333333333337, "maxlat": 9.3404234234234238, "minlon": 81.137706156087177, "maxlon": 81.228655811061472, "area_km2": 99.488159026081902, "cell_type": "ocean" }, "geometry": { "type": "Polygon", "coordinates": [ [ [ 81.228655811061472, 9.250333333333334 ], [ 81.228655811061472, 9.340423423423424 ], [ 81.137706156087177, 9.340423423423424 ], [ 81.137706156087177, 9.250333333333334 ], [ 81.228655811061472, 9.250333333333334 ] ] ] } },
{ "type": "Feature", "properties": { "grid_id": "grid_38_18", "cell_number": 1044, "row": 38, "col": 18, "centroid_lat": 9.2953783783783788, "centroid_lon": 81.274130638548613, "minlat": 9.2503333333333337, "maxlat": 9.3404234234234238, "minlon": 81.228655811061472, "maxlon": 81.319605466035767, "area_km2": 99.489394701483903, "cell_type": "ocean" }, "geometry": { "type": "Polygon", "coordinates": [ [ [ 81.319605466035767, 9.250333333333334 ], [ 81.319605466035767, 9.340423423423424 ], [ 81.228655811061472, 9.340423423423424 ], [ 81.228655811061472, 9.250333333333334 ], [ 81.319605466035767, 9.250333333333334 ] ] ] } },
{ "type": "Feature", "properties": { "grid_id": "grid_38_19", "cell_number": 1045, "row": 38, "col": 19, "centroid_lat": 9.2953783783783788, "centroid_lon": 81.365080293522922, "minlat": 9.2503333333333337, "maxlat": 9.3404234234234238, "minlon": 81.319605466035767, "maxlon": 81.410555121010063, "area_km2": 99.49112191048971, "cell_type": "ocean" }, "geometry": { "type": "Polygon", "coordinates": [ [ [ 81.410555121010063, 9.250333333333334 ], [ 81.410555121010063, 9.340423423423424 ], [ 81.319605466035767, 9.340423423423424 ], [ 81.319605466035767, 9.250333333333334 ], [ 81.410555121010063, 9.250333333333334 ] ] ] } },
{ "type": "Feature", "properties": { "grid_id": "grid_38_20", "cell_number": 1046, "row": 38, "col": 20, "centroid_lat": 9.2953783783783788, "centroid_lon": 81.456029948497232, "minlat": 9.2503333333333337, "maxlat": 9.3404234234234238, "minlon": 81.410555121010063, "maxlon": 81.501504775984358, "area_km2": 99.493340686870951, "cell_type": "ocean" }, "geometry": { "type": "Polygon", "coordinates": [ [ [ 81.501504775984358, 9.250333333333334 ], [ 81.501504775984358, 9.340423423423424 ], [ 81.410555121010063, 9.340423423423424 ], [ 81.410555121010063, 9.250333333333334 ], [ 81.501504775984358, 9.250333333333334 ] ] ] } },
{ "type": "Feature", "properties": { "grid_id": "grid_38_21", "cell_number": 1047, "row": 38, "col": 21, "centroid_lat": 9.2953783783783788, "centroid_lon": 81.546979603471499, "minlat": 9.2503333333333337, "maxlat": 9.3404234234234238, "minlon": 81.501504775984358, "maxlon": 81.592454430958654, "area_km2": 99.496051073967706, "cell_type": "ocean" }, "geometry": { "type": "Polygon", "coordinates": [ [ [ 81.592454430958654, 9.250333333333334 ], [ 81.592454430958654, 9.340423423423424 ], [ 81.501504775984358, 9.340423423423424 ], [ 81.501504775984358, 9.250333333333334 ], [ 81.592454430958654, 9.250333333333334 ] ] ] } },
{ "type": "Feature", "properties": { "grid_id": "grid_38_22", "cell_number": 1048, "row": 38, "col": 22, "centroid_lat": 9.2953783783783788, "centroid_lon": 81.63792925844578, "minlat": 9.2503333333333337, "maxlat": 9.3404234234234238, "minlon": 81.592454430958639, "maxlon": 81.683404085932935, "area_km2": 99.499253124826211, "cell_type": "ocean" }, "geometry": { "type": "Polygon", "coordinates": [ [ [ 81.683404085932935, 9.250333333333334 ], [ 81.683404085932935, 9.340423423423424 ], [ 81.592454430958639, 9.340423423423424 ], [ 81.592454430958639, 9.250333333333334 ], [ 81.683404085932935, 9.250333333333334 ] ] ] } },
{ "type": "Feature", "properties": { "grid_id": "grid_38_23", "cell_number": 1049, "row": 38, "col": 23, "centroid_lat": 9.2953783783783788, "centroid_lon": 81.72887891342009, "minlat": 9.2503333333333337, "maxlat": 9.3404234234234238, "minlon": 81.683404085932935, "maxlon": 81.77435374090723, "area_km2": 99.502946902060955, "cell_type": "ocean" }, "geometry": { "type": "Polygon", "coordinates": [ [ [ 81.77435374090723, 9.250333333333334 ], [ 81.77435374090723, 9.340423423423424 ], [ 81.683404085932935, 9.340423423423424 ], [ 81.683404085932935, 9.250333333333334 ], [ 81.77435374090723, 9.250333333333334 ] ] ] } },
{ "type": "Feature", "properties": { "grid_id": "grid_38_24", "cell_number": 1050, "row": 38, "col": 24, "centroid_lat": 9.2953783783783788, "centroid_lon": 81.819828568394371, "minlat": 9.2503333333333337, "maxlat": 9.3404234234234238, "minlon": 81.77435374090723, "maxlon": 81.865303395881526, "area_km2": 99.507132477871522, "cell_type": "ocean" }, "geometry": { "type": "Polygon", "coordinates": [ [ [ 81.865303395881526, 9.250333333333334 ], [ 81.865303395881526, 9.340423423423424 ], [ 81.77435374090723, 9.340423423423424 ], [ 81.77435374090723, 9.250333333333334 ], [ 81.865303395881526, 9.250333333333334 ] ] ] } },
{ "type": "Feature", "properties": { "grid_id": "grid_38_25", "cell_number": 1051, "row": 38, "col": 25, "centroid_lat": 9.2953783783783788, "centroid_lon": 81.910778223368695, "minlat": 9.2503333333333337, "maxlat": 9.3404234234234238, "minlon": 81.865303395881526, "maxlon": 81.956253050855821, "area_km2": 99.511809934154485, "cell_type": "ocean" }, "geometry": { "type": "Polygon", "coordinates": [ [ [ 81.956253050855821, 9.250333333333334 ], [ 81.956253050855821, 9.340423423423424 ], [ 81.865303395881526, 9.340423423423424 ], [ 81.865303395881526, 9.250333333333334 ], [ 81.956253050855821, 9.250333333333334 ] ] ] } },
{ "type": "Feature", "properties": { "grid_id": "grid_38_26", "cell_number": 1052, "row": 38, "col": 26, "centroid_lat": 9.2953783783783788, "centroid_lon": 82.001727878342962, "minlat": 9.2503333333333337, "maxlat": 9.3404234234234238, "minlon": 81.956253050855821, "maxlon": 82.047202705830117, "area_km2": 99.516979362396597, "cell_type": "ocean" }, "geometry": { "type": "Polygon", "coordinates": [ [ [ 82.047202705830117, 9.250333333333334 ], [ 82.047202705830117, 9.340423423423424 ], [ 81.956253050855821, 9.340423423423424 ], [ 81.956253050855821, 9.250333333333334 ], [ 82.047202705830117, 9.250333333333334 ] ] ] } },
{ "type": "Feature", "properties": { "grid_id": "grid_39_0", "cell_number": 1053, "row": 39, "col": 0, "centroid_lat": 9.3854684684684688, "centroid_lon": 79.637036849011366, "minlat": 9.3404234234234238, "maxlat": 9.4305135135135139, "minlon": 79.591562021524211, "maxlon": 79.682511676498507, "area_km2": 99.517272619533458, "cell_type": "ocean" }, "geometry": { "type": "Polygon", "coordinates": [ [ [ 79.682511676498507, 9.340423423423424 ], [ 79.682511676498507, 9.430513513513514 ], [ 79.591562021524211, 9.430513513513514 ], [ 79.591562021524211, 9.340423423423424 ], [ 79.682511676498507, 9.340423423423424 ] ] ] } },
{ "type": "Feature", "properties": { "grid_id": "grid_39_1", "cell_number": 1054, "row": 39, "col": 1, "centroid_lat": 9.3854684684684688, "centroid_lon": 79.727986503985662, "minlat": 9.3404234234234238, "maxlat": 9.4305135135135139, "minlon": 79.682511676498507, "maxlon": 79.773461331472802, "area_km2": 99.510153582261808, "cell_type": "ocean" }, "geometry": { "type": "Polygon", "coordinates": [ [ [ 79.773461331472802, 9.340423423423424 ], [ 79.773461331472802, 9.430513513513514 ], [ 79.682511676498507, 9.430513513513514 ], [ 79.682511676498507, 9.340423423423424 ], [ 79.773461331472802, 9.340423423423424 ] ] ] } },
{ "type": "Feature", "properties": { "grid_id": "grid_39_2", "cell_number": 1055, "row": 39, "col": 2, "centroid_lat": 9.3854684684684688, "centroid_lon": 79.818936158959943, "minlat": 9.3404234234234238, "maxlat": 9.4305135135135139, "minlon": 79.773461331472802, "maxlon": 79.864410986447098, "area_km2": 99.503526594425139, "cell_type": "ocean" }, "geometry": { "type": "Polygon", "coordinates": [ [ [ 79.864410986447098, 9.340423423423424 ], [ 79.864410986447098, 9.430513513513514 ], [ 79.773461331472802, 9.430513513513514 ], [ 79.773461331472802, 9.340423423423424 ], [ 79.864410986447098, 9.340423423423424 ] ] ] } },
{ "type": "Feature", "properties": { "grid_id": "grid_39_3", "cell_number": 1056, "row": 39, "col": 3, "centroid_lat": 9.3854684684684688, "centroid_lon": 79.909885813934224, "minlat": 9.3404234234234238, "maxlat": 9.4305135135135139, "minlon": 79.864410986447083, "maxlon": 79.955360641421379, "area_km2": 99.497391526429368, "cell_type": "ocean" }, "geometry": { "type": "Polygon", "coordinates": [ [ [ 79.955360641421379, 9.340423423423424 ], [ 79.955360641421379, 9.430513513513514 ], [ 79.864410986447083, 9.430513513513514 ], [ 79.864410986447083, 9.340423423423424 ], [ 79.955360641421379, 9.340423423423424 ] ] ] } },
{ "type": "Feature", "properties": { "grid_id": "grid_39_4", "cell_number": 1057, "row": 39, "col": 4, "centroid_lat": 9.3854684684684688, "centroid_lon": 80.000835468908519, "minlat": 9.3404234234234238, "maxlat": 9.4305135135135139, "minlon": 79.955360641421379, "maxlon": 80.046310296395674, "area_km2": 99.49174825838638, "cell_type": "coastal" }, "geometry": { "type": "Polygon", "coordinates": [ [ [ 80.046310296395674, 9.340423423423424 ], [ 80.046310296395674, 9.430513513513514 ], [ 79.955360641421379, 9.430513513513514 ], [ 79.955360641421379, 9.340423423423424 ], [ 80.046310296395674, 9.340423423423424 ] ] ] } },
{ "type": "Feature", "properties": { "grid_id": "grid_39_5", "cell_number": 1058, "row": 39, "col": 5, "centroid_lat": 9.3854684684684688, "centroid_lon": 80.091785123882829, "minlat": 9.3404234234234238, "maxlat": 9.4305135135135139, "minlon": 80.046310296395674, "maxlon": 80.13725995136997, "area_km2": 99.486596679992701, "cell_type": "land" }, "geometry": { "type": "Polygon", "coordinates": [ [ [ 80.13725995136997, 9.340423423423424 ], [ 80.13725995136997, 9.430513513513514 ], [ 80.046310296395674, 9.430513513513514 ], [ 80.046310296395674, 9.340423423423424 ], [ 80.13725995136997, 9.340423423423424 ] ] ] } },
{ "type": "Feature", "properties": { "grid_id": "grid_39_6", "cell_number": 1059, "row": 39, "col": 6, "centroid_lat": 9.3854684684684688, "centroid_lon": 80.18273477885711, "minlat": 9.3404234234234238, "maxlat": 9.4305135135135139, "minlon": 80.13725995136997, "maxlon": 80.228209606344265, "area_km2": 99.481936690524108, "cell_type": "land" }, "geometry": { "type": "Polygon", "coordinates": [ [ [ 80.228209606344265, 9.340423423423424 ], [ 80.228209606344265, 9.430513513513514 ], [ 80.13725995136997, 9.430513513513514 ], [ 80.13725995136997, 9.340423423423424 ], [ 80.228209606344265, 9.340423423423424 ] ] ] } },
{ "type": "Feature", "properties": { "grid_id": "grid_39_7", "cell_number": 1060, "row": 39, "col": 7, "centroid_lat": 9.3854684684684688, "centroid_lon": 80.273684433831406, "minlat": 9.3404234234234238, "maxlat": 9.4305135135135139, "minlon": 80.228209606344265, "maxlon": 80.319159261318561, "area_km2": 99.477768198950585, "cell_type": "land" }, "geometry": { "type": "Polygon", "coordinates": [ [ [ 80.319159261318561, 9.340423423423424 ], [ 80.319159261318561, 9.430513513513514 ], [ 80.228209606344265, 9.430513513513514 ], [ 80.228209606344265, 9.340423423423424 ], [ 80.319159261318561, 9.340423423423424 ] ] ] } },
{ "type": "Feature", "properties": { "grid_id": "grid_39_8", "cell_number": 1061, "row": 39, "col": 8, "centroid_lat": 9.3854684684684688, "centroid_lon": 80.364634088805687, "minlat": 9.3404234234234238, "maxlat": 9.4305135135135139, "minlon": 80.319159261318546, "maxlon": 80.410108916292842, "area_km2": 99.47409112380916, "cell_type": "land" }, "geometry": { "type": "Polygon", "coordinates": [ [ [ 80.410108916292842, 9.340423423423424 ], [ 80.410108916292842, 9.430513513513514 ], [ 80.319159261318546, 9.430513513513514 ], [ 80.319159261318546, 9.340423423423424 ], [ 80.410108916292842, 9.340423423423424 ] ] ] } },
{ "type": "Feature", "properties": { "grid_id": "grid_39_9", "cell_number": 1062, "row": 39, "col": 9, "centroid_lat": 9.3854684684684688, "centroid_lon": 80.455583743779982, "minlat": 9.3404234234234238, "maxlat": 9.4305135135135139, "minlon": 80.410108916292842, "maxlon": 80.501058571267137, "area_km2": 99.470905393207445, "cell_type": "land" }, "geometry": { "type": "Polygon", "coordinates": [ [ [ 80.501058571267137, 9.340423423423424 ], [ 80.501058571267137, 9.430513513513514 ], [ 80.410108916292842, 9.430513513513514 ], [ 80.410108916292842, 9.340423423423424 ], [ 80.501058571267137, 9.340423423423424 ] ] ] } },
{ "type": "Feature", "properties": { "grid_id": "grid_39_10", "cell_number": 1063, "row": 39, "col": 10, "centroid_lat": 9.3854684684684688, "centroid_lon": 80.546533398754292, "minlat": 9.3404234234234238, "maxlat": 9.4305135135135139, "minlon": 80.501058571267137, "maxlon": 80.592008226241433, "area_km2": 99.468210944939969, "cell_type": "land" }, "geometry": { "type": "Polygon", "coordinates": [ [ [ 80.592008226241433, 9.340423423423424 ], [ 80.592008226241433, 9.430513513513514 ], [ 80.501058571267137, 9.430513513513514 ], [ 80.501058571267137, 9.340423423423424 ], [ 80.592008226241433, 9.340423423423424 ] ] ] } },
{ "type": "Feature", "properties": { "grid_id": "grid_39_11", "cell_number": 1064, "row": 39, "col": 11, "centroid_lat": 9.3854684684684688, "centroid_lon": 80.637483053728573, "minlat": 9.3404234234234238, "maxlat": 9.4305135135135139, "minlon": 80.592008226241433, "maxlon": 80.682957881215728, "area_km2": 99.466007726358825, "cell_type": "coastal" }, "geometry": { "type": "Polygon", "coordinates": [ [ [ 80.682957881215728, 9.340423423423424 ], [ 80.682957881215728, 9.430513513513514 ], [ 80.592008226241433, 9.430513513513514 ], [ 80.592008226241433, 9.340423423423424 ], [ 80.682957881215728, 9.340423423423424 ] ] ] } },
{ "type": "Feature", "properties": { "grid_id": "grid_39_12", "cell_number": 1065, "row": 39, "col": 12, "centroid_lat": 9.3854684684684688, "centroid_lon": 80.728432708702854, "minlat": 9.3404234234234238, "maxlat": 9.4305135135135139, "minlon": 80.682957881215714, "maxlon": 80.773907536190009, "area_km2": 99.464295694374457, "cell_type": "coastal" }, "geometry": { "type": "Polygon", "coordinates": [ [ [ 80.773907536190009, 9.340423423423424 ], [ 80.773907536190009, 9.430513513513514 ], [ 80.682957881215714, 9.430513513513514 ], [ 80.682957881215714, 9.340423423423424 ], [ 80.773907536190009, 9.340423423423424 ] ] ] } },
{ "type": "Feature", "properties": { "grid_id": "grid_39_13", "cell_number": 1066, "row": 39, "col": 13, "centroid_lat": 9.3854684684684688, "centroid_lon": 80.819382363677164, "minlat": 9.3404234234234238, "maxlat": 9.4305135135135139, "minlon": 80.773907536190009, "maxlon": 80.864857191164305, "area_km2": 99.463074815580882, "cell_type": "ocean" }, "geometry": { "type": "Polygon", "coordinates": [ [ [ 80.864857191164305, 9.340423423423424 ], [ 80.864857191164305, 9.430513513513514 ], [ 80.773907536190009, 9.430513513513514 ], [ 80.773907536190009, 9.340423423423424 ], [ 80.864857191164305, 9.340423423423424 ] ] ] } },
{ "type": "Feature", "properties": { "grid_id": "grid_39_14", "cell_number": 1067, "row": 39, "col": 14, "centroid_lat": 9.3854684684684688, "centroid_lon": 80.910332018651459, "minlat": 9.3404234234234238, "maxlat": 9.4305135135135139, "minlon": 80.864857191164305, "maxlon": 80.9558068461386, "area_km2": 99.462345066124072, "cell_type": "ocean" }, "geometry": { "type": "Polygon", "coordinates": [ [ [ 80.9558068461386, 9.340423423423424 ], [ 80.9558068461386, 9.430513513513514 ], [ 80.864857191164305, 9.430513513513514 ], [ 80.864857191164305, 9.340423423423424 ], [ 80.9558068461386, 9.340423423423424 ] ] ] } },
{ "type": "Feature", "properties": { "grid_id": "grid_39_15", "cell_number": 1068, "row": 39, "col": 15, "centroid_lat": 9.3854684684684688, "centroid_lon": 81.001281673625741, "minlat": 9.3404234234234238, "maxlat": 9.4305135135135139, "minlon": 80.9558068461386, "maxlon": 81.046756501112895, "area_km2": 99.462106431708392, "cell_type": "ocean" }, "geometry": { "type": "Polygon", "coordinates": [ [ [ 81.046756501112895, 9.340423423423424 ], [ 81.046756501112895, 9.430513513513514 ], [ 80.9558068461386, 9.430513513513514 ], [ 80.9558068461386, 9.340423423423424 ], [ 81.046756501112895, 9.340423423423424 ] ] ] } },
{ "type": "Feature", "properties": { "grid_id": "grid_39_16", "cell_number": 1069, "row": 39, "col": 16, "centroid_lat": 9.3854684684684688, "centroid_lon": 81.09223132860005, "minlat": 9.3404234234234238, "maxlat": 9.4305135135135139, "minlon": 81.046756501112895, "maxlon": 81.137706156087191, "area_km2": 99.462358907707767, "cell_type": "ocean" }, "geometry": { "type": "Polygon", "coordinates": [ [ [ 81.137706156087191, 9.340423423423424 ], [ 81.137706156087191, 9.430513513513514 ], [ 81.046756501112895, 9.430513513513514 ], [ 81.046756501112895, 9.340423423423424 ], [ 81.137706156087191, 9.340423423423424 ] ] ] } },
{ "type": "Feature", "properties": { "grid_id": "grid_39_17", "cell_number": 1070, "row": 39, "col": 17, "centroid_lat": 9.3854684684684688, "centroid_lon": 81.183180983574317, "minlat": 9.3404234234234238, "maxlat": 9.4305135135135139, "minlon": 81.137706156087177, "maxlon": 81.228655811061472, "area_km2": 99.463102499059701, "cell_type": "ocean" }, "geometry": { "type": "Polygon", "coordinates": [ [ [ 81.228655811061472, 9.340423423423424 ], [ 81.228655811061472, 9.430513513513514 ], [ 81.137706156087177, 9.430513513513514 ], [ 81.137706156087177, 9.340423423423424 ], [ 81.228655811061472, 9.340423423423424 ] ] ] } },
{ "type": "Feature", "properties": { "grid_id": "grid_39_18", "cell_number": 1071, "row": 39, "col": 18, "centroid_lat": 9.3854684684684688, "centroid_lon": 81.274130638548613, "minlat": 9.3404234234234238, "maxlat": 9.4305135135135139, "minlon": 81.228655811061472, "maxlon": 81.319605466035767, "area_km2": 99.464337220251352, "cell_type": "ocean" }, "geometry": { "type": "Polygon", "coordinates": [ [ [ 81.319605466035767, 9.340423423423424 ], [ 81.319605466035767, 9.430513513513514 ], [ 81.228655811061472, 9.430513513513514 ], [ 81.228655811061472, 9.340423423423424 ], [ 81.319605466035767, 9.340423423423424 ] ] ] } },
{ "type": "Feature", "properties": { "grid_id": "grid_39_19", "cell_number": 1072, "row": 39, "col": 19, "centroid_lat": 9.3854684684684688, "centroid_lon": 81.365080293522922, "minlat": 9.3404234234234238, "maxlat": 9.4305135135135139, "minlon": 81.319605466035767, "maxlon": 81.410555121010063, "area_km2": 99.466063095441726, "cell_type": "ocean" }, "geometry": { "type": "Polygon", "coordinates": [ [ [ 81.410555121010063, 9.340423423423424 ], [ 81.410555121010063, 9.430513513513514 ], [ 81.319605466035767, 9.430513513513514 ], [ 81.319605466035767, 9.340423423423424 ], [ 81.410555121010063, 9.340423423423424 ] ] ] } },
{ "type": "Feature", "properties": { "grid_id": "grid_39_20", "cell_number": 1073, "row": 39, "col": 20, "centroid_lat": 9.3854684684684688, "centroid_lon": 81.456029948497232, "minlat": 9.3404234234234238, "maxlat": 9.4305135135135139, "minlon": 81.410555121010063, "maxlon": 81.501504775984358, "area_km2": 99.468280158350652, "cell_type": "ocean" }, "geometry": { "type": "Polygon", "coordinates": [ [ [ 81.501504775984358, 9.340423423423424 ], [ 81.501504775984358, 9.430513513513514 ], [ 81.410555121010063, 9.430513513513514 ], [ 81.410555121010063, 9.340423423423424 ], [ 81.501504775984358, 9.340423423423424 ] ] ] } },
{ "type": "Feature", "properties": { "grid_id": "grid_39_21", "cell_number": 1074, "row": 39, "col": 21, "centroid_lat": 9.3854684684684688, "centroid_lon": 81.546979603471499, "minlat": 9.3404234234234238, "maxlat": 9.4305135135135139, "minlon": 81.501504775984358, "maxlon": 81.592454430958654, "area_km2": 99.470988452258624, "cell_type": "ocean" }, "geometry": { "type": "Polygon", "coordinates": [ [ [ 81.592454430958654, 9.340423423423424 ], [ 81.592454430958654, 9.430513513513514 ], [ 81.501504775984358, 9.430513513513514 ], [ 81.501504775984358, 9.340423423423424 ], [ 81.592454430958654, 9.340423423423424 ] ] ] } },
{ "type": "Feature", "properties": { "grid_id": "grid_39_22", "cell_number": 1075, "row": 39, "col": 22, "centroid_lat": 9.3854684684684688, "centroid_lon": 81.63792925844578, "minlat": 9.3404234234234238, "maxlat": 9.4305135135135139, "minlon": 81.592454430958639, "maxlon": 81.683404085932935, "area_km2": 99.474188030122761, "cell_type": "ocean" }, "geometry": { "type": "Polygon", "coordinates": [ [ [ 81.683404085932935, 9.340423423423424 ], [ 81.683404085932935, 9.430513513513514 ], [ 81.592454430958639, 9.430513513513514 ], [ 81.592454430958639, 9.340423423423424 ], [ 81.683404085932935, 9.340423423423424 ] ] ] } },
{ "type": "Feature", "properties": { "grid_id": "grid_39_23", "cell_number": 1076, "row": 39, "col": 23, "centroid_lat": 9.3854684684684688, "centroid_lon": 81.72887891342009, "minlat": 9.3404234234234238, "maxlat": 9.4305135135135139, "minlon": 81.683404085932935, "maxlon": 81.77435374090723, "area_km2": 99.477878954462184, "cell_type": "ocean" }, "geometry": { "type": "Polygon", "coordinates": [ [ [ 81.77435374090723, 9.340423423423424 ], [ 81.77435374090723, 9.430513513513514 ], [ 81.683404085932935, 9.430513513513514 ], [ 81.683404085932935, 9.340423423423424 ], [ 81.77435374090723, 9.340423423423424 ] ] ] } },
{ "type": "Feature", "properties": { "grid_id": "grid_39_24", "cell_number": 1077, "row": 39, "col": 24, "centroid_lat": 9.3854684684684688, "centroid_lon": 81.819828568394371, "minlat": 9.3404234234234238, "maxlat": 9.4305135135135139, "minlon": 81.77435374090723, "maxlon": 81.865303395881526, "area_km2": 99.482061297360318, "cell_type": "ocean" }, "geometry": { "type": "Polygon", "coordinates": [ [ [ 81.865303395881526, 9.340423423423424 ], [ 81.865303395881526, 9.430513513513514 ], [ 81.77435374090723, 9.430513513513514 ], [ 81.77435374090723, 9.340423423423424 ], [ 81.865303395881526, 9.340423423423424 ] ] ] } },
{ "type": "Feature", "properties": { "grid_id": "grid_39_25", "cell_number": 1078, "row": 39, "col": 25, "centroid_lat": 9.3854684684684688, "centroid_lon": 81.910778223368695, "minlat": 9.3404234234234238, "maxlat": 9.4305135135135139, "minlon": 81.865303395881526, "maxlon": 81.956253050855821, "area_km2": 99.486735140586603, "cell_type": "ocean" }, "geometry": { "type": "Polygon", "coordinates": [ [ [ 81.956253050855821, 9.340423423423424 ], [ 81.956253050855821, 9.430513513513514 ], [ 81.865303395881526, 9.430513513513514 ], [ 81.865303395881526, 9.340423423423424 ], [ 81.956253050855821, 9.340423423423424 ] ] ] } },
{ "type": "Feature", "properties": { "grid_id": "grid_39_26", "cell_number": 1079, "row": 39, "col": 26, "centroid_lat": 9.3854684684684688, "centroid_lon": 82.001727878342962, "minlat": 9.3404234234234238, "maxlat": 9.4305135135135139, "minlon": 81.956253050855821, "maxlon": 82.047202705830117, "area_km2": 99.491900575482802, "cell_type": "ocean" }, "geometry": { "type": "Polygon", "coordinates": [ [ [ 82.047202705830117, 9.340423423423424 ], [ 82.047202705830117, 9.430513513513514 ], [ 81.956253050855821, 9.430513513513514 ], [ 81.956253050855821, 9.340423423423424 ], [ 82.047202705830117, 9.340423423423424 ] ] ] } },
{ "type": "Feature", "properties": { "grid_id": "grid_40_0", "cell_number": 1080, "row": 40, "col": 0, "centroid_lat": 9.4755585585585607, "centroid_lon": 79.637036849011366, "minlat": 9.4305135135135139, "maxlat": 9.5206036036036039, "minlon": 79.591562021524211, "maxlon": 79.682511676498507, "area_km2": 99.491933815490796, "cell_type": "ocean" }, "geometry": { "type": "Polygon", "coordinates": [ [ [ 79.682511676498507, 9.430513513513514 ], [ 79.682511676498507, 9.520603603603604 ], [ 79.591562021524211, 9.520603603603604 ], [ 79.591562021524211, 9.430513513513514 ], [ 79.682511676498507, 9.430513513513514 ] ] ] } },
{ "type": "Feature", "properties": { "grid_id": "grid_40_1", "cell_number": 1081, "row": 40, "col": 1, "centroid_lat": 9.4755585585585607, "centroid_lon": 79.727986503985662, "minlat": 9.4305135135135139, "maxlat": 9.5206036036036039, "minlon": 79.682511676498507, "maxlon": 79.773461331472802, "area_km2": 99.484820333482091, "cell_type": "ocean" }, "geometry": { "type": "Polygon", "coordinates": [ [ [ 79.773461331472802, 9.430513513513514 ], [ 79.773461331472802, 9.520603603603604 ], [ 79.682511676498507, 9.520603603603604 ], [ 79.682511676498507, 9.430513513513514 ], [ 79.773461331472802, 9.430513513513514 ] ] ] } },
{ "type": "Feature", "properties": { "grid_id": "grid_40_2", "cell_number": 1082, "row": 40, "col": 2, "centroid_lat": 9.4755585585585607, "centroid_lon": 79.818936158959943, "minlat": 9.4305135135135139, "maxlat": 9.5206036036036039, "minlon": 79.773461331472802, "maxlon": 79.864410986447098, "area_km2": 99.478198516453389, "cell_type": "ocean" }, "geometry": { "type": "Polygon", "coordinates": [ [ [ 79.864410986447098, 9.430513513513514 ], [ 79.864410986447098, 9.520603603603604 ], [ 79.773461331472802, 9.520603603603604 ], [ 79.773461331472802, 9.430513513513514 ], [ 79.864410986447098, 9.430513513513514 ] ] ] } },
{ "type": "Feature", "properties": { "grid_id": "grid_40_3", "cell_number": 1083, "row": 40, "col": 3, "centroid_lat": 9.4755585585585607, "centroid_lon": 79.909885813934224, "minlat": 9.4305135135135139, "maxlat": 9.5206036036036039, "minlon": 79.864410986447083, "maxlon": 79.955360641421379, "area_km2": 99.47206823501854, "cell_type": "ocean" }, "geometry": { "type": "Polygon", "coordinates": [ [ [ 79.955360641421379, 9.430513513513514 ], [ 79.955360641421379, 9.520603603603604 ], [ 79.864410986447083, 9.520603603603604 ], [ 79.864410986447083, 9.430513513513514 ], [ 79.955360641421379, 9.430513513513514 ] ] ] } },
{ "type": "Feature", "properties": { "grid_id": "grid_40_4", "cell_number": 1084, "row": 40, "col": 4, "centroid_lat": 9.4755585585585607, "centroid_lon": 80.000835468908519, "minlat": 9.4305135135135139, "maxlat": 9.5206036036036039, "minlon": 79.955360641421379, "maxlon": 80.046310296395674, "area_km2": 99.466429369480139, "cell_type": "coastal" }, "geometry": { "type": "Polygon", "coordinates": [ [ [ 80.046310296395674, 9.430513513513514 ], [ 80.046310296395674, 9.520603603603604 ], [ 79.955360641421379, 9.520603603603604 ], [ 79.955360641421379, 9.430513513513514 ], [ 80.046310296395674, 9.430513513513514 ] ] ] } },
{ "type": "Feature", "properties": { "grid_id": "grid_40_5", "cell_number": 1085, "row": 40, "col": 5, "centroid_lat": 9.4755585585585607, "centroid_lon": 80.091785123882829, "minlat": 9.4305135135135139, "maxlat": 9.5206036036036039, "minlon": 80.046310296395674, "maxlon": 80.13725995136997, "area_km2": 99.461281809711011, "cell_type": "coastal" }, "geometry": { "type": "Polygon", "coordinates": [ [ [ 80.13725995136997, 9.430513513513514 ], [ 80.13725995136997, 9.520603603603604 ], [ 80.046310296395674, 9.520603603603604 ], [ 80.046310296395674, 9.430513513513514 ], [ 80.13725995136997, 9.430513513513514 ] ] ] } },
{ "type": "Feature", "properties": { "grid_id": "grid_40_6", "cell_number": 1086, "row": 40, "col": 6, "centroid_lat": 9.4755585585585607, "centroid_lon": 80.18273477885711, "minlat": 9.4305135135135139, "maxlat": 9.5206036036036039, "minlon": 80.13725995136997, "maxlon": 80.228209606344265, "area_km2": 99.456625455145598, "cell_type": "land" }, "geometry": { "type": "Polygon", "coordinates": [ [ [ 80.228209606344265, 9.430513513513514 ], [ 80.228209606344265, 9.520603603603604 ], [ 80.13725995136997, 9.520603603603604 ], [ 80.13725995136997, 9.430513513513514 ], [ 80.228209606344265, 9.430513513513514 ] ] ] } },
{ "type": "Feature", "properties": { "grid_id": "grid_40_7", "cell_number": 1087, "row": 40, "col": 7, "centroid_lat": 9.4755585585585607, "centroid_lon": 80.273684433831406, "minlat": 9.4305135135135139, "maxlat": 9.5206036036036039, "minlon": 80.228209606344265, "maxlon": 80.319159261318561, "area_km2": 99.452460214896476, "cell_type": "land" }, "geometry": { "type": "Polygon", "coordinates": [ [ [ 80.319159261318561, 9.430513513513514 ], [ 80.319159261318561, 9.520603603603604 ], [ 80.228209606344265, 9.520603603603604 ], [ 80.228209606344265, 9.430513513513514 ], [ 80.319159261318561, 9.430513513513514 ] ] ] } },
{ "type": "Feature", "properties": { "grid_id": "grid_40_8", "cell_number": 1088, "row": 40, "col": 8, "centroid_lat": 9.4755585585585607, "centroid_lon": 80.364634088805687, "minlat": 9.4305135135135139, "maxlat": 9.5206036036036039, "minlon": 80.319159261318546, "maxlon": 80.410108916292842, "area_km2": 99.448786007634013, "cell_type": "land" }, "geometry": { "type": "Polygon", "coordinates": [ [ [ 80.410108916292842, 9.430513513513514 ], [ 80.410108916292842, 9.520603603603604 ], [ 80.319159261318546, 9.520603603603604 ], [ 80.319159261318546, 9.430513513513514 ], [ 80.410108916292842, 9.430513513513514 ] ] ] } },
{ "type": "Feature", "properties": { "grid_id": "grid_40_9", "cell_number": 1089, "row": 40, "col": 9, "centroid_lat": 9.4755585585585607, "centroid_lon": 80.455583743779982, "minlat": 9.4305135135135139, "maxlat": 9.5206036036036039, "minlon": 80.410108916292842, "maxlon": 80.501058571267137, "area_km2": 99.445602761577334, "cell_type": "land" }, "geometry": { "type": "Polygon", "coordinates": [ [ [ 80.501058571267137, 9.430513513513514 ], [ 80.501058571267137, 9.520603603603604 ], [ 80.410108916292842, 9.520603603603604 ], [ 80.410108916292842, 9.430513513513514 ], [ 80.501058571267137, 9.430513513513514 ] ] ] } },
{ "type": "Feature", "properties": { "grid_id": "grid_40_10", "cell_number": 1090, "row": 40, "col": 10, "centroid_lat": 9.4755585585585607, "centroid_lon": 80.546533398754292, "minlat": 9.4305135135135139, "maxlat": 9.5206036036036039, "minlon": 80.501058571267137, "maxlon": 80.592008226241433, "area_km2": 99.442910414619178, "cell_type": "coastal" }, "geometry": { "type": "Polygon", "coordinates": [ [ [ 80.592008226241433, 9.430513513513514 ], [ 80.592008226241433, 9.520603603603604 ], [ 80.501058571267137, 9.520603603603604 ], [ 80.501058571267137, 9.430513513513514 ], [ 80.592008226241433, 9.430513513513514 ] ] ] } },
{ "type": "Feature", "properties": { "grid_id": "grid_40_11", "cell_number": 1091, "row": 40, "col": 11, "centroid_lat": 9.4755585585585607, "centroid_lon": 80.637483053728573, "minlat": 9.4305135135135139, "maxlat": 9.5206036036036039, "minlon": 80.592008226241433, "maxlon": 80.682957881215728, "area_km2": 99.440708914196605, "cell_type": "coastal" }, "geometry": { "type": "Polygon", "coordinates": [ [ [ 80.682957881215728, 9.430513513513514 ], [ 80.682957881215728, 9.520603603603604 ], [ 80.592008226241433, 9.520603603603604 ], [ 80.592008226241433, 9.430513513513514 ], [ 80.682957881215728, 9.430513513513514 ] ] ] } },
{ "type": "Feature", "properties": { "grid_id": "grid_40_12", "cell_number": 1092, "row": 40, "col": 12, "centroid_lat": 9.4755585585585607, "centroid_lon": 80.728432708702854, "minlat": 9.4305135135135139, "maxlat": 9.5206036036036039, "minlon": 80.682957881215714, "maxlon": 80.773907536190009, "area_km2": 99.438998217289836, "cell_type": "ocean" }, "geometry": { "type": "Polygon", "coordinates": [ [ [ 80.773907536190009, 9.430513513513514 ], [ 80.773907536190009, 9.520603603603604 ], [ 80.682957881215714, 9.520603603603604 ], [ 80.682957881215714, 9.430513513513514 ], [ 80.773907536190009, 9.430513513513514 ] ] ] } },
{ "type": "Feature", "properties": { "grid_id": "grid_40_13", "cell_number": 1093, "row": 40, "col": 13, "centroid_lat": 9.4755585585585607, "centroid_lon": 80.819382363677164, "minlat": 9.4305135135135139, "maxlat": 9.5206036036036039, "minlon": 80.773907536190009, "maxlon": 80.864857191164305, "area_km2": 99.4377782905418, "cell_type": "ocean" }, "geometry": { "type": "Polygon", "coordinates": [ [ [ 80.864857191164305, 9.430513513513514 ], [ 80.864857191164305, 9.520603603603604 ], [ 80.773907536190009, 9.520603603603604 ], [ 80.773907536190009, 9.430513513513514 ], [ 80.864857191164305, 9.430513513513514 ] ] ] } },
{ "type": "Feature", "properties": { "grid_id": "grid_40_14", "cell_number": 1094, "row": 40, "col": 14, "centroid_lat": 9.4755585585585607, "centroid_lon": 80.910332018651459, "minlat": 9.4305135135135139, "maxlat": 9.5206036036036039, "minlon": 80.864857191164305, "maxlon": 80.9558068461386, "area_km2": 99.437049110138858, "cell_type": "ocean" }, "geometry": { "type": "Polygon", "coordinates": [ [ [ 80.9558068461386, 9.430513513513514 ], [ 80.9558068461386, 9.520603603603604 ], [ 80.864857191164305, 9.520603603603604 ], [ 80.864857191164305, 9.430513513513514 ], [ 80.9558068461386, 9.430513513513514 ] ] ] } },
{ "type": "Feature", "properties": { "grid_id": "grid_40_15", "cell_number": 1095, "row": 40, "col": 15, "centroid_lat": 9.4755585585585607, "centroid_lon": 81.001281673625741, "minlat": 9.4305135135135139, "maxlat": 9.5206036036036039, "minlon": 80.9558068461386, "maxlon": 81.046756501112895, "area_km2": 99.436810661806163, "cell_type": "ocean" }, "geometry": { "type": "Polygon", "coordinates": [ [ [ 81.046756501112895, 9.430513513513514 ], [ 81.046756501112895, 9.520603603603604 ], [ 80.9558068461386, 9.520603603603604 ], [ 80.9558068461386, 9.430513513513514 ], [ 81.046756501112895, 9.430513513513514 ] ] ] } },
{ "type": "Feature", "properties": { "grid_id": "grid_40_16", "cell_number": 1096, "row": 40, "col": 16, "centroid_lat": 9.4755585585585607, "centroid_lon": 81.09223132860005, "minlat": 9.4305135135135139, "maxlat": 9.5206036036036039, "minlon": 81.046756501112895, "maxlon": 81.137706156087191, "area_km2": 99.43706294093063, "cell_type": "ocean" }, "geometry": { "type": "Polygon", "coordinates": [ [ [ 81.137706156087191, 9.430513513513514 ], [ 81.137706156087191, 9.520603603603604 ], [ 81.046756501112895, 9.520603603603604 ], [ 81.046756501112895, 9.430513513513514 ], [ 81.137706156087191, 9.430513513513514 ] ] ] } },
{ "type": "Feature", "properties": { "grid_id": "grid_40_17", "cell_number": 1097, "row": 40, "col": 17, "centroid_lat": 9.4755585585585607, "centroid_lon": 81.183180983574317, "minlat": 9.4305135135135139, "maxlat": 9.5206036036036039, "minlon": 81.137706156087177, "maxlon": 81.228655811061472, "area_km2": 99.437805952433962, "cell_type": "ocean" }, "geometry": { "type": "Polygon", "coordinates": [ [ [ 81.228655811061472, 9.430513513513514 ], [ 81.228655811061472, 9.520603603603604 ], [ 81.137706156087177, 9.520603603603604 ], [ 81.137706156087177, 9.430513513513514 ], [ 81.228655811061472, 9.430513513513514 ] ] ] } },
{ "type": "Feature", "properties": { "grid_id": "grid_40_18", "cell_number": 1098, "row": 40, "col": 18, "centroid_lat": 9.4755585585585607, "centroid_lon": 81.274130638548613, "minlat": 9.4305135135135139, "maxlat": 9.5206036036036039, "minlon": 81.228655811061472, "maxlon": 81.319605466035767, "area_km2": 99.439039710780818, "cell_type": "ocean" }, "geometry": { "type": "Polygon", "coordinates": [ [ [ 81.319605466035767, 9.430513513513514 ], [ 81.319605466035767, 9.520603603603604 ], [ 81.228655811061472, 9.520603603603604 ], [ 81.228655811061472, 9.430513513513514 ], [ 81.319605466035767, 9.430513513513514 ] ] ] } },
{ "type": "Feature", "properties": { "grid_id": "grid_40_19", "cell_number": 1099, "row": 40, "col": 19, "centroid_lat": 9.4755585585585607, "centroid_lon": 81.365080293522922, "minlat": 9.4305135135135139, "maxlat": 9.5206036036036039, "minlon": 81.319605466035767, "maxlon": 81.410555121010063, "area_km2": 99.440764240101629, "cell_type": "ocean" }, "geometry": { "type": "Polygon", "coordinates": [ [ [ 81.410555121010063, 9.430513513513514 ], [ 81.410555121010063, 9.520603603603604 ], [ 81.319605466035767, 9.520603603603604 ], [ 81.319605466035767, 9.430513513513514 ], [ 81.410555121010063, 9.430513513513514 ] ] ] } },
{ "type": "Feature", "properties": { "grid_id": "grid_40_20", "cell_number": 1100, "row": 40, "col": 20, "centroid_lat": 9.4755585585585607, "centroid_lon": 81.456029948497232, "minlat": 9.4305135135135139, "maxlat": 9.5206036036036039, "minlon": 81.410555121010063, "maxlon": 81.501504775984358, "area_km2": 99.442979574057134, "cell_type": "ocean" }, "geometry": { "type": "Polygon", "coordinates": [ [ [ 81.501504775984358, 9.430513513513514 ], [ 81.501504775984358, 9.520603603603604 ], [ 81.410555121010063, 9.520603603603604 ], [ 81.410555121010063, 9.430513513513514 ], [ 81.501504775984358, 9.430513513513514 ] ] ] } },
{ "type": "Feature", "properties": { "grid_id": "grid_40_21", "cell_number": 1101, "row": 40, "col": 21, "centroid_lat": 9.4755585585585607, "centroid_lon": 81.546979603471499, "minlat": 9.4305135135135139, "maxlat": 9.5206036036036039, "minlon": 81.501504775984358, "maxlon": 81.592454430958654, "area_km2": 99.445685755856161, "cell_type": "ocean" }, "geometry": { "type": "Polygon", "coordinates": [ [ [ 81.592454430958654, 9.430513513513514 ], [ 81.592454430958654, 9.520603603603604 ], [ 81.501504775984358, 9.520603603603604 ], [ 81.501504775984358, 9.430513513513514 ], [ 81.592454430958654, 9.430513513513514 ] ] ] } },
{ "type": "Feature", "properties": { "grid_id": "grid_40_22", "cell_number": 1102, "row": 40, "col": 22, "centroid_lat": 9.4755585585585607, "centroid_lon": 81.63792925844578, "minlat": 9.4305135135135139, "maxlat": 9.5206036036036039, "minlon": 81.592454430958639, "maxlon": 81.683404085932935, "area_km2": 99.448882838372057, "cell_type": "ocean" }, "geometry": { "type": "Polygon", "coordinates": [ [ [ 81.683404085932935, 9.430513513513514 ], [ 81.683404085932935, 9.520603603603604 ], [ 81.592454430958639, 9.520603603603604 ], [ 81.592454430958639, 9.430513513513514 ], [ 81.683404085932935, 9.430513513513514 ] ] ] } },
{ "type": "Feature", "properties": { "grid_id": "grid_40_23", "cell_number": 1103, "row": 40, "col": 23, "centroid_lat": 9.4755585585585607, "centroid_lon": 81.72887891342009, "minlat": 9.4305135135135139, "maxlat": 9.5206036036036039, "minlon": 81.683404085932935, "maxlon": 81.77435374090723, "area_km2": 99.452570884025832, "cell_type": "ocean" }, "geometry": { "type": "Polygon", "coordinates": [ [ [ 81.77435374090723, 9.430513513513514 ], [ 81.77435374090723, 9.520603603603604 ], [ 81.683404085932935, 9.520603603603604 ], [ 81.683404085932935, 9.430513513513514 ], [ 81.77435374090723, 9.430513513513514 ] ] ] } },
{ "type": "Feature", "properties": { "grid_id": "grid_40_24", "cell_number": 1104, "row": 40, "col": 24, "centroid_lat": 9.4755585585585607, "centroid_lon": 81.819828568394371, "minlat": 9.4305135135135139, "maxlat": 9.5206036036036039, "minlon": 81.77435374090723, "maxlon": 81.865303395881526, "area_km2": 99.456749964787775, "cell_type": "ocean" }, "geometry": { "type": "Polygon", "coordinates": [ [ [ 81.865303395881526, 9.430513513513514 ], [ 81.865303395881526, 9.520603603603604 ], [ 81.77435374090723, 9.520603603603604 ], [ 81.77435374090723, 9.430513513513514 ], [ 81.865303395881526, 9.430513513513514 ] ] ] } },
{ "type": "Feature", "properties": { "grid_id": "grid_40_25", "cell_number": 1105, "row": 40, "col": 25, "centroid_lat": 9.4755585585585607, "centroid_lon": 81.910778223368695, "minlat": 9.4305135135135139, "maxlat": 9.5206036036036039, "minlon": 81.865303395881526, "maxlon": 81.956253050855821, "area_km2": 99.461420162299859, "cell_type": "ocean" }, "geometry": { "type": "Polygon", "coordinates": [ [ [ 81.956253050855821, 9.430513513513514 ], [ 81.956253050855821, 9.520603603603604 ], [ 81.865303395881526, 9.520603603603604 ], [ 81.865303395881526, 9.430513513513514 ], [ 81.956253050855821, 9.430513513513514 ] ] ] } },
{ "type": "Feature", "properties": { "grid_id": "grid_40_26", "cell_number": 1106, "row": 40, "col": 26, "centroid_lat": 9.4755585585585607, "centroid_lon": 82.001727878342962, "minlat": 9.4305135135135139, "maxlat": 9.5206036036036039, "minlon": 81.956253050855821, "maxlon": 82.047202705830117, "area_km2": 99.466581567756123, "cell_type": "ocean" }, "geometry": { "type": "Polygon", "coordinates": [ [ [ 82.047202705830117, 9.430513513513514 ], [ 82.047202705830117, 9.520603603603604 ], [ 81.956253050855821, 9.520603603603604 ], [ 81.956253050855821, 9.430513513513514 ], [ 82.047202705830117, 9.430513513513514 ] ] ] } },
{ "type": "Feature", "properties": { "grid_id": "grid_41_0", "cell_number": 1107, "row": 41, "col": 0, "centroid_lat": 9.5656486486486489, "centroid_lon": 79.637036849011366, "minlat": 9.5206036036036039, "maxlat": 9.610693693693694, "minlon": 79.591562021524211, "maxlon": 79.682511676498507, "area_km2": 99.466354661832867, "cell_type": "ocean" }, "geometry": { "type": "Polygon", "coordinates": [ [ [ 79.682511676498507, 9.520603603603604 ], [ 79.682511676498507, 9.610693693693694 ], [ 79.591562021524211, 9.610693693693694 ], [ 79.591562021524211, 9.520603603603604 ], [ 79.682511676498507, 9.520603603603604 ] ] ] } },
{ "type": "Feature", "properties": { "grid_id": "grid_41_1", "cell_number": 1108, "row": 41, "col": 1, "centroid_lat": 9.5656486486486489, "centroid_lon": 79.727986503985662, "minlat": 9.5206036036036039, "maxlat": 9.610693693693694, "minlon": 79.682511676498507, "maxlon": 79.773461331472802, "area_km2": 99.459246784749595, "cell_type": "ocean" }, "geometry": { "type": "Polygon", "coordinates": [ [ [ 79.773461331472802, 9.520603603603604 ], [ 79.773461331472802, 9.610693693693694 ], [ 79.682511676498507, 9.610693693693694 ], [ 79.682511676498507, 9.520603603603604 ], [ 79.773461331472802, 9.520603603603604 ] ] ] } },
{ "type": "Feature", "properties": { "grid_id": "grid_41_2", "cell_number": 1109, "row": 41, "col": 2, "centroid_lat": 9.5656486486486489, "centroid_lon": 79.818936158959943, "minlat": 9.5206036036036039, "maxlat": 9.610693693693694, "minlon": 79.773461331472802, "maxlon": 79.864410986447098, "area_km2": 99.452630184759002, "cell_type": "ocean" }, "geometry": { "type": "Polygon", "coordinates": [ [ [ 79.864410986447098, 9.520603603603604 ], [ 79.864410986447098, 9.610693693693694 ], [ 79.773461331472802, 9.610693693693694 ], [ 79.773461331472802, 9.520603603603604 ], [ 79.864410986447098, 9.520603603603604 ] ] ] } },
{ "type": "Feature", "properties": { "grid_id": "grid_41_3", "cell_number": 1110, "row": 41, "col": 3, "centroid_lat": 9.5656486486486489, "centroid_lon": 79.909885813934224, "minlat": 9.5206036036036039, "maxlat": 9.610693693693694, "minlon": 79.864410986447083, "maxlon": 79.955360641421379, "area_km2": 99.446504732679102, "cell_type": "ocean" }, "geometry": { "type": "Polygon", "coordinates": [ [ [ 79.955360641421379, 9.520603603603604 ], [ 79.955360641421379, 9.610693693693694 ], [ 79.864410986447083, 9.610693693693694 ], [ 79.864410986447083, 9.520603603603604 ], [ 79.955360641421379, 9.520603603603604 ] ] ] } },
{ "type": "Feature", "properties": { "grid_id": "grid_41_4", "cell_number": 1111, "row": 41, "col": 4, "centroid_lat": 9.5656486486486489, "centroid_lon": 80.000835468908519, "minlat": 9.5206036036036039, "maxlat": 9.610693693693694, "minlon": 79.955360641421379, "maxlon": 80.046310296395674, "area_km2": 99.440870309009853, "cell_type": "ocean" }, "geometry": { "type": "Polygon", "coordinates": [ [ [ 80.046310296395674, 9.520603603603604 ], [ 80.046310296395674, 9.610693693693694 ], [ 79.955360641421379, 9.610693693693694 ], [ 79.955360641421379, 9.520603603603604 ], [ 80.046310296395674, 9.520603603603604 ] ] ] } },
{ "type": "Feature", "properties": { "grid_id": "grid_41_5", "cell_number": 1112, "row": 41, "col": 5, "centroid_lat": 9.5656486486486489, "centroid_lon": 80.091785123882829, "minlat": 9.5206036036036039, "maxlat": 9.610693693693694, "minlon": 80.046310296395674, "maxlon": 80.13725995136997, "area_km2": 99.435726803796399, "cell_type": "coastal" }, "geometry": { "type": "Polygon", "coordinates": [ [ [ 80.13725995136997, 9.520603603603604 ], [ 80.13725995136997, 9.610693693693694 ], [ 80.046310296395674, 9.610693693693694 ], [ 80.046310296395674, 9.520603603603604 ], [ 80.13725995136997, 9.520603603603604 ] ] ] } },
{ "type": "Feature", "properties": { "grid_id": "grid_41_6", "cell_number": 1113, "row": 41, "col": 6, "centroid_lat": 9.5656486486486489, "centroid_lon": 80.18273477885711, "minlat": 9.5206036036036039, "maxlat": 9.610693693693694, "minlon": 80.13725995136997, "maxlon": 80.228209606344265, "area_km2": 99.431074116631549, "cell_type": "land" }, "geometry": { "type": "Polygon", "coordinates": [ [ [ 80.228209606344265, 9.520603603603604 ], [ 80.228209606344265, 9.610693693693694 ], [ 80.13725995136997, 9.610693693693694 ], [ 80.13725995136997, 9.520603603603604 ], [ 80.228209606344265, 9.520603603603604 ] ] ] } },
{ "type": "Feature", "properties": { "grid_id": "grid_41_7", "cell_number": 1114, "row": 41, "col": 7, "centroid_lat": 9.5656486486486489, "centroid_lon": 80.273684433831406, "minlat": 9.5206036036036039, "maxlat": 9.610693693693694, "minlon": 80.228209606344265, "maxlon": 80.319159261318561, "area_km2": 99.426912156779053, "cell_type": "land" }, "geometry": { "type": "Polygon", "coordinates": [ [ [ 80.319159261318561, 9.520603603603604 ], [ 80.319159261318561, 9.610693693693694 ], [ 80.228209606344265, 9.610693693693694 ], [ 80.228209606344265, 9.520603603603604 ], [ 80.319159261318561, 9.520603603603604 ] ] ] } },
{ "type": "Feature", "properties": { "grid_id": "grid_41_8", "cell_number": 1115, "row": 41, "col": 8, "centroid_lat": 9.5656486486486489, "centroid_lon": 80.364634088805687, "minlat": 9.5206036036036039, "maxlat": 9.610693693693694, "minlon": 80.319159261318546, "maxlon": 80.410108916292842, "area_km2": 99.423240843039238, "cell_type": "land" }, "geometry": { "type": "Polygon", "coordinates": [ [ [ 80.410108916292842, 9.520603603603604 ], [ 80.410108916292842, 9.610693693693694 ], [ 80.319159261318546, 9.610693693693694 ], [ 80.319159261318546, 9.520603603603604 ], [ 80.410108916292842, 9.520603603603604 ] ] ] } },
{ "type": "Feature", "properties": { "grid_id": "grid_41_9", "cell_number": 1116, "row": 41, "col": 9, "centroid_lat": 9.5656486486486489, "centroid_lon": 80.455583743779982, "minlat": 9.5206036036036039, "maxlat": 9.610693693693694, "minlon": 80.410108916292842, "maxlon": 80.501058571267137, "area_km2": 99.420060103742571, "cell_type": "coastal" }, "geometry": { "type": "Polygon", "coordinates": [ [ [ 80.501058571267137, 9.520603603603604 ], [ 80.501058571267137, 9.610693693693694 ], [ 80.410108916292842, 9.610693693693694 ], [ 80.410108916292842, 9.520603603603604 ], [ 80.501058571267137, 9.520603603603604 ] ] ] } },
{ "type": "Feature", "properties": { "grid_id": "grid_41_10", "cell_number": 1117, "row": 41, "col": 10, "centroid_lat": 9.5656486486486489, "centroid_lon": 80.546533398754292, "minlat": 9.5206036036036039, "maxlat": 9.610693693693694, "minlon": 80.501058571267137, "maxlon": 80.592008226241433, "area_km2": 99.417369876882162, "cell_type": "coastal" }, "geometry": { "type": "Polygon", "coordinates": [ [ [ 80.592008226241433, 9.520603603603604 ], [ 80.592008226241433, 9.610693693693694 ], [ 80.501058571267137, 9.610693693693694 ], [ 80.501058571267137, 9.520603603603604 ], [ 80.592008226241433, 9.520603603603604 ] ] ] } },
{ "type": "Feature", "properties": { "grid_id": "grid_41_11", "cell_number": 1118, "row": 41, "col": 11, "centroid_lat": 9.5656486486486489, "centroid_lon": 80.637483053728573, "minlat": 9.5206036036036039, "maxlat": 9.610693693693694, "minlon": 80.592008226241433, "maxlon": 80.682957881215728, "area_km2": 99.415170109980252, "cell_type": "ocean" }, "geometry": { "type": "Polygon", "coordinates": [ [ [ 80.682957881215728, 9.520603603603604 ], [ 80.682957881215728, 9.610693693693694 ], [ 80.592008226241433, 9.610693693693694 ], [ 80.592008226241433, 9.520603603603604 ], [ 80.682957881215728, 9.520603603603604 ] ] ] } },
{ "type": "Feature", "properties": { "grid_id": "grid_41_12", "cell_number": 1119, "row": 41, "col": 12, "centroid_lat": 9.5656486486486489, "centroid_lon": 80.728432708702854, "minlat": 9.5206036036036039, "maxlat": 9.610693693693694, "minlon": 80.682957881215714, "maxlon": 80.773907536190009, "area_km2": 99.413460760085243, "cell_type": "ocean" }, "geometry": { "type": "Polygon", "coordinates": [ [ [ 80.773907536190009, 9.520603603603604 ], [ 80.773907536190009, 9.610693693693694 ], [ 80.682957881215714, 9.610693693693694 ], [ 80.682957881215714, 9.520603603603604 ], [ 80.773907536190009, 9.520603603603604 ] ] ] } },
{ "type": "Feature", "properties": { "grid_id": "grid_41_13", "cell_number": 1120, "row": 41, "col": 13, "centroid_lat": 9.5656486486486489, "centroid_lon": 80.819382363677164, "minlat": 9.5206036036036039, "maxlat": 9.610693693693694, "minlon": 80.773907536190009, "maxlon": 80.864857191164305, "area_km2": 99.412241793897081, "cell_type": "ocean" }, "geometry": { "type": "Polygon", "coordinates": [ [ [ 80.864857191164305, 9.520603603603604 ], [ 80.864857191164305, 9.610693693693694 ], [ 80.773907536190009, 9.610693693693694 ], [ 80.773907536190009, 9.520603603603604 ], [ 80.864857191164305, 9.520603603603604 ] ] ] } },
{ "type": "Feature", "properties": { "grid_id": "grid_41_14", "cell_number": 1121, "row": 41, "col": 14, "centroid_lat": 9.5656486486486489, "centroid_lon": 80.910332018651459, "minlat": 9.5206036036036039, "maxlat": 9.610693693693694, "minlon": 80.864857191164305, "maxlon": 80.9558068461386, "area_km2": 99.411513187639002, "cell_type": "ocean" }, "geometry": { "type": "Polygon", "coordinates": [ [ [ 80.9558068461386, 9.520603603603604 ], [ 80.9558068461386, 9.610693693693694 ], [ 80.864857191164305, 9.610693693693694 ], [ 80.864857191164305, 9.520603603603604 ], [ 80.9558068461386, 9.520603603603604 ] ] ] } },
{ "type": "Feature", "properties": { "grid_id": "grid_41_15", "cell_number": 1122, "row": 41, "col": 15, "centroid_lat": 9.5656486486486489, "centroid_lon": 81.001281673625741, "minlat": 9.5206036036036039, "maxlat": 9.610693693693694, "minlon": 80.9558068461386, "maxlon": 81.046756501112895, "area_km2": 99.411274927051878, "cell_type": "ocean" }, "geometry": { "type": "Polygon", "coordinates": [ [ [ 81.046756501112895, 9.520603603603604 ], [ 81.046756501112895, 9.610693693693694 ], [ 80.9558068461386, 9.610693693693694 ], [ 80.9558068461386, 9.520603603603604 ], [ 81.046756501112895, 9.520603603603604 ] ] ] } },
{ "type": "Feature", "properties": { "grid_id": "grid_41_16", "cell_number": 1123, "row": 41, "col": 16, "centroid_lat": 9.5656486486486489, "centroid_lon": 81.09223132860005, "minlat": 9.5206036036036039, "maxlat": 9.610693693693694, "minlon": 81.046756501112895, "maxlon": 81.137706156087191, "area_km2": 99.411527007535398, "cell_type": "ocean" }, "geometry": { "type": "Polygon", "coordinates": [ [ [ 81.137706156087191, 9.520603603603604 ], [ 81.137706156087191, 9.610693693693694 ], [ 81.046756501112895, 9.610693693693694 ], [ 81.046756501112895, 9.520603603603604 ], [ 81.137706156087191, 9.520603603603604 ] ] ] } },
{ "type": "Feature", "properties": { "grid_id": "grid_41_17", "cell_number": 1124, "row": 41, "col": 17, "centroid_lat": 9.5656486486486489, "centroid_lon": 81.183180983574317, "minlat": 9.5206036036036039, "maxlat": 9.610693693693694, "minlon": 81.137706156087177, "maxlon": 81.228655811061472, "area_km2": 99.412269434008749, "cell_type": "ocean" }, "geometry": { "type": "Polygon", "coordinates": [ [ [ 81.228655811061472, 9.520603603603604 ], [ 81.228655811061472, 9.610693693693694 ], [ 81.137706156087177, 9.610693693693694 ], [ 81.137706156087177, 9.520603603603604 ], [ 81.228655811061472, 9.520603603603604 ] ] ] } },
{ "type": "Feature", "properties": { "grid_id": "grid_41_18", "cell_number": 1125, "row": 41, "col": 18, "centroid_lat": 9.5656486486486489, "centroid_lon": 81.274130638548613, "minlat": 9.5206036036036039, "maxlat": 9.610693693693694, "minlon": 81.228655811061472, "maxlon": 81.319605466035767, "area_km2": 99.413502220907901, "cell_type": "ocean" }, "geometry": { "type": "Polygon", "coordinates": [ [ [ 81.319605466035767, 9.520603603603604 ], [ 81.319605466035767, 9.610693693693694 ], [ 81.228655811061472, 9.610693693693694 ], [ 81.228655811061472, 9.520603603603604 ], [ 81.319605466035767, 9.520603603603604 ] ] ] } },
{ "type": "Feature", "properties": { "grid_id": "grid_41_19", "cell_number": 1126, "row": 41, "col": 19, "centroid_lat": 9.5656486486486489, "centroid_lon": 81.365080293522922, "minlat": 9.5206036036036039, "maxlat": 9.610693693693694, "minlon": 81.319605466035767, "maxlon": 81.410555121010063, "area_km2": 99.415225392320906, "cell_type": "ocean" }, "geometry": { "type": "Polygon", "coordinates": [ [ [ 81.410555121010063, 9.520603603603604 ], [ 81.410555121010063, 9.610693693693694 ], [ 81.319605466035767, 9.610693693693694 ], [ 81.319605466035767, 9.520603603603604 ], [ 81.410555121010063, 9.520603603603604 ] ] ] } },
{ "type": "Feature", "properties": { "grid_id": "grid_41_20", "cell_number": 1127, "row": 41, "col": 20, "centroid_lat": 9.5656486486486489, "centroid_lon": 81.456029948497232, "minlat": 9.5206036036036039, "maxlat": 9.610693693693694, "minlon": 81.410555121010063, "maxlon": 81.501504775984358, "area_km2": 99.417438981858908, "cell_type": "ocean" }, "geometry": { "type": "Polygon", "coordinates": [ [ [ 81.501504775984358, 9.520603603603604 ], [ 81.501504775984358, 9.610693693693694 ], [ 81.410555121010063, 9.610693693693694 ], [ 81.410555121010063, 9.520603603603604 ], [ 81.501504775984358, 9.520603603603604 ] ] ] } },
{ "type": "Feature", "properties": { "grid_id": "grid_41_21", "cell_number": 1128, "row": 41, "col": 21, "centroid_lat": 9.5656486486486489, "centroid_lon": 81.546979603471499, "minlat": 9.5206036036036039, "maxlat": 9.610693693693694, "minlon": 81.501504775984358, "maxlon": 81.592454430958654, "area_km2": 99.42014303266204, "cell_type": "ocean" }, "geometry": { "type": "Polygon", "coordinates": [ [ [ 81.592454430958654, 9.520603603603604 ], [ 81.592454430958654, 9.610693693693694 ], [ 81.501504775984358, 9.610693693693694 ], [ 81.501504775984358, 9.520603603603604 ], [ 81.592454430958654, 9.520603603603604 ] ] ] } },
{ "type": "Feature", "properties": { "grid_id": "grid_41_22", "cell_number": 1129, "row": 41, "col": 22, "centroid_lat": 9.5656486486486489, "centroid_lon": 81.63792925844578, "minlat": 9.5206036036036039, "maxlat": 9.610693693693694, "minlon": 81.592454430958639, "maxlon": 81.683404085932935, "area_km2": 99.42333759752232, "cell_type": "ocean" }, "geometry": { "type": "Polygon", "coordinates": [ [ [ 81.683404085932935, 9.520603603603604 ], [ 81.683404085932935, 9.610693693693694 ], [ 81.592454430958639, 9.610693693693694 ], [ 81.592454430958639, 9.520603603603604 ], [ 81.683404085932935, 9.520603603603604 ] ] ] } },
{ "type": "Feature", "properties": { "grid_id": "grid_41_23", "cell_number": 1130, "row": 41, "col": 23, "centroid_lat": 9.5656486486486489, "centroid_lon": 81.72887891342009, "minlat": 9.5206036036036039, "maxlat": 9.610693693693694, "minlon": 81.683404085932935, "maxlon": 81.77435374090723, "area_km2": 99.4270227387576, "cell_type": "ocean" }, "geometry": { "type": "Polygon", "coordinates": [ [ [ 81.77435374090723, 9.520603603603604 ], [ 81.77435374090723, 9.610693693693694 ], [ 81.683404085932935, 9.610693693693694 ], [ 81.683404085932935, 9.520603603603604 ], [ 81.77435374090723, 9.520603603603604 ] ] ] } },
{ "type": "Feature", "properties": { "grid_id": "grid_41_24", "cell_number": 1131, "row": 41, "col": 24, "centroid_lat": 9.5656486486486489, "centroid_lon": 81.819828568394371, "minlat": 9.5206036036036039, "maxlat": 9.610693693693694, "minlon": 81.77435374090723, "maxlon": 81.865303395881526, "area_km2": 99.4311985282135, "cell_type": "ocean" }, "geometry": { "type": "Polygon", "coordinates": [ [ [ 81.865303395881526, 9.520603603603604 ], [ 81.865303395881526, 9.610693693693694 ], [ 81.77435374090723, 9.610693693693694 ], [ 81.77435374090723, 9.520603603603604 ], [ 81.865303395881526, 9.520603603603604 ] ] ] } },
{ "type": "Feature", "properties": { "grid_id": "grid_41_25", "cell_number": 1132, "row": 41, "col": 25, "centroid_lat": 9.5656486486486489, "centroid_lon": 81.910778223368695, "minlat": 9.5206036036036039, "maxlat": 9.610693693693694, "minlon": 81.865303395881526, "maxlon": 81.956253050855821, "area_km2": 99.435865047408825, "cell_type": "ocean" }, "geometry": { "type": "Polygon", "coordinates": [ [ [ 81.956253050855821, 9.520603603603604 ], [ 81.956253050855821, 9.610693693693694 ], [ 81.865303395881526, 9.610693693693694 ], [ 81.865303395881526, 9.520603603603604 ], [ 81.956253050855821, 9.520603603603604 ] ] ] } },
{ "type": "Feature", "properties": { "grid_id": "grid_41_26", "cell_number": 1133, "row": 41, "col": 26, "centroid_lat": 9.5656486486486489, "centroid_lon": 82.001727878342962, "minlat": 9.5206036036036039, "maxlat": 9.610693693693694, "minlon": 81.956253050855821, "maxlon": 82.047202705830117, "area_km2": 99.441022387397581, "cell_type": "ocean" }, "geometry": { "type": "Polygon", "coordinates": [ [ [ 82.047202705830117, 9.520603603603604 ], [ 82.047202705830117, 9.610693693693694 ], [ 81.956253050855821, 9.610693693693694 ], [ 81.956253050855821, 9.520603603603604 ], [ 82.047202705830117, 9.520603603603604 ] ] ] } },
{ "type": "Feature", "properties": { "grid_id": "grid_42_0", "cell_number": 1134, "row": 42, "col": 0, "centroid_lat": 9.655738738738739, "centroid_lon": 79.637036849011366, "minlat": 9.610693693693694, "maxlat": 9.700783783783784, "minlon": 79.591562021524211, "maxlon": 79.682511676498507, "area_km2": 99.440535207566526, "cell_type": "ocean" }, "geometry": { "type": "Polygon", "coordinates": [ [ [ 79.682511676498507, 9.610693693693694 ], [ 79.682511676498507, 9.700783783783784 ], [ 79.591562021524211, 9.700783783783784 ], [ 79.591562021524211, 9.610693693693694 ], [ 79.682511676498507, 9.610693693693694 ] ] ] } },
{ "type": "Feature", "properties": { "grid_id": "grid_42_1", "cell_number": 1135, "row": 42, "col": 1, "centroid_lat": 9.655738738738739, "centroid_lon": 79.727986503985662, "minlat": 9.610693693693694, "maxlat": 9.700783783783784, "minlon": 79.682511676498507, "maxlon": 79.773461331472802, "area_km2": 99.433432984981536, "cell_type": "ocean" }, "geometry": { "type": "Polygon", "coordinates": [ [ [ 79.773461331472802, 9.610693693693694 ], [ 79.773461331472802, 9.700783783783784 ], [ 79.682511676498507, 9.700783783783784 ], [ 79.682511676498507, 9.610693693693694 ], [ 79.773461331472802, 9.610693693693694 ] ] ] } },
{ "type": "Feature", "properties": { "grid_id": "grid_42_2", "cell_number": 1136, "row": 42, "col": 2, "centroid_lat": 9.655738738738739, "centroid_lon": 79.818936158959943, "minlat": 9.610693693693694, "maxlat": 9.700783783783784, "minlon": 79.773461331472802, "maxlon": 79.864410986447098, "area_km2": 99.426821648172023, "cell_type": "ocean" }, "geometry": { "type": "Polygon", "coordinates": [ [ [ 79.864410986447098, 9.610693693693694 ], [ 79.864410986447098, 9.700783783783784 ], [ 79.773461331472802, 9.700783783783784 ], [ 79.773461331472802, 9.610693693693694 ], [ 79.864410986447098, 9.610693693693694 ] ] ] } },
{ "type": "Feature", "properties": { "grid_id": "grid_42_3", "cell_number": 1137, "row": 42, "col": 3, "centroid_lat": 9.655738738738739, "centroid_lon": 79.909885813934224, "minlat": 9.610693693693694, "maxlat": 9.700783783783784, "minlon": 79.864410986447083, "maxlon": 79.955360641421379, "area_km2": 99.420701068166821, "cell_type": "ocean" }, "geometry": { "type": "Polygon", "coordinates": [ [ [ 79.955360641421379, 9.610693693693694 ], [ 79.955360641421379, 9.700783783783784 ], [ 79.864410986447083, 9.700783783783784 ], [ 79.864410986447083, 9.610693693693694 ], [ 79.955360641421379, 9.610693693693694 ] ] ] } },
{ "type": "Feature", "properties": { "grid_id": "grid_42_4", "cell_number": 1138, "row": 42, "col": 4, "centroid_lat": 9.655738738738739, "centroid_lon": 80.000835468908519, "minlat": 9.610693693693694, "maxlat": 9.700783783783784, "minlon": 79.955360641421379, "maxlon": 80.046310296395674, "area_km2": 99.415071125649689, "cell_type": "ocean" }, "geometry": { "type": "Polygon", "coordinates": [ [ [ 80.046310296395674, 9.610693693693694 ], [ 80.046310296395674, 9.700783783783784 ], [ 79.955360641421379, 9.700783783783784 ], [ 79.955360641421379, 9.610693693693694 ], [ 80.046310296395674, 9.610693693693694 ] ] ] } },
{ "type": "Feature", "properties": { "grid_id": "grid_42_5", "cell_number": 1139, "row": 42, "col": 5, "centroid_lat": 9.655738738738739, "centroid_lon": 80.091785123882829, "minlat": 9.610693693693694, "maxlat": 9.700783783783784, "minlon": 80.046310296395674, "maxlon": 80.13725995136997, "area_km2": 99.409931710851978, "cell_type": "coastal" }, "geometry": { "type": "Polygon", "coordinates": [ [ [ 80.13725995136997, 9.610693693693694 ], [ 80.13725995136997, 9.700783783783784 ], [ 80.046310296395674, 9.700783783783784 ], [ 80.046310296395674, 9.610693693693694 ], [ 80.13725995136997, 9.610693693693694 ] ] ] } },
{ "type": "Feature", "properties": { "grid_id": "grid_42_6", "cell_number": 1140, "row": 42, "col": 6, "centroid_lat": 9.655738738738739, "centroid_lon": 80.18273477885711, "minlat": 9.610693693693694, "maxlat": 9.700783783783784, "minlon": 80.13725995136997, "maxlon": 80.228209606344265, "area_km2": 99.405282723527137, "cell_type": "land" }, "geometry": { "type": "Polygon", "coordinates": [ [ [ 80.228209606344265, 9.610693693693694 ], [ 80.228209606344265, 9.700783783783784 ], [ 80.13725995136997, 9.700783783783784 ], [ 80.13725995136997, 9.610693693693694 ], [ 80.228209606344265, 9.610693693693694 ] ] ] } },
{ "type": "Feature", "properties": { "grid_id": "grid_42_7", "cell_number": 1141, "row": 42, "col": 7, "centroid_lat": 9.655738738738739, "centroid_lon": 80.273684433831406, "minlat": 9.610693693693694, "maxlat": 9.700783783783784, "minlon": 80.228209606344265, "maxlon": 80.319159261318561, "area_km2": 99.401124073081874, "cell_type": "coastal" }, "geometry": { "type": "Polygon", "coordinates": [ [ [ 80.319159261318561, 9.610693693693694 ], [ 80.319159261318561, 9.700783783783784 ], [ 80.228209606344265, 9.700783783783784 ], [ 80.228209606344265, 9.610693693693694 ], [ 80.319159261318561, 9.610693693693694 ] ] ] } },
{ "type": "Feature", "properties": { "grid_id": "grid_42_8", "cell_number": 1142, "row": 42, "col": 8, "centroid_lat": 9.655738738738739, "centroid_lon": 80.364634088805687, "minlat": 9.610693693693694, "maxlat": 9.700783783783784, "minlon": 80.319159261318546, "maxlon": 80.410108916292842, "area_km2": 99.397455678453085, "cell_type": "coastal" }, "geometry": { "type": "Polygon", "coordinates": [ [ [ 80.410108916292842, 9.610693693693694 ], [ 80.410108916292842, 9.700783783783784 ], [ 80.319159261318546, 9.700783783783784 ], [ 80.319159261318546, 9.610693693693694 ], [ 80.410108916292842, 9.610693693693694 ] ] ] } },
{ "type": "Feature", "properties": { "grid_id": "grid_42_9", "cell_number": 1143, "row": 42, "col": 9, "centroid_lat": 9.655738738738739, "centroid_lon": 80.455583743779982, "minlat": 9.610693693693694, "maxlat": 9.700783783783784, "minlon": 80.410108916292842, "maxlon": 80.501058571267137, "area_km2": 99.394277468091346, "cell_type": "coastal" }, "geometry": { "type": "Polygon", "coordinates": [ [ [ 80.501058571267137, 9.610693693693694 ], [ 80.501058571267137, 9.700783783783784 ], [ 80.410108916292842, 9.700783783783784 ], [ 80.410108916292842, 9.610693693693694 ], [ 80.501058571267137, 9.610693693693694 ] ] ] } },
{ "type": "Feature", "properties": { "grid_id": "grid_42_10", "cell_number": 1144, "row": 42, "col": 10, "centroid_lat": 9.655738738738739, "centroid_lon": 80.546533398754292, "minlat": 9.610693693693694, "maxlat": 9.700783783783784, "minlon": 80.501058571267137, "maxlon": 80.592008226241433, "area_km2": 99.391589380083644, "cell_type": "ocean" }, "geometry": { "type": "Polygon", "coordinates": [ [ [ 80.592008226241433, 9.610693693693694 ], [ 80.592008226241433, 9.700783783783784 ], [ 80.501058571267137, 9.700783783783784 ], [ 80.501058571267137, 9.610693693693694 ], [ 80.592008226241433, 9.610693693693694 ] ] ] } },
{ "type": "Feature", "properties": { "grid_id": "grid_42_11", "cell_number": 1145, "row": 42, "col": 11, "centroid_lat": 9.655738738738739, "centroid_lon": 80.637483053728573, "minlat": 9.610693693693694, "maxlat": 9.700783783783784, "minlon": 80.592008226241433, "maxlon": 80.682957881215728, "area_km2": 99.389391362035298, "cell_type": "ocean" }, "geometry": { "type": "Polygon", "coordinates": [ [ [ 80.682957881215728, 9.610693693693694 ], [ 80.682957881215728, 9.700783783783784 ], [ 80.592008226241433, 9.700783783783784 ], [ 80.592008226241433, 9.610693693693694 ], [ 80.682957881215728, 9.610693693693694 ] ] ] } },
{ "type": "Feature", "properties": { "grid_id": "grid_42_12", "cell_number": 1146, "row": 42, "col": 12, "centroid_lat": 9.655738738738739, "centroid_lon": 80.728432708702854, "minlat": 9.610693693693694, "maxlat": 9.700783783783784, "minlon": 80.682957881215714, "maxlon": 80.773907536190009, "area_km2": 99.3876833710694, "cell_type": "ocean" }, "geometry": { "type": "Polygon", "coordinates": [ [ [ 80.773907536190009, 9.610693693693694 ], [ 80.773907536190009, 9.700783783783784 ], [ 80.682957881215714, 9.700783783783784 ], [ 80.682957881215714, 9.610693693693694 ], [ 80.773907536190009, 9.610693693693694 ] ] ] } },
{ "type": "Feature", "properties": { "grid_id": "grid_42_13", "cell_number": 1147, "row": 42, "col": 13, "centroid_lat": 9.655738738738739, "centroid_lon": 80.819382363677164, "minlat": 9.610693693693694, "maxlat": 9.700783783783784, "minlon": 80.773907536190009, "maxlon": 80.864857191164305, "area_km2": 99.386465373934485, "cell_type": "ocean" }, "geometry": { "type": "Polygon", "coordinates": [ [ [ 80.864857191164305, 9.610693693693694 ], [ 80.864857191164305, 9.700783783783784 ], [ 80.773907536190009, 9.700783783783784 ], [ 80.773907536190009, 9.610693693693694 ], [ 80.864857191164305, 9.610693693693694 ] ] ] } },
{ "type": "Feature", "properties": { "grid_id": "grid_42_14", "cell_number": 1148, "row": 42, "col": 14, "centroid_lat": 9.655738738738739, "centroid_lon": 80.910332018651459, "minlat": 9.610693693693694, "maxlat": 9.700783783783784, "minlon": 80.864857191164305, "maxlon": 80.9558068461386, "area_km2": 99.385737346894288, "cell_type": "ocean" }, "geometry": { "type": "Polygon", "coordinates": [ [ [ 80.9558068461386, 9.610693693693694 ], [ 80.9558068461386, 9.700783783783784 ], [ 80.864857191164305, 9.700783783783784 ], [ 80.864857191164305, 9.610693693693694 ], [ 80.9558068461386, 9.610693693693694 ] ] ] } },
{ "type": "Feature", "properties": { "grid_id": "grid_42_15", "cell_number": 1149, "row": 42, "col": 15, "centroid_lat": 9.655738738738739, "centroid_lon": 81.001281673625741, "minlat": 9.610693693693694, "maxlat": 9.700783783783784, "minlon": 80.9558068461386, "maxlon": 81.046756501112895, "area_km2": 99.385499275719994, "cell_type": "ocean" }, "geometry": { "type": "Polygon", "coordinates": [ [ [ 81.046756501112895, 9.610693693693694 ], [ 81.046756501112895, 9.700783783783784 ], [ 80.9558068461386, 9.700783783783784 ], [ 80.9558068461386, 9.610693693693694 ], [ 81.046756501112895, 9.610693693693694 ] ] ] } },
{ "type": "Feature", "properties": { "grid_id": "grid_42_16", "cell_number": 1150, "row": 42, "col": 16, "centroid_lat": 9.655738738738739, "centroid_lon": 81.09223132860005, "minlat": 9.610693693693694, "maxlat": 9.700783783783784, "minlon": 81.046756501112895, "maxlon": 81.137706156087191, "area_km2": 99.385751155810382, "cell_type": "ocean" }, "geometry": { "type": "Polygon", "coordinates": [ [ [ 81.137706156087191, 9.610693693693694 ], [ 81.137706156087191, 9.700783783783784 ], [ 81.046756501112895, 9.700783783783784 ], [ 81.046756501112895, 9.610693693693694 ], [ 81.137706156087191, 9.610693693693694 ] ] ] } },
{ "type": "Feature", "properties": { "grid_id": "grid_42_17", "cell_number": 1151, "row": 42, "col": 17, "centroid_lat": 9.655738738738739, "centroid_lon": 81.183180983574317, "minlat": 9.610693693693694, "maxlat": 9.700783783783784, "minlon": 81.137706156087177, "maxlon": 81.228655811061472, "area_km2": 99.386492992075176, "cell_type": "ocean" }, "geometry": { "type": "Polygon", "coordinates": [ [ [ 81.228655811061472, 9.610693693693694 ], [ 81.228655811061472, 9.700783783783784 ], [ 81.137706156087177, 9.700783783783784 ], [ 81.137706156087177, 9.610693693693694 ], [ 81.228655811061472, 9.610693693693694 ] ] ] } },
{ "type": "Feature", "properties": { "grid_id": "grid_42_18", "cell_number": 1152, "row": 42, "col": 18, "centroid_lat": 9.655738738738739, "centroid_lon": 81.274130638548613, "minlat": 9.610693693693694, "maxlat": 9.700783783783784, "minlon": 81.228655811061472, "maxlon": 81.319605466035767, "area_km2": 99.387724798929995, "cell_type": "ocean" }, "geometry": { "type": "Polygon", "coordinates": [ [ [ 81.319605466035767, 9.610693693693694 ], [ 81.319605466035767, 9.700783783783784 ], [ 81.228655811061472, 9.700783783783784 ], [ 81.228655811061472, 9.610693693693694 ], [ 81.319605466035767, 9.610693693693694 ] ] ] } },
{ "type": "Feature", "properties": { "grid_id": "grid_42_19", "cell_number": 1153, "row": 42, "col": 19, "centroid_lat": 9.655738738738739, "centroid_lon": 81.365080293522922, "minlat": 9.610693693693694, "maxlat": 9.700783783783784, "minlon": 81.319605466035767, "maxlon": 81.410555121010063, "area_km2": 99.389446600423952, "cell_type": "ocean" }, "geometry": { "type": "Polygon", "coordinates": [ [ [ 81.410555121010063, 9.610693693693694 ], [ 81.410555121010063, 9.700783783783784 ], [ 81.319605466035767, 9.700783783783784 ], [ 81.319605466035767, 9.610693693693694 ], [ 81.410555121010063, 9.610693693693694 ] ] ] } },
{ "type": "Feature", "properties": { "grid_id": "grid_42_20", "cell_number": 1154, "row": 42, "col": 20, "centroid_lat": 9.655738738738739, "centroid_lon": 81.456029948497232, "minlat": 9.610693693693694, "maxlat": 9.700783783783784, "minlon": 81.410555121010063, "maxlon": 81.501504775984358, "area_km2": 99.39165843011763, "cell_type": "ocean" }, "geometry": { "type": "Polygon", "coordinates": [ [ [ 81.501504775984358, 9.610693693693694 ], [ 81.501504775984358, 9.700783783783784 ], [ 81.410555121010063, 9.700783783783784 ], [ 81.410555121010063, 9.610693693693694 ], [ 81.501504775984358, 9.610693693693694 ] ] ] } },
{ "type": "Feature", "properties": { "grid_id": "grid_42_21", "cell_number": 1155, "row": 42, "col": 21, "centroid_lat": 9.655738738738739, "centroid_lon": 81.546979603471499, "minlat": 9.610693693693694, "maxlat": 9.700783783783784, "minlon": 81.501504775984358, "maxlon": 81.592454430958654, "area_km2": 99.394360331080321, "cell_type": "ocean" }, "geometry": { "type": "Polygon", "coordinates": [ [ [ 81.592454430958654, 9.610693693693694 ], [ 81.592454430958654, 9.700783783783784 ], [ 81.501504775984358, 9.700783783783784 ], [ 81.501504775984358, 9.610693693693694 ], [ 81.592454430958654, 9.610693693693694 ] ] ] } },
{ "type": "Feature", "properties": { "grid_id": "grid_42_22", "cell_number": 1156, "row": 42, "col": 22, "centroid_lat": 9.655738738738739, "centroid_lon": 81.63792925844578, "minlat": 9.610693693693694, "maxlat": 9.700783783783784, "minlon": 81.592454430958639, "maxlon": 81.683404085932935, "area_km2": 99.397552356010678, "cell_type": "ocean" }, "geometry": { "type": "Polygon", "coordinates": [ [ [ 81.683404085932935, 9.610693693693694 ], [ 81.683404085932935, 9.700783783783784 ], [ 81.592454430958639, 9.700783783783784 ], [ 81.592454430958639, 9.610693693693694 ], [ 81.683404085932935, 9.610693693693694 ] ] ] } },
{ "type": "Feature", "properties": { "grid_id": "grid_42_23", "cell_number": 1157, "row": 42, "col": 23, "centroid_lat": 9.655738738738739, "centroid_lon": 81.72887891342009, "minlat": 9.610693693693694, "maxlat": 9.700783783783784, "minlon": 81.683404085932935, "maxlon": 81.77435374090723, "area_km2": 99.401234567129734, "cell_type": "ocean" }, "geometry": { "type": "Polygon", "coordinates": [ [ [ 81.77435374090723, 9.610693693693694 ], [ 81.77435374090723, 9.700783783783784 ], [ 81.683404085932935, 9.700783783783784 ], [ 81.683404085932935, 9.610693693693694 ], [ 81.77435374090723, 9.610693693693694 ] ] ] } },
{ "type": "Feature", "properties": { "grid_id": "grid_42_24", "cell_number": 1158, "row": 42, "col": 24, "centroid_lat": 9.655738738738739, "centroid_lon": 81.819828568394371, "minlat": 9.610693693693694, "maxlat": 9.700783783783784, "minlon": 81.77435374090723, "maxlon": 81.865303395881526, "area_km2": 99.405407036178588, "cell_type": "ocean" }, "geometry": { "type": "Polygon", "coordinates": [ [ [ 81.865303395881526, 9.610693693693694 ], [ 81.865303395881526, 9.700783783783784 ], [ 81.77435374090723, 9.700783783783784 ], [ 81.77435374090723, 9.610693693693694 ], [ 81.865303395881526, 9.610693693693694 ] ] ] } },
{ "type": "Feature", "properties": { "grid_id": "grid_42_25", "cell_number": 1159, "row": 42, "col": 25, "centroid_lat": 9.655738738738739, "centroid_lon": 81.910778223368695, "minlat": 9.610693693693694, "maxlat": 9.700783783783784, "minlon": 81.865303395881526, "maxlon": 81.956253050855821, "area_km2": 99.410069844532515, "cell_type": "ocean" }, "geometry": { "type": "Polygon", "coordinates": [ [ [ 81.956253050855821, 9.610693693693694 ], [ 81.956253050855821, 9.700783783783784 ], [ 81.865303395881526, 9.700783783783784 ], [ 81.865303395881526, 9.610693693693694 ], [ 81.956253050855821, 9.610693693693694 ] ] ] } },
{ "type": "Feature", "properties": { "grid_id": "grid_42_26", "cell_number": 1160, "row": 42, "col": 26, "centroid_lat": 9.655738738738739, "centroid_lon": 82.001727878342962, "minlat": 9.610693693693694, "maxlat": 9.700783783783784, "minlon": 81.956253050855821, "maxlon": 82.047202705830117, "area_km2": 99.415223083092542, "cell_type": "ocean" }, "geometry": { "type": "Polygon", "coordinates": [ [ [ 82.047202705830117, 9.610693693693694 ], [ 82.047202705830117, 9.700783783783784 ], [ 81.956253050855821, 9.700783783783784 ], [ 81.956253050855821, 9.610693693693694 ], [ 82.047202705830117, 9.610693693693694 ] ] ] } },
{ "type": "Feature", "properties": { "grid_id": "grid_43_0", "cell_number": 1161, "row": 43, "col": 0, "centroid_lat": 9.7458288288288291, "centroid_lon": 79.637036849011366, "minlat": 9.700783783783784, "maxlat": 9.7908738738738741, "minlon": 79.591562021524211, "maxlon": 79.682511676498507, "area_km2": 99.414475502166184, "cell_type": "ocean" }, "geometry": { "type": "Polygon", "coordinates": [ [ [ 79.682511676498507, 9.700783783783784 ], [ 79.682511676498507, 9.790873873873874 ], [ 79.591562021524211, 9.790873873873874 ], [ 79.591562021524211, 9.700783783783784 ], [ 79.682511676498507, 9.700783783783784 ] ] ] } },
{ "type": "Feature", "properties": { "grid_id": "grid_43_1", "cell_number": 1162, "row": 43, "col": 1, "centroid_lat": 9.7458288288288291, "centroid_lon": 79.727986503985662, "minlat": 9.700783783783784, "maxlat": 9.7908738738738741, "minlon": 79.682511676498507, "maxlon": 79.773461331472802, "area_km2": 99.407378983557209, "cell_type": "ocean" }, "geometry": { "type": "Polygon", "coordinates": [ [ [ 79.773461331472802, 9.700783783783784 ], [ 79.773461331472802, 9.790873873873874 ], [ 79.682511676498507, 9.790873873873874 ], [ 79.682511676498507, 9.700783783783784 ], [ 79.773461331472802, 9.700783783783784 ] ] ] } },
{ "type": "Feature", "properties": { "grid_id": "grid_43_2", "cell_number": 1163, "row": 43, "col": 2, "centroid_lat": 9.7458288288288291, "centroid_lon": 79.818936158959943, "minlat": 9.700783783783784, "maxlat": 9.7908738738738741, "minlon": 79.773461331472802, "maxlon": 79.864410986447098, "area_km2": 99.400772955979889, "cell_type": "ocean" }, "geometry": { "type": "Polygon", "coordinates": [ [ [ 79.864410986447098, 9.700783783783784 ], [ 79.864410986447098, 9.790873873873874 ], [ 79.773461331472802, 9.790873873873874 ], [ 79.773461331472802, 9.700783783783784 ], [ 79.864410986447098, 9.700783783783784 ] ] ] } },
{ "type": "Feature", "properties": { "grid_id": "grid_43_3", "cell_number": 1164, "row": 43, "col": 3, "centroid_lat": 9.7458288288288291, "centroid_lon": 79.909885813934224, "minlat": 9.700783783783784, "maxlat": 9.7908738738738741, "minlon": 79.864410986447083, "maxlon": 79.955360641421379, "area_km2": 99.394657290672271, "cell_type": "ocean" }, "geometry": { "type": "Polygon", "coordinates": [ [ [ 79.955360641421379, 9.700783783783784 ], [ 79.955360641421379, 9.790873873873874 ], [ 79.864410986447083, 9.790873873873874 ], [ 79.864410986447083, 9.700783783783784 ], [ 79.955360641421379, 9.700783783783784 ] ] ] } },
{ "type": "Feature", "properties": { "grid_id": "grid_43_4", "cell_number": 1165, "row": 43, "col": 4, "centroid_lat": 9.7458288288288291, "centroid_lon": 80.000835468908519, "minlat": 9.700783783783784, "maxlat": 9.7908738738738741, "minlon": 79.955360641421379, "maxlon": 80.046310296395674, "area_km2": 99.389031868516682, "cell_type": "ocean" }, "geometry": { "type": "Polygon", "coordinates": [ [ [ 80.046310296395674, 9.700783783783784 ], [ 80.046310296395674, 9.790873873873874 ], [ 79.955360641421379, 9.790873873873874 ], [ 79.955360641421379, 9.700783783783784 ], [ 80.046310296395674, 9.700783783783784 ] ] ] } },
{ "type": "Feature", "properties": { "grid_id": "grid_43_5", "cell_number": 1166, "row": 43, "col": 5, "centroid_lat": 9.7458288288288291, "centroid_lon": 80.091785123882829, "minlat": 9.700783783783784, "maxlat": 9.7908738738738741, "minlon": 80.046310296395674, "maxlon": 80.13725995136997, "area_km2": 99.383896579926741, "cell_type": "coastal" }, "geometry": { "type": "Polygon", "coordinates": [ [ [ 80.13725995136997, 9.700783783783784 ], [ 80.13725995136997, 9.790873873873874 ], [ 80.046310296395674, 9.790873873873874 ], [ 80.046310296395674, 9.700783783783784 ], [ 80.13725995136997, 9.700783783783784 ] ] ] } },
{ "type": "Feature", "properties": { "grid_id": "grid_43_6", "cell_number": 1167, "row": 43, "col": 6, "centroid_lat": 9.7458288288288291, "centroid_lon": 80.18273477885711, "minlat": 9.700783783783784, "maxlat": 9.7908738738738741, "minlon": 80.13725995136997, "maxlon": 80.228209606344265, "area_km2": 99.379251324816806, "cell_type": "coastal" }, "geometry": { "type": "Polygon", "coordinates": [ [ [ 80.228209606344265, 9.700783783783784 ], [ 80.228209606344265, 9.790873873873874 ], [ 80.13725995136997, 9.790873873873874 ], [ 80.13725995136997, 9.700783783783784 ], [ 80.228209606344265, 9.700783783783784 ] ] ] } },
{ "type": "Feature", "properties": { "grid_id": "grid_43_7", "cell_number": 1168, "row": 43, "col": 7, "centroid_lat": 9.7458288288288291, "centroid_lon": 80.273684433831406, "minlat": 9.700783783783784, "maxlat": 9.7908738738738741, "minlon": 80.228209606344265, "maxlon": 80.319159261318561, "area_km2": 99.375096012746269, "cell_type": "coastal" }, "geometry": { "type": "Polygon", "coordinates": [ [ [ 80.319159261318561, 9.700783783783784 ], [ 80.319159261318561, 9.790873873873874 ], [ 80.228209606344265, 9.790873873873874 ], [ 80.228209606344265, 9.700783783783784 ], [ 80.319159261318561, 9.700783783783784 ] ] ] } },
{ "type": "Feature", "properties": { "grid_id": "grid_43_8", "cell_number": 1169, "row": 43, "col": 8, "centroid_lat": 9.7458288288288291, "centroid_lon": 80.364634088805687, "minlat": 9.700783783783784, "maxlat": 9.7908738738738741, "minlon": 80.319159261318546, "maxlon": 80.410108916292842, "area_km2": 99.371430562775373, "cell_type": "ocean" }, "geometry": { "type": "Polygon", "coordinates": [ [ [ 80.410108916292842, 9.700783783783784 ], [ 80.410108916292842, 9.790873873873874 ], [ 80.319159261318546, 9.790873873873874 ], [ 80.319159261318546, 9.700783783783784 ], [ 80.410108916292842, 9.700783783783784 ] ] ] } },
{ "type": "Feature", "properties": { "grid_id": "grid_43_9", "cell_number": 1170, "row": 43, "col": 9, "centroid_lat": 9.7458288288288291, "centroid_lon": 80.455583743779982, "minlat": 9.700783783783784, "maxlat": 9.7908738738738741, "minlon": 80.410108916292842, "maxlon": 80.501058571267137, "area_km2": 99.368254903469648, "cell_type": "ocean" }, "geometry": { "type": "Polygon", "coordinates": [ [ [ 80.501058571267137, 9.700783783783784 ], [ 80.501058571267137, 9.790873873873874 ], [ 80.410108916292842, 9.790873873873874 ], [ 80.410108916292842, 9.700783783783784 ], [ 80.501058571267137, 9.700783783783784 ] ] ] } },
{ "type": "Feature", "properties": { "grid_id": "grid_43_10", "cell_number": 1171, "row": 43, "col": 10, "centroid_lat": 9.7458288288288291, "centroid_lon": 80.546533398754292, "minlat": 9.700783783783784, "maxlat": 9.7908738738738741, "minlon": 80.501058571267137, "maxlon": 80.592008226241433, "area_km2": 99.365568973028786, "cell_type": "ocean" }, "geometry": { "type": "Polygon", "coordinates": [ [ [ 80.592008226241433, 9.700783783783784 ], [ 80.592008226241433, 9.790873873873874 ], [ 80.501058571267137, 9.790873873873874 ], [ 80.501058571267137, 9.700783783783784 ], [ 80.592008226241433, 9.700783783783784 ] ] ] } },
{ "type": "Feature", "properties": { "grid_id": "grid_43_11", "cell_number": 1172, "row": 43, "col": 11, "centroid_lat": 9.7458288288288291, "centroid_lon": 80.637483053728573, "minlat": 9.700783783783784, "maxlat": 9.7908738738738741, "minlon": 80.592008226241433, "maxlon": 80.682957881215728, "area_km2": 99.363372719140628, "cell_type": "ocean" }, "geometry": { "type": "Polygon", "coordinates": [ [ [ 80.682957881215728, 9.700783783783784 ], [ 80.682957881215728, 9.790873873873874 ], [ 80.592008226241433, 9.790873873873874 ], [ 80.592008226241433, 9.700783783783784 ], [ 80.682957881215728, 9.700783783783784 ] ] ] } },
{ "type": "Feature", "properties": { "grid_id": "grid_43_12", "cell_number": 1173, "row": 43, "col": 12, "centroid_lat": 9.7458288288288291, "centroid_lon": 80.728432708702854, "minlat": 9.700783783783784, "maxlat": 9.7908738738738741, "minlon": 80.682957881215714, "maxlon": 80.773907536190009, "area_km2": 99.361666098991705, "cell_type": "ocean" }, "geometry": { "type": "Polygon", "coordinates": [ [ [ 80.773907536190009, 9.700783783783784 ], [ 80.773907536190009, 9.790873873873874 ], [ 80.682957881215714, 9.790873873873874 ], [ 80.682957881215714, 9.700783783783784 ], [ 80.773907536190009, 9.700783783783784 ] ] ] } },
{ "type": "Feature", "properties": { "grid_id": "grid_43_13", "cell_number": 1174, "row": 43, "col": 13, "centroid_lat": 9.7458288288288291, "centroid_lon": 80.819382363677164, "minlat": 9.700783783783784, "maxlat": 9.7908738738738741, "minlon": 80.773907536190009, "maxlon": 80.864857191164305, "area_km2": 99.360449079392012, "cell_type": "ocean" }, "geometry": { "type": "Polygon", "coordinates": [ [ [ 80.864857191164305, 9.700783783783784 ], [ 80.864857191164305, 9.790873873873874 ], [ 80.773907536190009, 9.790873873873874 ], [ 80.773907536190009, 9.700783783783784 ], [ 80.864857191164305, 9.700783783783784 ] ] ] } },
{ "type": "Feature", "properties": { "grid_id": "grid_43_14", "cell_number": 1175, "row": 43, "col": 14, "centroid_lat": 9.7458288288288291, "centroid_lon": 80.910332018651459, "minlat": 9.700783783783784, "maxlat": 9.7908738738738741, "minlon": 80.864857191164305, "maxlon": 80.9558068461386, "area_km2": 99.359721636638881, "cell_type": "ocean" }, "geometry": { "type": "Polygon", "coordinates": [ [ [ 80.9558068461386, 9.700783783783784 ], [ 80.9558068461386, 9.790873873873874 ], [ 80.864857191164305, 9.790873873873874 ], [ 80.864857191164305, 9.700783783783784 ], [ 80.9558068461386, 9.700783783783784 ] ] ] } },
{ "type": "Feature", "properties": { "grid_id": "grid_43_15", "cell_number": 1176, "row": 43, "col": 15, "centroid_lat": 9.7458288288288291, "centroid_lon": 81.001281673625741, "minlat": 9.700783783783784, "maxlat": 9.7908738738738741, "minlon": 80.9558068461386, "maxlon": 81.046756501112895, "area_km2": 99.359483756526714, "cell_type": "ocean" }, "geometry": { "type": "Polygon", "coordinates": [ [ [ 81.046756501112895, 9.700783783783784 ], [ 81.046756501112895, 9.790873873873874 ], [ 80.9558068461386, 9.790873873873874 ], [ 80.9558068461386, 9.700783783783784 ], [ 81.046756501112895, 9.700783783783784 ] ] ] } },
{ "type": "Feature", "properties": { "grid_id": "grid_43_16", "cell_number": 1177, "row": 43, "col": 16, "centroid_lat": 9.7458288288288291, "centroid_lon": 81.09223132860005, "minlat": 9.700783783783784, "maxlat": 9.7908738738738741, "minlon": 81.046756501112895, "maxlon": 81.137706156087191, "area_km2": 99.359735434469059, "cell_type": "ocean" }, "geometry": { "type": "Polygon", "coordinates": [ [ [ 81.137706156087191, 9.700783783783784 ], [ 81.137706156087191, 9.790873873873874 ], [ 81.046756501112895, 9.790873873873874 ], [ 81.046756501112895, 9.700783783783784 ], [ 81.137706156087191, 9.700783783783784 ] ] ] } },
{ "type": "Feature", "properties": { "grid_id": "grid_43_17", "cell_number": 1178, "row": 43, "col": 17, "centroid_lat": 9.7458288288288291, "centroid_lon": 81.183180983574317, "minlat": 9.700783783783784, "maxlat": 9.7908738738738741, "minlon": 81.137706156087177, "maxlon": 81.228655811061472, "area_km2": 99.360476675363302, "cell_type": "ocean" }, "geometry": { "type": "Polygon", "coordinates": [ [ [ 81.228655811061472, 9.700783783783784 ], [ 81.228655811061472, 9.790873873873874 ], [ 81.137706156087177, 9.790873873873874 ], [ 81.137706156087177, 9.700783783783784 ], [ 81.228655811061472, 9.700783783783784 ] ] ] } },
{ "type": "Feature", "properties": { "grid_id": "grid_43_18", "cell_number": 1179, "row": 43, "col": 18, "centroid_lat": 9.7458288288288291, "centroid_lon": 81.274130638548613, "minlat": 9.700783783783784, "maxlat": 9.7908738738738741, "minlon": 81.228655811061472, "maxlon": 81.319605466035767, "area_km2": 99.361707493601557, "cell_type": "ocean" }, "geometry": { "type": "Polygon", "coordinates": [ [ [ 81.319605466035767, 9.700783783783784 ], [ 81.319605466035767, 9.790873873873874 ], [ 81.228655811061472, 9.790873873873874 ], [ 81.228655811061472, 9.700783783783784 ], [ 81.319605466035767, 9.700783783783784 ] ] ] } },
{ "type": "Feature", "properties": { "grid_id": "grid_43_19", "cell_number": 1180, "row": 43, "col": 19, "centroid_lat": 9.7458288288288291, "centroid_lon": 81.365080293522922, "minlat": 9.700783783783784, "maxlat": 9.7908738738738741, "minlon": 81.319605466035767, "maxlon": 81.410555121010063, "area_km2": 99.363427913193732, "cell_type": "ocean" }, "geometry": { "type": "Polygon", "coordinates": [ [ [ 81.410555121010063, 9.700783783783784 ], [ 81.410555121010063, 9.790873873873874 ], [ 81.319605466035767, 9.790873873873874 ], [ 81.319605466035767, 9.700783783783784 ], [ 81.410555121010063, 9.700783783783784 ] ] ] } },
{ "type": "Feature", "properties": { "grid_id": "grid_43_20", "cell_number": 1181, "row": 43, "col": 20, "centroid_lat": 9.7458288288288291, "centroid_lon": 81.456029948497232, "minlat": 9.700783783783784, "maxlat": 9.7908738738738741, "minlon": 81.410555121010063, "maxlon": 81.501504775984358, "area_km2": 99.365637967642456, "cell_type": "ocean" }, "geometry": { "type": "Polygon", "coordinates": [ [ [ 81.501504775984358, 9.700783783783784 ], [ 81.501504775984358, 9.790873873873874 ], [ 81.410555121010063, 9.790873873873874 ], [ 81.410555121010063, 9.700783783783784 ], [ 81.501504775984358, 9.700783783783784 ] ] ] } },
{ "type": "Feature", "properties": { "grid_id": "grid_43_21", "cell_number": 1182, "row": 43, "col": 21, "centroid_lat": 9.7458288288288291, "centroid_lon": 81.546979603471499, "minlat": 9.700783783783784, "maxlat": 9.7908738738738741, "minlon": 81.501504775984358, "maxlon": 81.592454430958654, "area_km2": 99.368337699946167, "cell_type": "ocean" }, "geometry": { "type": "Polygon", "coordinates": [ [ [ 81.592454430958654, 9.700783783783784 ], [ 81.592454430958654, 9.790873873873874 ], [ 81.501504775984358, 9.790873873873874 ], [ 81.501504775984358, 9.700783783783784 ], [ 81.592454430958654, 9.700783783783784 ] ] ] } },
{ "type": "Feature", "properties": { "grid_id": "grid_43_22", "cell_number": 1183, "row": 43, "col": 22, "centroid_lat": 9.7458288288288291, "centroid_lon": 81.63792925844578, "minlat": 9.700783783783784, "maxlat": 9.7908738738738741, "minlon": 81.592454430958639, "maxlon": 81.683404085932935, "area_km2": 99.371527162723041, "cell_type": "ocean" }, "geometry": { "type": "Polygon", "coordinates": [ [ [ 81.683404085932935, 9.700783783783784 ], [ 81.683404085932935, 9.790873873873874 ], [ 81.592454430958639, 9.790873873873874 ], [ 81.592454430958639, 9.700783783783784 ], [ 81.683404085932935, 9.700783783783784 ] ] ] } },
{ "type": "Feature", "properties": { "grid_id": "grid_43_23", "cell_number": 1184, "row": 43, "col": 23, "centroid_lat": 9.7458288288288291, "centroid_lon": 81.72887891342009, "minlat": 9.700783783783784, "maxlat": 9.7908738738738741, "minlon": 81.683404085932935, "maxlon": 81.77435374090723, "area_km2": 99.375206418092347, "cell_type": "ocean" }, "geometry": { "type": "Polygon", "coordinates": [ [ [ 81.77435374090723, 9.700783783783784 ], [ 81.77435374090723, 9.790873873873874 ], [ 81.683404085932935, 9.790873873873874 ], [ 81.683404085932935, 9.700783783783784 ], [ 81.77435374090723, 9.700783783783784 ] ] ] } },
{ "type": "Feature", "properties": { "grid_id": "grid_43_24", "cell_number": 1185, "row": 43, "col": 24, "centroid_lat": 9.7458288288288291, "centroid_lon": 81.819828568394371, "minlat": 9.700783783783784, "maxlat": 9.7908738738738741, "minlon": 81.77435374090723, "maxlon": 81.865303395881526, "area_km2": 99.379375537672644, "cell_type": "ocean" }, "geometry": { "type": "Polygon", "coordinates": [ [ [ 81.865303395881526, 9.700783783783784 ], [ 81.865303395881526, 9.790873873873874 ], [ 81.77435374090723, 9.790873873873874 ], [ 81.77435374090723, 9.700783783783784 ], [ 81.865303395881526, 9.700783783783784 ] ] ] } },
{ "type": "Feature", "properties": { "grid_id": "grid_43_25", "cell_number": 1186, "row": 43, "col": 25, "centroid_lat": 9.7458288288288291, "centroid_lon": 81.910778223368695, "minlat": 9.700783783783784, "maxlat": 9.7908738738738741, "minlon": 81.865303395881526, "maxlon": 81.956253050855821, "area_km2": 99.384034602708752, "cell_type": "ocean" }, "geometry": { "type": "Polygon", "coordinates": [ [ [ 81.956253050855821, 9.700783783783784 ], [ 81.956253050855821, 9.790873873873874 ], [ 81.865303395881526, 9.790873873873874 ], [ 81.865303395881526, 9.700783783783784 ], [ 81.956253050855821, 9.700783783783784 ] ] ] } },
{ "type": "Feature", "properties": { "grid_id": "grid_43_26", "cell_number": 1187, "row": 43, "col": 26, "centroid_lat": 9.7458288288288291, "centroid_lon": 82.001727878342962, "minlat": 9.700783783783784, "maxlat": 9.7908738738738741, "minlon": 81.956253050855821, "maxlon": 82.047202705830117, "area_km2": 99.389183703956959, "cell_type": "ocean" }, "geometry": { "type": "Polygon", "coordinates": [ [ [ 82.047202705830117, 9.700783783783784 ], [ 82.047202705830117, 9.790873873873874 ], [ 81.956253050855821, 9.790873873873874 ], [ 81.956253050855821, 9.700783783783784 ], [ 82.047202705830117, 9.700783783783784 ] ] ] } },
{ "type": "Feature", "properties": { "grid_id": "grid_44_0", "cell_number": 1188, "row": 44, "col": 0, "centroid_lat": 9.8359189189189191, "centroid_lon": 79.637036849011366, "minlat": 9.7908738738738741, "maxlat": 9.8809639639639641, "minlon": 79.591562021524211, "maxlon": 79.682511676498507, "area_km2": 99.38817559558349, "cell_type": "ocean" }, "geometry": { "type": "Polygon", "coordinates": [ [ [ 79.682511676498507, 9.790873873873874 ], [ 79.682511676498507, 9.880963963963964 ], [ 79.591562021524211, 9.880963963963964 ], [ 79.591562021524211, 9.790873873873874 ], [ 79.682511676498507, 9.790873873873874 ] ] ] } },
{ "type": "Feature", "properties": { "grid_id": "grid_44_1", "cell_number": 1189, "row": 44, "col": 1, "centroid_lat": 9.8359189189189191, "centroid_lon": 79.727986503985662, "minlat": 9.7908738738738741, "maxlat": 9.8809639639639641, "minlon": 79.682511676498507, "maxlon": 79.773461331472802, "area_km2": 99.381084830324326, "cell_type": "ocean" }, "geometry": { "type": "Polygon", "coordinates": [ [ [ 79.773461331472802, 9.790873873873874 ], [ 79.773461331472802, 9.880963963963964 ], [ 79.682511676498507, 9.880963963963964 ], [ 79.682511676498507, 9.790873873873874 ], [ 79.773461331472802, 9.790873873873874 ] ] ] } },
{ "type": "Feature", "properties": { "grid_id": "grid_44_2", "cell_number": 1190, "row": 44, "col": 2, "centroid_lat": 9.8359189189189191, "centroid_lon": 79.818936158959943, "minlat": 9.7908738738738741, "maxlat": 9.8809639639639641, "minlon": 79.773461331472802, "maxlon": 79.864410986447098, "area_km2": 99.374484157937673, "cell_type": "ocean" }, "geometry": { "type": "Polygon", "coordinates": [ [ [ 79.864410986447098, 9.790873873873874 ], [ 79.864410986447098, 9.880963963963964 ], [ 79.773461331472802, 9.880963963963964 ], [ 79.773461331472802, 9.790873873873874 ], [ 79.864410986447098, 9.790873873873874 ] ] ] } },
{ "type": "Feature", "properties": { "grid_id": "grid_44_3", "cell_number": 1191, "row": 44, "col": 3, "centroid_lat": 9.8359189189189191, "centroid_lon": 79.909885813934224, "minlat": 9.7908738738738741, "maxlat": 9.8809639639639641, "minlon": 79.864410986447083, "maxlon": 79.955360641421379, "area_km2": 99.36837344987714, "cell_type": "ocean" }, "geometry": { "type": "Polygon", "coordinates": [ [ [ 79.955360641421379, 9.790873873873874 ], [ 79.955360641421379, 9.880963963963964 ], [ 79.864410986447083, 9.880963963963964 ], [ 79.864410986447083, 9.790873873873874 ], [ 79.955360641421379, 9.790873873873874 ] ] ] } },
{ "type": "Feature", "properties": { "grid_id": "grid_44_4", "cell_number": 1192, "row": 44, "col": 4, "centroid_lat": 9.8359189189189191, "centroid_lon": 80.000835468908519, "minlat": 9.7908738738738741, "maxlat": 9.8809639639639641, "minlon": 79.955360641421379, "maxlon": 80.046310296395674, "area_km2": 99.362752587220754, "cell_type": "ocean" }, "geometry": { "type": "Polygon", "coordinates": [ [ [ 80.046310296395674, 9.790873873873874 ], [ 80.046310296395674, 9.880963963963964 ], [ 79.955360641421379, 9.880963963963964 ], [ 79.955360641421379, 9.790873873873874 ], [ 80.046310296395674, 9.790873873873874 ] ] ] } },
{ "type": "Feature", "properties": { "grid_id": "grid_44_5", "cell_number": 1193, "row": 44, "col": 5, "centroid_lat": 9.8359189189189191, "centroid_lon": 80.091785123882829, "minlat": 9.7908738738738741, "maxlat": 9.8809639639639641, "minlon": 80.046310296395674, "maxlon": 80.13725995136997, "area_km2": 99.357621460556572, "cell_type": "ocean" }, "geometry": { "type": "Polygon", "coordinates": [ [ [ 80.13725995136997, 9.790873873873874 ], [ 80.13725995136997, 9.880963963963964 ], [ 80.046310296395674, 9.880963963963964 ], [ 80.046310296395674, 9.790873873873874 ], [ 80.13725995136997, 9.790873873873874 ] ] ] } },
{ "type": "Feature", "properties": { "grid_id": "grid_44_6", "cell_number": 1194, "row": 44, "col": 6, "centroid_lat": 9.8359189189189191, "centroid_lon": 80.18273477885711, "minlat": 9.7908738738738741, "maxlat": 9.8809639639639641, "minlon": 80.13725995136997, "maxlon": 80.228209606344265, "area_km2": 99.352979969971869, "cell_type": "coastal" }, "geometry": { "type": "Polygon", "coordinates": [ [ [ 80.228209606344265, 9.790873873873874 ], [ 80.228209606344265, 9.880963963963964 ], [ 80.13725995136997, 9.880963963963964 ], [ 80.13725995136997, 9.790873873873874 ], [ 80.228209606344265, 9.790873873873874 ] ] ] } },
{ "type": "Feature", "properties": { "grid_id": "grid_44_7", "cell_number": 1195, "row": 44, "col": 7, "centroid_lat": 9.8359189189189191, "centroid_lon": 80.273684433831406, "minlat": 9.7908738738738741, "maxlat": 9.8809639639639641, "minlon": 80.228209606344265, "maxlon": 80.319159261318561, "area_km2": 99.348828025171912, "cell_type": "ocean" }, "geometry": { "type": "Polygon", "coordinates": [ [ [ 80.319159261318561, 9.790873873873874 ], [ 80.319159261318561, 9.880963963963964 ], [ 80.228209606344265, 9.880963963963964 ], [ 80.228209606344265, 9.790873873873874 ], [ 80.319159261318561, 9.790873873873874 ] ] ] } },
{ "type": "Feature", "properties": { "grid_id": "grid_44_8", "cell_number": 1196, "row": 44, "col": 8, "centroid_lat": 9.8359189189189191, "centroid_lon": 80.364634088805687, "minlat": 9.7908738738738741, "maxlat": 9.8809639639639641, "minlon": 80.319159261318546, "maxlon": 80.410108916292842, "area_km2": 99.345165545350696, "cell_type": "ocean" }, "geometry": { "type": "Polygon", "coordinates": [ [ [ 80.410108916292842, 9.790873873873874 ], [ 80.410108916292842, 9.880963963963964 ], [ 80.319159261318546, 9.880963963963964 ], [ 80.319159261318546, 9.790873873873874 ], [ 80.410108916292842, 9.790873873873874 ] ] ] } },
{ "type": "Feature", "properties": { "grid_id": "grid_44_9", "cell_number": 1197, "row": 44, "col": 9, "centroid_lat": 9.8359189189189191, "centroid_lon": 80.455583743779982, "minlat": 9.7908738738738741, "maxlat": 9.8809639639639641, "minlon": 80.410108916292842, "maxlon": 80.501058571267137, "area_km2": 99.341992459194842, "cell_type": "ocean" }, "geometry": { "type": "Polygon", "coordinates": [ [ [ 80.501058571267137, 9.790873873873874 ], [ 80.501058571267137, 9.880963963963964 ], [ 80.410108916292842, 9.880963963963964 ], [ 80.410108916292842, 9.790873873873874 ], [ 80.501058571267137, 9.790873873873874 ] ] ] } },
{ "type": "Feature", "properties": { "grid_id": "grid_44_10", "cell_number": 1198, "row": 44, "col": 10, "centroid_lat": 9.8359189189189191, "centroid_lon": 80.546533398754292, "minlat": 9.7908738738738741, "maxlat": 9.8809639639639641, "minlon": 80.501058571267137, "maxlon": 80.592008226241433, "area_km2": 99.339308704998729, "cell_type": "ocean" }, "geometry": { "type": "Polygon", "coordinates": [ [ [ 80.592008226241433, 9.790873873873874 ], [ 80.592008226241433, 9.880963963963964 ], [ 80.501058571267137, 9.880963963963964 ], [ 80.501058571267137, 9.790873873873874 ], [ 80.592008226241433, 9.790873873873874 ] ] ] } },
{ "type": "Feature", "properties": { "grid_id": "grid_44_11", "cell_number": 1199, "row": 44, "col": 11, "centroid_lat": 9.8359189189189191, "centroid_lon": 80.637483053728573, "minlat": 9.7908738738738741, "maxlat": 9.8809639639639641, "minlon": 80.592008226241433, "maxlon": 80.682957881215728, "area_km2": 99.337114230540067, "cell_type": "ocean" }, "geometry": { "type": "Polygon", "coordinates": [ [ [ 80.682957881215728, 9.790873873873874 ], [ 80.682957881215728, 9.880963963963964 ], [ 80.592008226241433, 9.880963963963964 ], [ 80.592008226241433, 9.790873873873874 ], [ 80.682957881215728, 9.790873873873874 ] ] ] } },
{ "type": "Feature", "properties": { "grid_id": "grid_44_12", "cell_number": 1200, "row": 44, "col": 12, "centroid_lat": 9.8359189189189191, "centroid_lon": 80.728432708702854, "minlat": 9.7908738738738741, "maxlat": 9.8809639639639641, "minlon": 80.682957881215714, "maxlon": 80.773907536190009, "area_km2": 99.335408993079, "cell_type": "ocean" }, "geometry": { "type": "Polygon", "coordinates": [ [ [ 80.773907536190009, 9.790873873873874 ], [ 80.773907536190009, 9.880963963963964 ], [ 80.682957881215714, 9.880963963963964 ], [ 80.682957881215714, 9.790873873873874 ], [ 80.773907536190009, 9.790873873873874 ] ] ] } },
{ "type": "Feature", "properties": { "grid_id": "grid_44_13", "cell_number": 1201, "row": 44, "col": 13, "centroid_lat": 9.8359189189189191, "centroid_lon": 80.819382363677164, "minlat": 9.7908738738738741, "maxlat": 9.8809639639639641, "minlon": 80.773907536190009, "maxlon": 80.864857191164305, "area_km2": 99.334192959475985, "cell_type": "ocean" }, "geometry": { "type": "Polygon", "coordinates": [ [ [ 80.864857191164305, 9.790873873873874 ], [ 80.864857191164305, 9.880963963963964 ], [ 80.773907536190009, 9.880963963963964 ], [ 80.773907536190009, 9.790873873873874 ], [ 80.864857191164305, 9.790873873873874 ] ] ] } },
{ "type": "Feature", "properties": { "grid_id": "grid_44_14", "cell_number": 1202, "row": 44, "col": 14, "centroid_lat": 9.8359189189189191, "centroid_lon": 80.910332018651459, "minlat": 9.7908738738738741, "maxlat": 9.8809639639639641, "minlon": 80.864857191164305, "maxlon": 80.9558068461386, "area_km2": 99.333466106073374, "cell_type": "ocean" }, "geometry": { "type": "Polygon", "coordinates": [ [ [ 80.9558068461386, 9.790873873873874 ], [ 80.9558068461386, 9.880963963963964 ], [ 80.864857191164305, 9.880963963963964 ], [ 80.864857191164305, 9.790873873873874 ], [ 80.9558068461386, 9.790873873873874 ] ] ] } },
{ "type": "Feature", "properties": { "grid_id": "grid_44_15", "cell_number": 1203, "row": 44, "col": 15, "centroid_lat": 9.8359189189189191, "centroid_lon": 81.001281673625741, "minlat": 9.7908738738738741, "maxlat": 9.8809639639639641, "minlon": 80.9558068461386, "maxlon": 81.046756501112895, "area_km2": 99.333228418685437, "cell_type": "ocean" }, "geometry": { "type": "Polygon", "coordinates": [ [ [ 81.046756501112895, 9.790873873873874 ], [ 81.046756501112895, 9.880963963963964 ], [ 80.9558068461386, 9.880963963963964 ], [ 80.9558068461386, 9.790873873873874 ], [ 81.046756501112895, 9.790873873873874 ] ] ] } },
{ "type": "Feature", "properties": { "grid_id": "grid_44_16", "cell_number": 1204, "row": 44, "col": 16, "centroid_lat": 9.8359189189189191, "centroid_lon": 81.09223132860005, "minlat": 9.7908738738738741, "maxlat": 9.8809639639639641, "minlon": 81.046756501112895, "maxlon": 81.137706156087191, "area_km2": 99.333479892726785, "cell_type": "ocean" }, "geometry": { "type": "Polygon", "coordinates": [ [ [ 81.137706156087191, 9.790873873873874 ], [ 81.137706156087191, 9.880963963963964 ], [ 81.046756501112895, 9.880963963963964 ], [ 81.046756501112895, 9.790873873873874 ], [ 81.137706156087191, 9.790873873873874 ] ] ] } },
{ "type": "Feature", "properties": { "grid_id": "grid_44_17", "cell_number": 1205, "row": 44, "col": 17, "centroid_lat": 9.8359189189189191, "centroid_lon": 81.183180983574317, "minlat": 9.7908738738738741, "maxlat": 9.8809639639639641, "minlon": 81.137706156087177, "maxlon": 81.228655811061472, "area_km2": 99.334220533092292, "cell_type": "ocean" }, "geometry": { "type": "Polygon", "coordinates": [ [ [ 81.228655811061472, 9.790873873873874 ], [ 81.228655811061472, 9.880963963963964 ], [ 81.137706156087177, 9.880963963963964 ], [ 81.137706156087177, 9.790873873873874 ], [ 81.228655811061472, 9.790873873873874 ] ] ] } },
{ "type": "Feature", "properties": { "grid_id": "grid_44_18", "cell_number": 1206, "row": 44, "col": 18, "centroid_lat": 9.8359189189189191, "centroid_lon": 81.274130638548613, "minlat": 9.7908738738738741, "maxlat": 9.8809639639639641, "minlon": 81.228655811061472, "maxlon": 81.319605466035767, "area_km2": 99.335450354152144, "cell_type": "ocean" }, "geometry": { "type": "Polygon", "coordinates": [ [ [ 81.319605466035767, 9.790873873873874 ], [ 81.319605466035767, 9.880963963963964 ], [ 81.228655811061472, 9.880963963963964 ], [ 81.228655811061472, 9.790873873873874 ], [ 81.319605466035767, 9.790873873873874 ] ] ] } },
{ "type": "Feature", "properties": { "grid_id": "grid_44_19", "cell_number": 1207, "row": 44, "col": 19, "centroid_lat": 9.8359189189189191, "centroid_lon": 81.365080293522922, "minlat": 9.7908738738738741, "maxlat": 9.8809639639639641, "minlon": 81.319605466035767, "maxlon": 81.410555121010063, "area_km2": 99.337169379877267, "cell_type": "ocean" }, "geometry": { "type": "Polygon", "coordinates": [ [ [ 81.410555121010063, 9.790873873873874 ], [ 81.410555121010063, 9.880963963963964 ], [ 81.319605466035767, 9.880963963963964 ], [ 81.319605466035767, 9.790873873873874 ], [ 81.410555121010063, 9.790873873873874 ] ] ] } },
{ "type": "Feature", "properties": { "grid_id": "grid_44_20", "cell_number": 1208, "row": 44, "col": 20, "centroid_lat": 9.8359189189189191, "centroid_lon": 81.456029948497232, "minlat": 9.7908738738738741, "maxlat": 9.8809639639639641, "minlon": 81.410555121010063, "maxlon": 81.501504775984358, "area_km2": 99.33937764371278, "cell_type": "ocean" }, "geometry": { "type": "Polygon", "coordinates": [ [ [ 81.501504775984358, 9.790873873873874 ], [ 81.501504775984358, 9.880963963963964 ], [ 81.410555121010063, 9.880963963963964 ], [ 81.410555121010063, 9.790873873873874 ], [ 81.501504775984358, 9.790873873873874 ] ] ] } },
{ "type": "Feature", "properties": { "grid_id": "grid_44_21", "cell_number": 1209, "row": 44, "col": 21, "centroid_lat": 9.8359189189189191, "centroid_lon": 81.546979603471499, "minlat": 9.7908738738738741, "maxlat": 9.8809639639639641, "minlon": 81.501504775984358, "maxlon": 81.592454430958654, "area_km2": 99.342075188585767, "cell_type": "ocean" }, "geometry": { "type": "Polygon", "coordinates": [ [ [ 81.592454430958654, 9.790873873873874 ], [ 81.592454430958654, 9.880963963963964 ], [ 81.501504775984358, 9.880963963963964 ], [ 81.501504775984358, 9.790873873873874 ], [ 81.592454430958654, 9.790873873873874 ] ] ] } },
{ "type": "Feature", "properties": { "grid_id": "grid_44_22", "cell_number": 1210, "row": 44, "col": 22, "centroid_lat": 9.8359189189189191, "centroid_lon": 81.63792925844578, "minlat": 9.7908738738738741, "maxlat": 9.8809639639639641, "minlon": 81.592454430958639, "maxlon": 81.683404085932935, "area_km2": 99.345262067029381, "cell_type": "ocean" }, "geometry": { "type": "Polygon", "coordinates": [ [ [ 81.683404085932935, 9.790873873873874 ], [ 81.683404085932935, 9.880963963963964 ], [ 81.592454430958639, 9.880963963963964 ], [ 81.592454430958639, 9.790873873873874 ], [ 81.683404085932935, 9.790873873873874 ] ] ] } },
{ "type": "Feature", "properties": { "grid_id": "grid_44_23", "cell_number": 1211, "row": 44, "col": 23, "centroid_lat": 9.8359189189189191, "centroid_lon": 81.72887891342009, "minlat": 9.7908738738738741, "maxlat": 9.8809639639639641, "minlon": 81.683404085932935, "maxlon": 81.77435374090723, "area_km2": 99.348938341060133, "cell_type": "ocean" }, "geometry": { "type": "Polygon", "coordinates": [ [ [ 81.77435374090723, 9.790873873873874 ], [ 81.77435374090723, 9.880963963963964 ], [ 81.683404085932935, 9.880963963963964 ], [ 81.683404085932935, 9.790873873873874 ], [ 81.77435374090723, 9.790873873873874 ] ] ] } },
{ "type": "Feature", "properties": { "grid_id": "grid_44_24", "cell_number": 1212, "row": 44, "col": 24, "centroid_lat": 9.8359189189189191, "centroid_lon": 81.819828568394371, "minlat": 9.7908738738738741, "maxlat": 9.8809639639639641, "minlon": 81.77435374090723, "maxlon": 81.865303395881526, "area_km2": 99.353104082171271, "cell_type": "ocean" }, "geometry": { "type": "Polygon", "coordinates": [ [ [ 81.865303395881526, 9.790873873873874 ], [ 81.865303395881526, 9.880963963963964 ], [ 81.77435374090723, 9.880963963963964 ], [ 81.77435374090723, 9.790873873873874 ], [ 81.865303395881526, 9.790873873873874 ] ] ] } },
{ "type": "Feature", "properties": { "grid_id": "grid_44_25", "cell_number": 1213, "row": 44, "col": 25, "centroid_lat": 9.8359189189189191, "centroid_lon": 81.910778223368695, "minlat": 9.7908738738738741, "maxlat": 9.8809639639639641, "minlon": 81.865303395881526, "maxlon": 81.956253050855821, "area_km2": 99.357759371483198, "cell_type": "ocean" }, "geometry": { "type": "Polygon", "coordinates": [ [ [ 81.956253050855821, 9.790873873873874 ], [ 81.956253050855821, 9.880963963963964 ], [ 81.865303395881526, 9.880963963963964 ], [ 81.865303395881526, 9.790873873873874 ], [ 81.956253050855821, 9.790873873873874 ] ] ] } },
{ "type": "Feature", "properties": { "grid_id": "grid_44_26", "cell_number": 1214, "row": 44, "col": 26, "centroid_lat": 9.8359189189189191, "centroid_lon": 82.001727878342962, "minlat": 9.7908738738738741, "maxlat": 9.8809639639639641, "minlon": 81.956253050855821, "maxlon": 82.047202705830117, "area_km2": 99.362904299600572, "cell_type": "ocean" }, "geometry": { "type": "Polygon", "coordinates": [ [ [ 82.047202705830117, 9.790873873873874 ], [ 82.047202705830117, 9.880963963963964 ], [ 81.956253050855821, 9.880963963963964 ], [ 81.956253050855821, 9.790873873873874 ], [ 82.047202705830117, 9.790873873873874 ] ] ] } },
{ "type": "Feature", "properties": { "grid_id": "grid_45_0", "cell_number": 1215, "row": 45, "col": 0, "centroid_lat": 9.9260090090090092, "centroid_lon": 79.637036849011366, "minlat": 9.8809639639639641, "maxlat": 9.9710540540540542, "minlon": 79.591562021524211, "maxlon": 79.682511676498507, "area_km2": 99.361635538230871, "cell_type": "ocean" }, "geometry": { "type": "Polygon", "coordinates": [ [ [ 79.682511676498507, 9.880963963963964 ], [ 79.682511676498507, 9.971054054054054 ], [ 79.591562021524211, 9.971054054054054 ], [ 79.591562021524211, 9.880963963963964 ], [ 79.682511676498507, 9.880963963963964 ] ] ] } },
{ "type": "Feature", "properties": { "grid_id": "grid_45_1", "cell_number": 1216, "row": 45, "col": 1, "centroid_lat": 9.9260090090090092, "centroid_lon": 79.727986503985662, "minlat": 9.8809639639639641, "maxlat": 9.9710540540540542, "minlon": 79.682511676498507, "maxlon": 79.773461331472802, "area_km2": 99.354550575602289, "cell_type": "ocean" }, "geometry": { "type": "Polygon", "coordinates": [ [ [ 79.773461331472802, 9.880963963963964 ], [ 79.773461331472802, 9.971054054054054 ], [ 79.682511676498507, 9.971054054054054 ], [ 79.682511676498507, 9.880963963963964 ], [ 79.773461331472802, 9.880963963963964 ] ] ] } },
{ "type": "Feature", "properties": { "grid_id": "grid_45_2", "cell_number": 1217, "row": 45, "col": 2, "centroid_lat": 9.9260090090090092, "centroid_lon": 79.818936158959943, "minlat": 9.8809639639639641, "maxlat": 9.9710540540540542, "minlon": 79.773461331472802, "maxlon": 79.864410986447098, "area_km2": 99.347955304277605, "cell_type": "ocean" }, "geometry": { "type": "Polygon", "coordinates": [ [ [ 79.864410986447098, 9.880963963963964 ], [ 79.864410986447098, 9.971054054054054 ], [ 79.773461331472802, 9.971054054054054 ], [ 79.773461331472802, 9.880963963963964 ], [ 79.864410986447098, 9.880963963963964 ] ] ] } },
{ "type": "Feature", "properties": { "grid_id": "grid_45_3", "cell_number": 1218, "row": 45, "col": 3, "centroid_lat": 9.9260090090090092, "centroid_lon": 79.909885813934224, "minlat": 9.8809639639639641, "maxlat": 9.9710540540540542, "minlon": 79.864410986447083, "maxlon": 79.955360641421379, "area_km2": 99.341849595923662, "cell_type": "ocean" }, "geometry": { "type": "Polygon", "coordinates": [ [ [ 79.955360641421379, 9.880963963963964 ], [ 79.955360641421379, 9.971054054054054 ], [ 79.864410986447083, 9.971054054054054 ], [ 79.864410986447083, 9.880963963963964 ], [ 79.955360641421379, 9.880963963963964 ] ] ] } },
{ "type": "Feature", "properties": { "grid_id": "grid_45_4", "cell_number": 1219, "row": 45, "col": 4, "centroid_lat": 9.9260090090090092, "centroid_lon": 80.000835468908519, "minlat": 9.8809639639639641, "maxlat": 9.9710540540540542, "minlon": 79.955360641421379, "maxlon": 80.046310296395674, "area_km2": 99.336233331819471, "cell_type": "ocean" }, "geometry": { "type": "Polygon", "coordinates": [ [ [ 80.046310296395674, 9.880963963963964 ], [ 80.046310296395674, 9.971054054054054 ], [ 79.955360641421379, 9.971054054054054 ], [ 79.955360641421379, 9.880963963963964 ], [ 80.046310296395674, 9.880963963963964 ] ] ] } },
{ "type": "Feature", "properties": { "grid_id": "grid_45_5", "cell_number": 1220, "row": 45, "col": 5, "centroid_lat": 9.9260090090090092, "centroid_lon": 80.091785123882829, "minlat": 9.8809639639639641, "maxlat": 9.9710540540540542, "minlon": 80.046310296395674, "maxlon": 80.13725995136997, "area_km2": 99.331106402737191, "cell_type": "ocean" }, "geometry": { "type": "Polygon", "coordinates": [ [ [ 80.13725995136997, 9.880963963963964 ], [ 80.13725995136997, 9.971054054054054 ], [ 80.046310296395674, 9.971054054054054 ], [ 80.046310296395674, 9.880963963963964 ], [ 80.13725995136997, 9.880963963963964 ] ] ] } },
{ "type": "Feature", "properties": { "grid_id": "grid_45_6", "cell_number": 1221, "row": 45, "col": 6, "centroid_lat": 9.9260090090090092, "centroid_lon": 80.18273477885711, "minlat": 9.8809639639639641, "maxlat": 9.9710540540540542, "minlon": 80.13725995136997, "maxlon": 80.228209606344265, "area_km2": 99.326468708925162, "cell_type": "ocean" }, "geometry": { "type": "Polygon", "coordinates": [ [ [ 80.228209606344265, 9.880963963963964 ], [ 80.228209606344265, 9.971054054054054 ], [ 80.13725995136997, 9.971054054054054 ], [ 80.13725995136997, 9.880963963963964 ], [ 80.228209606344265, 9.880963963963964 ] ] ] } },
{ "type": "Feature", "properties": { "grid_id": "grid_45_7", "cell_number": 1222, "row": 45, "col": 7, "centroid_lat": 9.9260090090090092, "centroid_lon": 80.273684433831406, "minlat": 9.8809639639639641, "maxlat": 9.9710540540540542, "minlon": 80.228209606344265, "maxlon": 80.319159261318561, "area_km2": 99.322320160236927, "cell_type": "ocean" }, "geometry": { "type": "Polygon", "coordinates": [ [ [ 80.319159261318561, 9.880963963963964 ], [ 80.319159261318561, 9.971054054054054 ], [ 80.228209606344265, 9.971054054054054 ], [ 80.228209606344265, 9.880963963963964 ], [ 80.319159261318561, 9.880963963963964 ] ] ] } },
{ "type": "Feature", "properties": { "grid_id": "grid_45_8", "cell_number": 1223, "row": 45, "col": 8, "centroid_lat": 9.9260090090090092, "centroid_lon": 80.364634088805687, "minlat": 9.8809639639639641, "maxlat": 9.9710540540540542, "minlon": 80.319159261318546, "maxlon": 80.410108916292842, "area_km2": 99.318660676007667, "cell_type": "ocean" }, "geometry": { "type": "Polygon", "coordinates": [ [ [ 80.410108916292842, 9.880963963963964 ], [ 80.410108916292842, 9.971054054054054 ], [ 80.319159261318546, 9.971054054054054 ], [ 80.319159261318546, 9.880963963963964 ], [ 80.410108916292842, 9.880963963963964 ] ] ] } },
{ "type": "Feature", "properties": { "grid_id": "grid_45_9", "cell_number": 1224, "row": 45, "col": 9, "centroid_lat": 9.9260090090090092, "centroid_lon": 80.455583743779982, "minlat": 9.8809639639639641, "maxlat": 9.9710540540540542, "minlon": 80.410108916292842, "maxlon": 80.501058571267137, "area_km2": 99.315490185039351, "cell_type": "ocean" }, "geometry": { "type": "Polygon", "coordinates": [ [ [ 80.501058571267137, 9.880963963963964 ], [ 80.501058571267137, 9.971054054054054 ], [ 80.410108916292842, 9.971054054054054 ], [ 80.410108916292842, 9.880963963963964 ], [ 80.501058571267137, 9.880963963963964 ] ] ] } },
{ "type": "Feature", "properties": { "grid_id": "grid_45_10", "cell_number": 1225, "row": 45, "col": 10, "centroid_lat": 9.9260090090090092, "centroid_lon": 80.546533398754292, "minlat": 9.8809639639639641, "maxlat": 9.9710540540540542, "minlon": 80.501058571267137, "maxlon": 80.592008226241433, "area_km2": 99.312808625730867, "cell_type": "ocean" }, "geometry": { "type": "Polygon", "coordinates": [ [ [ 80.592008226241433, 9.880963963963964 ], [ 80.592008226241433, 9.971054054054054 ], [ 80.501058571267137, 9.971054054054054 ], [ 80.501058571267137, 9.880963963963964 ], [ 80.592008226241433, 9.880963963963964 ] ] ] } },
{ "type": "Feature", "properties": { "grid_id": "grid_45_11", "cell_number": 1226, "row": 45, "col": 11, "centroid_lat": 9.9260090090090092, "centroid_lon": 80.637483053728573, "minlat": 9.8809639639639641, "maxlat": 9.9710540540540542, "minlon": 80.592008226241433, "maxlon": 80.682957881215728, "area_km2": 99.310615945948683, "cell_type": "ocean" }, "geometry": { "type": "Polygon", "coordinates": [ [ [ 80.682957881215728, 9.880963963963964 ], [ 80.682957881215728, 9.971054054054054 ], [ 80.592008226241433, 9.971054054054054 ], [ 80.592008226241433, 9.880963963963964 ], [ 80.682957881215728, 9.880963963963964 ] ] ] } },
{ "type": "Feature", "properties": { "grid_id": "grid_45_12", "cell_number": 1227, "row": 45, "col": 12, "centroid_lat": 9.9260090090090092, "centroid_lon": 80.728432708702854, "minlat": 9.8809639639639641, "maxlat": 9.9710540540540542, "minlon": 80.682957881215714, "maxlon": 80.773907536190009, "area_km2": 99.308912103018443, "cell_type": "ocean" }, "geometry": { "type": "Polygon", "coordinates": [ [ [ 80.773907536190009, 9.880963963963964 ], [ 80.773907536190009, 9.971054054054054 ], [ 80.682957881215714, 9.971054054054054 ], [ 80.682957881215714, 9.880963963963964 ], [ 80.773907536190009, 9.880963963963964 ] ] ] } },
{ "type": "Feature", "properties": { "grid_id": "grid_45_13", "cell_number": 1228, "row": 45, "col": 13, "centroid_lat": 9.9260090090090092, "centroid_lon": 80.819382363677164, "minlat": 9.8809639639639641, "maxlat": 9.9710540540540542, "minlon": 80.773907536190009, "maxlon": 80.864857191164305, "area_km2": 99.307697063858782, "cell_type": "ocean" }, "geometry": { "type": "Polygon", "coordinates": [ [ [ 80.864857191164305, 9.880963963963964 ], [ 80.864857191164305, 9.971054054054054 ], [ 80.773907536190009, 9.971054054054054 ], [ 80.773907536190009, 9.880963963963964 ], [ 80.864857191164305, 9.880963963963964 ] ] ] } },
{ "type": "Feature", "properties": { "grid_id": "grid_45_14", "cell_number": 1229, "row": 45, "col": 14, "centroid_lat": 9.9260090090090092, "centroid_lon": 80.910332018651459, "minlat": 9.8809639639639641, "maxlat": 9.9710540540540542, "minlon": 80.864857191164305, "maxlon": 80.9558068461386, "area_km2": 99.306970804850721, "cell_type": "ocean" }, "geometry": { "type": "Polygon", "coordinates": [ [ [ 80.9558068461386, 9.880963963963964 ], [ 80.9558068461386, 9.971054054054054 ], [ 80.864857191164305, 9.971054054054054 ], [ 80.864857191164305, 9.880963963963964 ], [ 80.9558068461386, 9.880963963963964 ] ] ] } },
{ "type": "Feature", "properties": { "grid_id": "grid_45_15", "cell_number": 1230, "row": 45, "col": 15, "centroid_lat": 9.9260090090090092, "centroid_lon": 81.001281673625741, "minlat": 9.8809639639639641, "maxlat": 9.9710540540540542, "minlon": 80.9558068461386, "maxlon": 81.046756501112895, "area_km2": 99.306733311834336, "cell_type": "ocean" }, "geometry": { "type": "Polygon", "coordinates": [ [ [ 81.046756501112895, 9.880963963963964 ], [ 81.046756501112895, 9.971054054054054 ], [ 80.9558068461386, 9.971054054054054 ], [ 80.9558068461386, 9.880963963963964 ], [ 81.046756501112895, 9.880963963963964 ] ] ] } },
{ "type": "Feature", "properties": { "grid_id": "grid_45_16", "cell_number": 1231, "row": 45, "col": 16, "centroid_lat": 9.9260090090090092, "centroid_lon": 81.09223132860005, "minlat": 9.8809639639639641, "maxlat": 9.9710540540540542, "minlon": 81.046756501112895, "maxlon": 81.137706156087191, "area_km2": 99.30698458023231, "cell_type": "ocean" }, "geometry": { "type": "Polygon", "coordinates": [ [ [ 81.137706156087191, 9.880963963963964 ], [ 81.137706156087191, 9.971054054054054 ], [ 81.046756501112895, 9.971054054054054 ], [ 81.046756501112895, 9.880963963963964 ], [ 81.137706156087191, 9.880963963963964 ] ] ] } },
{ "type": "Feature", "properties": { "grid_id": "grid_45_17", "cell_number": 1232, "row": 45, "col": 17, "centroid_lat": 9.9260090090090092, "centroid_lon": 81.183180983574317, "minlat": 9.8809639639639641, "maxlat": 9.9710540540540542, "minlon": 81.137706156087177, "maxlon": 81.228655811061472, "area_km2": 99.307724614929825, "cell_type": "ocean" }, "geometry": { "type": "Polygon", "coordinates": [ [ [ 81.228655811061472, 9.880963963963964 ], [ 81.228655811061472, 9.971054054054054 ], [ 81.137706156087177, 9.971054054054054 ], [ 81.137706156087177, 9.880963963963964 ], [ 81.228655811061472, 9.880963963963964 ] ] ] } },
{ "type": "Feature", "properties": { "grid_id": "grid_45_18", "cell_number": 1233, "row": 45, "col": 18, "centroid_lat": 9.9260090090090092, "centroid_lon": 81.274130638548613, "minlat": 9.8809639639639641, "maxlat": 9.9710540540540542, "minlon": 81.228655811061472, "maxlon": 81.319605466035767, "area_km2": 99.308953430269256, "cell_type": "ocean" }, "geometry": { "type": "Polygon", "coordinates": [ [ [ 81.319605466035767, 9.880963963963964 ], [ 81.319605466035767, 9.971054054054054 ], [ 81.228655811061472, 9.971054054054054 ], [ 81.228655811061472, 9.880963963963964 ], [ 81.319605466035767, 9.880963963963964 ] ] ] } },
{ "type": "Feature", "properties": { "grid_id": "grid_45_19", "cell_number": 1234, "row": 45, "col": 19, "centroid_lat": 9.9260090090090092, "centroid_lon": 81.365080293522922, "minlat": 9.8809639639639641, "maxlat": 9.9710540540540542, "minlon": 81.319605466035767, "maxlon": 81.410555121010063, "area_km2": 99.310671050183558, "cell_type": "ocean" }, "geometry": { "type": "Polygon", "coordinates": [ [ [ 81.410555121010063, 9.880963963963964 ], [ 81.410555121010063, 9.971054054054054 ], [ 81.319605466035767, 9.971054054054054 ], [ 81.319605466035767, 9.880963963963964 ], [ 81.410555121010063, 9.880963963963964 ] ] ] } },
{ "type": "Feature", "properties": { "grid_id": "grid_45_20", "cell_number": 1235, "row": 45, "col": 20, "centroid_lat": 9.9260090090090092, "centroid_lon": 81.456029948497232, "minlat": 9.8809639639639641, "maxlat": 9.9710540540540542, "minlon": 81.410555121010063, "maxlon": 81.501504775984358, "area_km2": 99.312877508064119, "cell_type": "ocean" }, "geometry": { "type": "Polygon", "coordinates": [ [ [ 81.501504775984358, 9.880963963963964 ], [ 81.501504775984358, 9.971054054054054 ], [ 81.410555121010063, 9.971054054054054 ], [ 81.410555121010063, 9.880963963963964 ], [ 81.501504775984358, 9.880963963963964 ] ] ] } },
{ "type": "Feature", "properties": { "grid_id": "grid_45_21", "cell_number": 1236, "row": 45, "col": 21, "centroid_lat": 9.9260090090090092, "centroid_lon": 81.546979603471499, "minlat": 9.8809639639639641, "maxlat": 9.9710540540540542, "minlon": 81.501504775984358, "maxlon": 81.592454430958654, "area_km2": 99.315572846769143, "cell_type": "ocean" }, "geometry": { "type": "Polygon", "coordinates": [ [ [ 81.592454430958654, 9.880963963963964 ], [ 81.592454430958654, 9.971054054054054 ], [ 81.501504775984358, 9.971054054054054 ], [ 81.501504775984358, 9.880963963963964 ], [ 81.592454430958654, 9.880963963963964 ] ] ] } },
{ "type": "Feature", "properties": { "grid_id": "grid_45_22", "cell_number": 1237, "row": 45, "col": 22, "centroid_lat": 9.9260090090090092, "centroid_lon": 81.63792925844578, "minlat": 9.8809639639639641, "maxlat": 9.9710540540540542, "minlon": 81.592454430958639, "maxlon": 81.683404085932935, "area_km2": 99.318757118739327, "cell_type": "ocean" }, "geometry": { "type": "Polygon", "coordinates": [ [ [ 81.683404085932935, 9.880963963963964 ], [ 81.683404085932935, 9.971054054054054 ], [ 81.592454430958639, 9.971054054054054 ], [ 81.592454430958639, 9.880963963963964 ], [ 81.683404085932935, 9.880963963963964 ] ] ] } },
{ "type": "Feature", "properties": { "grid_id": "grid_45_23", "cell_number": 1238, "row": 45, "col": 23, "centroid_lat": 9.9260090090090092, "centroid_lon": 81.72887891342009, "minlat": 9.8809639639639641, "maxlat": 9.9710540540540542, "minlon": 81.683404085932935, "maxlon": 81.77435374090723, "area_km2": 99.322430385889589, "cell_type": "ocean" }, "geometry": { "type": "Polygon", "coordinates": [ [ [ 81.77435374090723, 9.880963963963964 ], [ 81.77435374090723, 9.971054054054054 ], [ 81.683404085932935, 9.971054054054054 ], [ 81.683404085932935, 9.880963963963964 ], [ 81.77435374090723, 9.880963963963964 ] ] ] } },
{ "type": "Feature", "properties": { "grid_id": "grid_45_24", "cell_number": 1239, "row": 45, "col": 24, "centroid_lat": 9.9260090090090092, "centroid_lon": 81.819828568394371, "minlat": 9.8809639639639641, "maxlat": 9.9710540540540542, "minlon": 81.77435374090723, "maxlon": 81.865303395881526, "area_km2": 99.326592719598025, "cell_type": "ocean" }, "geometry": { "type": "Polygon", "coordinates": [ [ [ 81.865303395881526, 9.880963963963964 ], [ 81.865303395881526, 9.971054054054054 ], [ 81.77435374090723, 9.971054054054054 ], [ 81.77435374090723, 9.880963963963964 ], [ 81.865303395881526, 9.880963963963964 ] ] ] } },
{ "type": "Feature", "properties": { "grid_id": "grid_45_25", "cell_number": 1240, "row": 45, "col": 25, "centroid_lat": 9.9260090090090092, "centroid_lon": 81.910778223368695, "minlat": 9.8809639639639641, "maxlat": 9.9710540540540542, "minlon": 81.865303395881526, "maxlon": 81.956253050855821, "area_km2": 99.331244200846797, "cell_type": "ocean" }, "geometry": { "type": "Polygon", "coordinates": [ [ [ 81.956253050855821, 9.880963963963964 ], [ 81.956253050855821, 9.971054054054054 ], [ 81.865303395881526, 9.971054054054054 ], [ 81.865303395881526, 9.880963963963964 ], [ 81.956253050855821, 9.880963963963964 ] ] ] } },
{ "type": "Feature", "properties": { "grid_id": "grid_45_26", "cell_number": 1241, "row": 45, "col": 26, "centroid_lat": 9.9260090090090092, "centroid_lon": 82.001727878342962, "minlat": 9.8809639639639641, "maxlat": 9.9710540540540542, "minlon": 81.956253050855821, "maxlon": 82.047202705830117, "area_km2": 99.336384920085692, "cell_type": "ocean" }, "geometry": { "type": "Polygon", "coordinates": [ [ [ 82.047202705830117, 9.880963963963964 ], [ 82.047202705830117, 9.971054054054054 ], [ 81.956253050855821, 9.971054054054054 ], [ 81.956253050855821, 9.880963963963964 ], [ 82.047202705830117, 9.880963963963964 ] ] ] } }
]
}
